channel,date,is_release,hour,messages
#ubuntu,2013-01-03,False,0,198
#ubuntu,2013-01-03,False,1,210
#ubuntu,2013-01-03,False,2,189
#ubuntu,2013-01-03,False,3,178
#ubuntu,2013-01-03,False,4,184
#ubuntu,2013-01-03,False,5,296
#ubuntu,2013-01-03,False,6,299
#ubuntu,2013-01-03,False,7,304
#ubuntu,2013-01-03,False,8,208
#ubuntu,2013-01-03,False,9,176
#ubuntu,2013-01-03,False,10,190
#ubuntu,2013-01-03,False,11,204
#ubuntu,2013-01-03,False,12,143
#ubuntu,2013-01-03,False,13,195
#ubuntu,2013-01-03,False,14,121
#ubuntu,2013-01-03,False,15,277
#ubuntu,2013-01-03,False,16,161
#ubuntu,2013-01-03,False,17,237
#ubuntu,2013-01-03,False,18,237
#ubuntu,2013-01-03,False,19,259
#ubuntu,2013-01-03,False,20,187
#ubuntu,2013-01-03,False,21,233
#ubuntu,2013-01-03,False,22,293
#ubuntu,2013-01-03,False,23,202
#ubuntu,2013-01-10,False,0,186
#ubuntu,2013-01-10,False,1,124
#ubuntu,2013-01-10,False,2,192
#ubuntu,2013-01-10,False,3,195
#ubuntu,2013-01-10,False,4,249
#ubuntu,2013-01-10,False,5,269
#ubuntu,2013-01-10,False,6,260
#ubuntu,2013-01-10,False,7,294
#ubuntu,2013-01-10,False,8,121
#ubuntu,2013-01-10,False,9,127
#ubuntu,2013-01-10,False,10,227
#ubuntu,2013-01-10,False,11,191
#ubuntu,2013-01-10,False,12,137
#ubuntu,2013-01-10,False,13,146
#ubuntu,2013-01-10,False,14,231
#ubuntu,2013-01-10,False,15,193
#ubuntu,2013-01-10,False,16,244
#ubuntu,2013-01-10,False,17,150
#ubuntu,2013-01-10,False,18,246
#ubuntu,2013-01-10,False,19,301
#ubuntu,2013-01-10,False,20,239
#ubuntu,2013-01-10,False,21,201
#ubuntu,2013-01-10,False,22,243
#ubuntu,2013-01-10,False,23,243
#ubuntu,2013-01-17,False,0,324
#ubuntu,2013-01-17,False,1,246
#ubuntu,2013-01-17,False,2,222
#ubuntu,2013-01-17,False,3,180
#ubuntu,2013-01-17,False,4,147
#ubuntu,2013-01-17,False,5,171
#ubuntu,2013-01-17,False,6,262
#ubuntu,2013-01-17,False,7,112
#ubuntu,2013-01-17,False,8,60
#ubuntu,2013-01-17,False,9,74
#ubuntu,2013-01-17,False,10,163
#ubuntu,2013-01-17,False,11,106
#ubuntu,2013-01-17,False,12,130
#ubuntu,2013-01-17,False,13,201
#ubuntu,2013-01-17,False,14,208
#ubuntu,2013-01-17,False,15,180
#ubuntu,2013-01-17,False,16,220
#ubuntu,2013-01-17,False,17,196
#ubuntu,2013-01-17,False,18,265
#ubuntu,2013-01-17,False,19,206
#ubuntu,2013-01-17,False,20,119
#ubuntu,2013-01-17,False,21,151
#ubuntu,2013-01-17,False,22,193
#ubuntu,2013-01-17,False,23,117
#ubuntu,2013-01-24,False,0,179
#ubuntu,2013-01-24,False,1,232
#ubuntu,2013-01-24,False,2,59
#ubuntu,2013-01-24,False,3,227
#ubuntu,2013-01-24,False,4,136
#ubuntu,2013-01-24,False,5,168
#ubuntu,2013-01-24,False,6,86
#ubuntu,2013-01-24,False,7,127
#ubuntu,2013-01-24,False,8,278
#ubuntu,2013-01-24,False,9,477
#ubuntu,2013-01-24,False,10,226
#ubuntu,2013-01-24,False,11,127
#ubuntu,2013-01-24,False,12,203
#ubuntu,2013-01-24,False,13,274
#ubuntu,2013-01-24,False,14,255
#ubuntu,2013-01-24,False,15,204
#ubuntu,2013-01-24,False,16,241
#ubuntu,2013-01-24,False,17,262
#ubuntu,2013-01-24,False,18,256
#ubuntu,2013-01-24,False,19,179
#ubuntu,2013-01-24,False,20,310
#ubuntu,2013-01-24,False,21,170
#ubuntu,2013-01-24,False,22,158
#ubuntu,2013-01-24,False,23,182
#ubuntu,2013-01-31,False,0,233
#ubuntu,2013-01-31,False,1,117
#ubuntu,2013-01-31,False,2,187
#ubuntu,2013-01-31,False,3,202
#ubuntu,2013-01-31,False,4,253
#ubuntu,2013-01-31,False,5,299
#ubuntu,2013-01-31,False,6,149
#ubuntu,2013-01-31,False,7,106
#ubuntu,2013-01-31,False,8,206
#ubuntu,2013-01-31,False,9,42
#ubuntu,2013-01-31,False,10,120
#ubuntu,2013-01-31,False,11,74
#ubuntu,2013-01-31,False,12,146
#ubuntu,2013-01-31,False,13,144
#ubuntu,2013-01-31,False,14,109
#ubuntu,2013-01-31,False,15,156
#ubuntu,2013-01-31,False,16,148
#ubuntu,2013-01-31,False,17,95
#ubuntu,2013-01-31,False,18,138
#ubuntu,2013-01-31,False,19,127
#ubuntu,2013-01-31,False,20,83
#ubuntu,2013-01-31,False,21,155
#ubuntu,2013-01-31,False,22,191
#ubuntu,2013-01-31,False,23,171
#ubuntu,2013-02-07,False,0,306
#ubuntu,2013-02-07,False,1,359
#ubuntu,2013-02-07,False,2,252
#ubuntu,2013-02-07,False,3,189
#ubuntu,2013-02-07,False,4,328
#ubuntu,2013-02-07,False,5,169
#ubuntu,2013-02-07,False,6,236
#ubuntu,2013-02-07,False,7,120
#ubuntu,2013-02-07,False,8,145
#ubuntu,2013-02-07,False,9,252
#ubuntu,2013-02-07,False,10,414
#ubuntu,2013-02-07,False,11,352
#ubuntu,2013-02-07,False,12,302
#ubuntu,2013-02-07,False,13,145
#ubuntu,2013-02-07,False,14,157
#ubuntu,2013-02-07,False,15,155
#ubuntu,2013-02-07,False,16,150
#ubuntu,2013-02-07,False,17,231
#ubuntu,2013-02-07,False,18,238
#ubuntu,2013-02-07,False,19,99
#ubuntu,2013-02-07,False,20,79
#ubuntu,2013-02-07,False,21,244
#ubuntu,2013-02-07,False,22,205
#ubuntu,2013-02-07,False,23,247
#ubuntu,2013-02-14,False,0,168
#ubuntu,2013-02-14,False,1,123
#ubuntu,2013-02-14,False,2,145
#ubuntu,2013-02-14,False,3,86
#ubuntu,2013-02-14,False,4,195
#ubuntu,2013-02-14,False,5,237
#ubuntu,2013-02-14,False,6,159
#ubuntu,2013-02-14,False,7,131
#ubuntu,2013-02-14,False,8,121
#ubuntu,2013-02-14,False,9,166
#ubuntu,2013-02-14,False,10,128
#ubuntu,2013-02-14,False,11,133
#ubuntu,2013-02-14,False,12,129
#ubuntu,2013-02-14,False,13,204
#ubuntu,2013-02-14,False,14,207
#ubuntu,2013-02-14,False,15,260
#ubuntu,2013-02-14,False,16,209
#ubuntu,2013-02-14,False,17,264
#ubuntu,2013-02-14,False,18,211
#ubuntu,2013-02-14,False,19,145
#ubuntu,2013-02-14,False,20,105
#ubuntu,2013-02-14,False,21,149
#ubuntu,2013-02-14,False,22,244
#ubuntu,2013-02-14,False,23,164
#ubuntu,2013-02-21,False,0,144
#ubuntu,2013-02-21,False,1,270
#ubuntu,2013-02-21,False,2,235
#ubuntu,2013-02-21,False,3,239
#ubuntu,2013-02-21,False,4,278
#ubuntu,2013-02-21,False,5,344
#ubuntu,2013-02-21,False,6,392
#ubuntu,2013-02-21,False,7,200
#ubuntu,2013-02-21,False,8,127
#ubuntu,2013-02-21,False,9,134
#ubuntu,2013-02-21,False,10,78
#ubuntu,2013-02-21,False,11,109
#ubuntu,2013-02-21,False,12,115
#ubuntu,2013-02-21,False,13,102
#ubuntu,2013-02-21,False,14,126
#ubuntu,2013-02-21,False,15,69
#ubuntu,2013-02-21,False,16,154
#ubuntu,2013-02-21,False,17,207
#ubuntu,2013-02-21,False,18,278
#ubuntu,2013-02-21,False,19,296
#ubuntu,2013-02-21,False,20,404
#ubuntu,2013-02-21,False,21,262
#ubuntu,2013-02-21,False,22,146
#ubuntu,2013-02-21,False,23,125
#ubuntu,2013-02-28,False,0,85
#ubuntu,2013-02-28,False,1,63
#ubuntu,2013-02-28,False,2,276
#ubuntu,2013-02-28,False,3,213
#ubuntu,2013-02-28,False,4,239
#ubuntu,2013-02-28,False,5,163
#ubuntu,2013-02-28,False,6,65
#ubuntu,2013-02-28,False,7,190
#ubuntu,2013-02-28,False,8,279
#ubuntu,2013-02-28,False,9,150
#ubuntu,2013-02-28,False,10,184
#ubuntu,2013-02-28,False,11,161
#ubuntu,2013-02-28,False,12,240
#ubuntu,2013-02-28,False,13,150
#ubuntu,2013-02-28,False,14,227
#ubuntu,2013-02-28,False,15,307
#ubuntu,2013-02-28,False,16,405
#ubuntu,2013-02-28,False,17,138
#ubuntu,2013-02-28,False,18,155
#ubuntu,2013-02-28,False,19,186
#ubuntu,2013-02-28,False,20,311
#ubuntu,2013-02-28,False,21,171
#ubuntu,2013-02-28,False,22,126
#ubuntu,2013-02-28,False,23,187
#ubuntu,2013-03-07,False,0,279
#ubuntu,2013-03-07,False,1,228
#ubuntu,2013-03-07,False,2,144
#ubuntu,2013-03-07,False,3,255
#ubuntu,2013-03-07,False,4,193
#ubuntu,2013-03-07,False,5,358
#ubuntu,2013-03-07,False,6,356
#ubuntu,2013-03-07,False,7,244
#ubuntu,2013-03-07,False,8,250
#ubuntu,2013-03-07,False,9,223
#ubuntu,2013-03-07,False,10,289
#ubuntu,2013-03-07,False,11,150
#ubuntu,2013-03-07,False,12,189
#ubuntu,2013-03-07,False,13,154
#ubuntu,2013-03-07,False,14,216
#ubuntu,2013-03-07,False,15,139
#ubuntu,2013-03-07,False,16,177
#ubuntu,2013-03-07,False,17,178
#ubuntu,2013-03-07,False,18,246
#ubuntu,2013-03-07,False,19,264
#ubuntu,2013-03-07,False,20,119
#ubuntu,2013-03-07,False,21,259
#ubuntu,2013-03-07,False,22,150
#ubuntu,2013-03-07,False,23,137
#ubuntu,2013-03-14,False,0,69
#ubuntu,2013-03-14,False,1,114
#ubuntu,2013-03-14,False,2,80
#ubuntu,2013-03-14,False,3,151
#ubuntu,2013-03-14,False,4,36
#ubuntu,2013-03-14,False,5,157
#ubuntu,2013-03-14,False,6,145
#ubuntu,2013-03-14,False,7,117
#ubuntu,2013-03-14,False,8,123
#ubuntu,2013-03-14,False,9,214
#ubuntu,2013-03-14,False,10,83
#ubuntu,2013-03-14,False,11,144
#ubuntu,2013-03-14,False,12,107
#ubuntu,2013-03-14,False,13,91
#ubuntu,2013-03-14,False,14,121
#ubuntu,2013-03-14,False,15,81
#ubuntu,2013-03-14,False,16,184
#ubuntu,2013-03-14,False,17,160
#ubuntu,2013-03-14,False,18,189
#ubuntu,2013-03-14,False,19,160
#ubuntu,2013-03-14,False,20,182
#ubuntu,2013-03-14,False,21,148
#ubuntu,2013-03-14,False,22,142
#ubuntu,2013-03-14,False,23,236
#ubuntu,2013-03-21,False,0,107
#ubuntu,2013-03-21,False,1,223
#ubuntu,2013-03-21,False,2,203
#ubuntu,2013-03-21,False,3,123
#ubuntu,2013-03-21,False,4,149
#ubuntu,2013-03-21,False,5,37
#ubuntu,2013-03-21,False,6,97
#ubuntu,2013-03-21,False,7,201
#ubuntu,2013-03-21,False,8,214
#ubuntu,2013-03-21,False,9,124
#ubuntu,2013-03-21,False,10,147
#ubuntu,2013-03-21,False,11,102
#ubuntu,2013-03-21,False,12,102
#ubuntu,2013-03-21,False,13,147
#ubuntu,2013-03-21,False,14,186
#ubuntu,2013-03-21,False,15,210
#ubuntu,2013-03-21,False,16,149
#ubuntu,2013-03-21,False,17,176
#ubuntu,2013-03-21,False,18,195
#ubuntu,2013-03-21,False,19,145
#ubuntu,2013-03-21,False,20,95
#ubuntu,2013-03-21,False,21,138
#ubuntu,2013-03-21,False,22,121
#ubuntu,2013-03-21,False,23,93
#ubuntu,2013-04-11,False,0,278
#ubuntu,2013-04-11,False,1,106
#ubuntu,2013-04-11,False,2,101
#ubuntu,2013-04-11,False,3,159
#ubuntu,2013-04-11,False,4,138
#ubuntu,2013-04-11,False,5,94
#ubuntu,2013-04-11,False,6,176
#ubuntu,2013-04-11,False,7,140
#ubuntu,2013-04-11,False,8,138
#ubuntu,2013-04-11,False,9,117
#ubuntu,2013-04-11,False,10,83
#ubuntu,2013-04-11,False,11,237
#ubuntu,2013-04-11,False,12,150
#ubuntu,2013-04-11,False,13,176
#ubuntu,2013-04-11,False,14,179
#ubuntu,2013-04-11,False,15,140
#ubuntu,2013-04-11,False,16,155
#ubuntu,2013-04-11,False,17,193
#ubuntu,2013-04-11,False,18,192
#ubuntu,2013-04-11,False,19,276
#ubuntu,2013-04-11,False,20,227
#ubuntu,2013-04-11,False,21,207
#ubuntu,2013-04-11,False,22,195
#ubuntu,2013-04-11,False,23,138
#ubuntu,2013-04-18,False,0,100
#ubuntu,2013-04-18,False,1,197
#ubuntu,2013-04-18,False,2,224
#ubuntu,2013-04-18,False,3,218
#ubuntu,2013-04-18,False,4,93
#ubuntu,2013-04-18,False,5,93
#ubuntu,2013-04-18,False,6,174
#ubuntu,2013-04-18,False,7,91
#ubuntu,2013-04-18,False,8,168
#ubuntu,2013-04-18,False,9,241
#ubuntu,2013-04-18,False,10,141
#ubuntu,2013-04-18,False,11,189
#ubuntu,2013-04-18,False,12,60
#ubuntu,2013-04-18,False,13,48
#ubuntu,2013-04-18,False,14,135
#ubuntu,2013-04-18,False,15,107
#ubuntu,2013-04-18,False,16,212
#ubuntu,2013-04-18,False,17,161
#ubuntu,2013-04-18,False,18,151
#ubuntu,2013-04-18,False,19,119
#ubuntu,2013-04-18,False,20,157
#ubuntu,2013-04-18,False,21,119
#ubuntu,2013-04-18,False,22,160
#ubuntu,2013-04-18,False,23,106
#ubuntu,2013-04-25,True,0,155
#ubuntu,2013-04-25,True,1,295
#ubuntu,2013-04-25,True,2,160
#ubuntu,2013-04-25,True,3,196
#ubuntu,2013-04-25,True,4,99
#ubuntu,2013-04-25,True,5,160
#ubuntu,2013-04-25,True,6,154
#ubuntu,2013-04-25,True,7,169
#ubuntu,2013-04-25,True,8,135
#ubuntu,2013-04-25,True,9,54
#ubuntu,2013-04-25,True,10,177
#ubuntu,2013-04-25,True,11,231
#ubuntu,2013-04-25,True,12,219
#ubuntu,2013-04-25,True,13,228
#ubuntu,2013-04-25,True,14,230
#ubuntu,2013-04-25,True,15,239
#ubuntu,2013-04-25,True,16,255
#ubuntu,2013-04-25,True,17,366
#ubuntu,2013-04-25,True,18,183
#ubuntu,2013-04-25,True,19,242
#ubuntu,2013-04-25,True,20,210
#ubuntu,2013-04-25,True,21,307
#ubuntu,2013-04-25,True,22,310
#ubuntu,2013-04-25,True,23,194
#ubuntu,2013-05-02,False,0,147
#ubuntu,2013-05-02,False,1,107
#ubuntu,2013-05-02,False,2,267
#ubuntu,2013-05-02,False,3,246
#ubuntu,2013-05-02,False,4,166
#ubuntu,2013-05-02,False,5,189
#ubuntu,2013-05-02,False,6,24
#ubuntu,2013-05-02,False,7,105
#ubuntu,2013-05-02,False,8,99
#ubuntu,2013-05-02,False,9,206
#ubuntu,2013-05-02,False,10,270
#ubuntu,2013-05-02,False,11,347
#ubuntu,2013-05-02,False,12,317
#ubuntu,2013-05-02,False,13,296
#ubuntu,2013-05-02,False,14,276
#ubuntu,2013-05-02,False,15,143
#ubuntu,2013-05-02,False,16,110
#ubuntu,2013-05-02,False,17,233
#ubuntu,2013-05-02,False,18,236
#ubuntu,2013-05-02,False,19,231
#ubuntu,2013-05-02,False,20,160
#ubuntu,2013-05-02,False,21,185
#ubuntu,2013-05-02,False,22,121
#ubuntu,2013-05-02,False,23,231
#ubuntu,2013-05-09,False,0,71
#ubuntu,2013-05-09,False,1,123
#ubuntu,2013-05-09,False,2,180
#ubuntu,2013-05-09,False,3,128
#ubuntu,2013-05-09,False,4,154
#ubuntu,2013-05-09,False,5,133
#ubuntu,2013-05-09,False,6,71
#ubuntu,2013-05-09,False,7,132
#ubuntu,2013-05-09,False,8,104
#ubuntu,2013-05-09,False,9,95
#ubuntu,2013-05-09,False,10,88
#ubuntu,2013-05-09,False,11,78
#ubuntu,2013-05-09,False,12,87
#ubuntu,2013-05-09,False,13,186
#ubuntu,2013-05-09,False,14,343
#ubuntu,2013-05-09,False,15,74
#ubuntu,2013-05-09,False,16,136
#ubuntu,2013-05-09,False,17,128
#ubuntu,2013-05-09,False,18,200
#ubuntu,2013-05-09,False,19,381
#ubuntu,2013-05-09,False,20,130
#ubuntu,2013-05-09,False,21,133
#ubuntu,2013-05-09,False,22,231
#ubuntu,2013-05-09,False,23,162
#ubuntu,2013-05-16,False,0,213
#ubuntu,2013-05-16,False,1,156
#ubuntu,2013-05-16,False,2,241
#ubuntu,2013-05-16,False,3,257
#ubuntu,2013-05-16,False,4,227
#ubuntu,2013-05-16,False,5,131
#ubuntu,2013-05-16,False,6,166
#ubuntu,2013-05-16,False,7,64
#ubuntu,2013-05-16,False,8,135
#ubuntu,2013-05-16,False,9,112
#ubuntu,2013-05-16,False,10,168
#ubuntu,2013-05-16,False,11,172
#ubuntu,2013-05-16,False,12,157
#ubuntu,2013-05-16,False,13,308
#ubuntu,2013-05-16,False,14,220
#ubuntu,2013-05-16,False,15,112
#ubuntu,2013-05-16,False,16,237
#ubuntu,2013-05-16,False,17,178
#ubuntu,2013-05-16,False,18,149
#ubuntu,2013-05-16,False,19,134
#ubuntu,2013-05-16,False,20,116
#ubuntu,2013-05-16,False,21,136
#ubuntu,2013-05-16,False,22,281
#ubuntu,2013-05-16,False,23,220
#ubuntu,2013-05-23,False,0,280
#ubuntu,2013-05-23,False,1,100
#ubuntu,2013-05-23,False,2,121
#ubuntu,2013-05-23,False,3,194
#ubuntu,2013-05-23,False,4,117
#ubuntu,2013-05-23,False,5,136
#ubuntu,2013-05-23,False,6,72
#ubuntu,2013-05-23,False,7,106
#ubuntu,2013-05-23,False,8,245
#ubuntu,2013-05-23,False,9,230
#ubuntu,2013-05-23,False,10,92
#ubuntu,2013-05-23,False,11,82
#ubuntu,2013-05-23,False,12,80
#ubuntu,2013-05-23,False,13,108
#ubuntu,2013-05-23,False,14,194
#ubuntu,2013-05-23,False,15,178
#ubuntu,2013-05-23,False,16,210
#ubuntu,2013-05-23,False,17,250
#ubuntu,2013-05-23,False,18,172
#ubuntu,2013-05-23,False,19,172
#ubuntu,2013-05-23,False,20,143
#ubuntu,2013-05-23,False,21,228
#ubuntu,2013-05-23,False,22,205
#ubuntu,2013-05-23,False,23,164
#ubuntu,2013-05-30,False,0,228
#ubuntu,2013-05-30,False,1,150
#ubuntu,2013-05-30,False,2,220
#ubuntu,2013-05-30,False,3,266
#ubuntu,2013-05-30,False,4,257
#ubuntu,2013-05-30,False,5,247
#ubuntu,2013-05-30,False,6,240
#ubuntu,2013-05-30,False,7,287
#ubuntu,2013-05-30,False,8,316
#ubuntu,2013-05-30,False,9,275
#ubuntu,2013-05-30,False,10,104
#ubuntu,2013-05-30,False,11,117
#ubuntu,2013-05-30,False,12,168
#ubuntu,2013-05-30,False,13,234
#ubuntu,2013-05-30,False,14,146
#ubuntu,2013-05-30,False,15,171
#ubuntu,2013-05-30,False,16,152
#ubuntu,2013-05-30,False,17,206
#ubuntu,2013-05-30,False,18,210
#ubuntu,2013-05-30,False,19,147
#ubuntu,2013-05-30,False,20,117
#ubuntu,2013-05-30,False,21,356
#ubuntu,2013-05-30,False,22,329
#ubuntu,2013-05-30,False,23,233
#ubuntu,2013-06-06,False,0,125
#ubuntu,2013-06-06,False,1,107
#ubuntu,2013-06-06,False,2,82
#ubuntu,2013-06-06,False,3,49
#ubuntu,2013-06-06,False,4,18
#ubuntu,2013-06-06,False,5,115
#ubuntu,2013-06-06,False,6,66
#ubuntu,2013-06-06,False,7,49
#ubuntu,2013-06-06,False,8,144
#ubuntu,2013-06-06,False,9,220
#ubuntu,2013-06-06,False,10,178
#ubuntu,2013-06-06,False,11,131
#ubuntu,2013-06-06,False,12,341
#ubuntu,2013-06-06,False,13,234
#ubuntu,2013-06-06,False,14,264
#ubuntu,2013-06-06,False,15,332
#ubuntu,2013-06-06,False,16,258
#ubuntu,2013-06-06,False,17,256
#ubuntu,2013-06-06,False,18,171
#ubuntu,2013-06-06,False,19,118
#ubuntu,2013-06-06,False,20,217
#ubuntu,2013-06-06,False,21,218
#ubuntu,2013-06-06,False,22,205
#ubuntu,2013-06-06,False,23,136
#ubuntu,2013-06-13,False,0,180
#ubuntu,2013-06-13,False,1,198
#ubuntu,2013-06-13,False,2,128
#ubuntu,2013-06-13,False,3,193
#ubuntu,2013-06-13,False,4,51
#ubuntu,2013-06-13,False,5,130
#ubuntu,2013-06-13,False,6,135
#ubuntu,2013-06-13,False,7,105
#ubuntu,2013-06-13,False,8,133
#ubuntu,2013-06-13,False,9,211
#ubuntu,2013-06-13,False,10,103
#ubuntu,2013-06-13,False,11,87
#ubuntu,2013-06-13,False,12,147
#ubuntu,2013-06-13,False,13,98
#ubuntu,2013-06-13,False,14,148
#ubuntu,2013-06-13,False,15,95
#ubuntu,2013-06-13,False,16,224
#ubuntu,2013-06-13,False,17,286
#ubuntu,2013-06-13,False,18,199
#ubuntu,2013-06-13,False,19,171
#ubuntu,2013-06-13,False,20,196
#ubuntu,2013-06-13,False,21,161
#ubuntu,2013-06-13,False,22,93
#ubuntu,2013-06-13,False,23,97
#ubuntu,2013-06-20,False,0,131
#ubuntu,2013-06-20,False,1,239
#ubuntu,2013-06-20,False,2,135
#ubuntu,2013-06-20,False,3,100
#ubuntu,2013-06-20,False,4,246
#ubuntu,2013-06-20,False,5,115
#ubuntu,2013-06-20,False,6,86
#ubuntu,2013-06-20,False,7,192
#ubuntu,2013-06-20,False,8,56
#ubuntu,2013-06-20,False,9,112
#ubuntu,2013-06-20,False,10,108
#ubuntu,2013-06-20,False,11,112
#ubuntu,2013-06-20,False,12,84
#ubuntu,2013-06-20,False,13,128
#ubuntu,2013-06-20,False,14,233
#ubuntu,2013-06-20,False,15,133
#ubuntu,2013-06-20,False,16,249
#ubuntu,2013-06-20,False,17,345
#ubuntu,2013-06-20,False,18,213
#ubuntu,2013-06-20,False,19,264
#ubuntu,2013-06-20,False,20,248
#ubuntu,2013-06-20,False,21,267
#ubuntu,2013-06-20,False,22,178
#ubuntu,2013-06-20,False,23,202
#ubuntu,2013-06-27,False,0,119
#ubuntu,2013-06-27,False,1,161
#ubuntu,2013-06-27,False,2,66
#ubuntu,2013-06-27,False,3,66
#ubuntu,2013-06-27,False,4,53
#ubuntu,2013-06-27,False,5,199
#ubuntu,2013-06-27,False,6,151
#ubuntu,2013-06-27,False,7,155
#ubuntu,2013-06-27,False,8,112
#ubuntu,2013-06-27,False,9,140
#ubuntu,2013-06-27,False,10,230
#ubuntu,2013-06-27,False,11,258
#ubuntu,2013-06-27,False,12,95
#ubuntu,2013-06-27,False,13,287
#ubuntu,2013-06-27,False,14,146
#ubuntu,2013-06-27,False,15,116
#ubuntu,2013-06-27,False,16,187
#ubuntu,2013-06-27,False,17,191
#ubuntu,2013-06-27,False,18,197
#ubuntu,2013-06-27,False,19,284
#ubuntu,2013-06-27,False,20,206
#ubuntu,2013-06-27,False,21,188
#ubuntu,2013-06-27,False,22,227
#ubuntu,2013-06-27,False,23,244
#ubuntu,2013-07-04,False,0,269
#ubuntu,2013-07-04,False,1,304
#ubuntu,2013-07-04,False,2,160
#ubuntu,2013-07-04,False,3,220
#ubuntu,2013-07-04,False,4,324
#ubuntu,2013-07-04,False,5,335
#ubuntu,2013-07-04,False,6,160
#ubuntu,2013-07-04,False,7,249
#ubuntu,2013-07-04,False,8,223
#ubuntu,2013-07-04,False,9,182
#ubuntu,2013-07-04,False,10,202
#ubuntu,2013-07-04,False,11,242
#ubuntu,2013-07-04,False,12,246
#ubuntu,2013-07-04,False,13,166
#ubuntu,2013-07-04,False,14,294
#ubuntu,2013-07-04,False,15,217
#ubuntu,2013-07-04,False,16,391
#ubuntu,2013-07-04,False,17,297
#ubuntu,2013-07-04,False,18,280
#ubuntu,2013-07-04,False,19,181
#ubuntu,2013-07-04,False,20,335
#ubuntu,2013-07-04,False,21,145
#ubuntu,2013-07-04,False,22,85
#ubuntu,2013-07-04,False,23,107
#ubuntu,2013-07-11,False,0,120
#ubuntu,2013-07-11,False,1,94
#ubuntu,2013-07-11,False,2,53
#ubuntu,2013-07-11,False,3,80
#ubuntu,2013-07-11,False,4,73
#ubuntu,2013-07-11,False,5,35
#ubuntu,2013-07-11,False,6,129
#ubuntu,2013-07-11,False,7,69
#ubuntu,2013-07-11,False,8,39
#ubuntu,2013-07-11,False,9,238
#ubuntu,2013-07-11,False,10,57
#ubuntu,2013-07-11,False,11,160
#ubuntu,2013-07-11,False,12,143
#ubuntu,2013-07-11,False,13,62
#ubuntu,2013-07-11,False,14,147
#ubuntu,2013-07-11,False,15,223
#ubuntu,2013-07-11,False,16,170
#ubuntu,2013-07-11,False,17,121
#ubuntu,2013-07-11,False,18,72
#ubuntu,2013-07-11,False,19,209
#ubuntu,2013-07-11,False,20,170
#ubuntu,2013-07-11,False,21,150
#ubuntu,2013-07-11,False,22,176
#ubuntu,2013-07-11,False,23,197
#ubuntu,2013-07-18,False,0,146
#ubuntu,2013-07-18,False,1,172
#ubuntu,2013-07-18,False,2,158
#ubuntu,2013-07-18,False,3,85
#ubuntu,2013-07-18,False,4,213
#ubuntu,2013-07-18,False,5,89
#ubuntu,2013-07-18,False,6,239
#ubuntu,2013-07-18,False,7,209
#ubuntu,2013-07-18,False,8,188
#ubuntu,2013-07-18,False,9,163
#ubuntu,2013-07-18,False,10,141
#ubuntu,2013-07-18,False,11,91
#ubuntu,2013-07-18,False,12,164
#ubuntu,2013-07-18,False,13,217
#ubuntu,2013-07-18,False,14,161
#ubuntu,2013-07-18,False,15,324
#ubuntu,2013-07-18,False,16,330
#ubuntu,2013-07-18,False,17,189
#ubuntu,2013-07-18,False,18,178
#ubuntu,2013-07-18,False,19,110
#ubuntu,2013-07-18,False,20,163
#ubuntu,2013-07-18,False,21,119
#ubuntu,2013-07-18,False,22,328
#ubuntu,2013-07-18,False,23,184
#ubuntu,2013-07-25,False,0,100
#ubuntu,2013-07-25,False,1,193
#ubuntu,2013-07-25,False,2,178
#ubuntu,2013-07-25,False,3,74
#ubuntu,2013-07-25,False,4,217
#ubuntu,2013-07-25,False,5,125
#ubuntu,2013-07-25,False,6,38
#ubuntu,2013-07-25,False,7,83
#ubuntu,2013-07-25,False,8,177
#ubuntu,2013-07-25,False,9,210
#ubuntu,2013-07-25,False,10,97
#ubuntu,2013-07-25,False,11,203
#ubuntu,2013-07-25,False,12,174
#ubuntu,2013-07-25,False,13,136
#ubuntu,2013-07-25,False,14,158
#ubuntu,2013-07-25,False,15,211
#ubuntu,2013-07-25,False,16,211
#ubuntu,2013-07-25,False,17,161
#ubuntu,2013-07-25,False,18,141
#ubuntu,2013-07-25,False,19,125
#ubuntu,2013-07-25,False,20,165
#ubuntu,2013-07-25,False,21,125
#ubuntu,2013-07-25,False,22,179
#ubuntu,2013-07-25,False,23,253
#ubuntu,2013-08-01,False,0,193
#ubuntu,2013-08-01,False,1,187
#ubuntu,2013-08-01,False,2,44
#ubuntu,2013-08-01,False,3,220
#ubuntu,2013-08-01,False,4,170
#ubuntu,2013-08-01,False,5,192
#ubuntu,2013-08-01,False,6,265
#ubuntu,2013-08-01,False,7,316
#ubuntu,2013-08-01,False,8,156
#ubuntu,2013-08-01,False,9,261
#ubuntu,2013-08-01,False,10,227
#ubuntu,2013-08-01,False,11,166
#ubuntu,2013-08-01,False,12,137
#ubuntu,2013-08-01,False,13,119
#ubuntu,2013-08-01,False,14,185
#ubuntu,2013-08-01,False,15,108
#ubuntu,2013-08-01,False,16,298
#ubuntu,2013-08-01,False,17,199
#ubuntu,2013-08-01,False,18,206
#ubuntu,2013-08-01,False,19,103
#ubuntu,2013-08-01,False,20,160
#ubuntu,2013-08-01,False,21,231
#ubuntu,2013-08-01,False,22,260
#ubuntu,2013-08-01,False,23,167
#ubuntu,2013-08-08,False,0,278
#ubuntu,2013-08-08,False,1,270
#ubuntu,2013-08-08,False,2,180
#ubuntu,2013-08-08,False,3,116
#ubuntu,2013-08-08,False,4,161
#ubuntu,2013-08-08,False,5,197
#ubuntu,2013-08-08,False,6,102
#ubuntu,2013-08-08,False,7,92
#ubuntu,2013-08-08,False,8,177
#ubuntu,2013-08-08,False,9,200
#ubuntu,2013-08-08,False,10,114
#ubuntu,2013-08-08,False,11,129
#ubuntu,2013-08-08,False,12,109
#ubuntu,2013-08-08,False,13,104
#ubuntu,2013-08-08,False,14,97
#ubuntu,2013-08-08,False,15,142
#ubuntu,2013-08-08,False,16,176
#ubuntu,2013-08-08,False,17,185
#ubuntu,2013-08-08,False,18,197
#ubuntu,2013-08-08,False,19,121
#ubuntu,2013-08-08,False,20,114
#ubuntu,2013-08-08,False,21,150
#ubuntu,2013-08-08,False,22,140
#ubuntu,2013-08-08,False,23,154
#ubuntu,2013-08-15,False,0,101
#ubuntu,2013-08-15,False,1,126
#ubuntu,2013-08-15,False,2,282
#ubuntu,2013-08-15,False,3,259
#ubuntu,2013-08-15,False,4,184
#ubuntu,2013-08-15,False,5,53
#ubuntu,2013-08-15,False,6,82
#ubuntu,2013-08-15,False,7,126
#ubuntu,2013-08-15,False,8,189
#ubuntu,2013-08-15,False,9,99
#ubuntu,2013-08-15,False,10,93
#ubuntu,2013-08-15,False,11,125
#ubuntu,2013-08-15,False,12,94
#ubuntu,2013-08-15,False,13,114
#ubuntu,2013-08-15,False,14,145
#ubuntu,2013-08-15,False,15,343
#ubuntu,2013-08-15,False,16,224
#ubuntu,2013-08-15,False,17,61
#ubuntu,2013-08-15,False,18,153
#ubuntu,2013-08-15,False,19,175
#ubuntu,2013-08-15,False,20,300
#ubuntu,2013-08-15,False,21,327
#ubuntu,2013-08-15,False,22,302
#ubuntu,2013-08-15,False,23,129
#ubuntu,2013-08-22,False,0,113
#ubuntu,2013-08-22,False,1,136
#ubuntu,2013-08-22,False,2,162
#ubuntu,2013-08-22,False,3,206
#ubuntu,2013-08-22,False,4,101
#ubuntu,2013-08-22,False,5,78
#ubuntu,2013-08-22,False,6,36
#ubuntu,2013-08-22,False,7,100
#ubuntu,2013-08-22,False,8,166
#ubuntu,2013-08-22,False,9,127
#ubuntu,2013-08-22,False,10,145
#ubuntu,2013-08-22,False,11,172
#ubuntu,2013-08-22,False,12,124
#ubuntu,2013-08-22,False,13,254
#ubuntu,2013-08-22,False,14,234
#ubuntu,2013-08-22,False,15,154
#ubuntu,2013-08-22,False,16,148
#ubuntu,2013-08-22,False,17,160
#ubuntu,2013-08-22,False,18,160
#ubuntu,2013-08-22,False,19,86
#ubuntu,2013-08-22,False,20,151
#ubuntu,2013-08-22,False,21,81
#ubuntu,2013-08-22,False,22,145
#ubuntu,2013-08-22,False,23,191
#ubuntu,2013-08-29,False,0,213
#ubuntu,2013-08-29,False,1,119
#ubuntu,2013-08-29,False,2,114
#ubuntu,2013-08-29,False,3,164
#ubuntu,2013-08-29,False,4,103
#ubuntu,2013-08-29,False,5,128
#ubuntu,2013-08-29,False,6,95
#ubuntu,2013-08-29,False,7,106
#ubuntu,2013-08-29,False,8,157
#ubuntu,2013-08-29,False,9,147
#ubuntu,2013-08-29,False,10,122
#ubuntu,2013-08-29,False,11,62
#ubuntu,2013-08-29,False,12,171
#ubuntu,2013-08-29,False,13,101
#ubuntu,2013-08-29,False,14,154
#ubuntu,2013-08-29,False,15,120
#ubuntu,2013-08-29,False,16,196
#ubuntu,2013-08-29,False,17,132
#ubuntu,2013-08-29,False,18,290
#ubuntu,2013-08-29,False,19,128
#ubuntu,2013-08-29,False,20,285
#ubuntu,2013-08-29,False,21,126
#ubuntu,2013-08-29,False,22,80
#ubuntu,2013-08-29,False,23,99
#ubuntu,2013-09-05,False,0,167
#ubuntu,2013-09-05,False,1,108
#ubuntu,2013-09-05,False,2,107
#ubuntu,2013-09-05,False,3,184
#ubuntu,2013-09-05,False,4,69
#ubuntu,2013-09-05,False,5,113
#ubuntu,2013-09-05,False,6,233
#ubuntu,2013-09-05,False,7,151
#ubuntu,2013-09-05,False,8,213
#ubuntu,2013-09-05,False,9,187
#ubuntu,2013-09-05,False,10,208
#ubuntu,2013-09-05,False,11,240
#ubuntu,2013-09-05,False,12,183
#ubuntu,2013-09-05,False,13,276
#ubuntu,2013-09-05,False,14,184
#ubuntu,2013-09-05,False,15,227
#ubuntu,2013-09-05,False,16,347
#ubuntu,2013-09-05,False,17,172
#ubuntu,2013-09-05,False,18,205
#ubuntu,2013-09-05,False,19,152
#ubuntu,2013-09-05,False,20,350
#ubuntu,2013-09-05,False,21,400
#ubuntu,2013-09-05,False,22,446
#ubuntu,2013-09-05,False,23,196
#ubuntu,2013-09-12,False,0,386
#ubuntu,2013-09-12,False,1,203
#ubuntu,2013-09-12,False,2,258
#ubuntu,2013-09-12,False,3,154
#ubuntu,2013-09-12,False,4,16
#ubuntu,2013-09-12,False,5,147
#ubuntu,2013-09-12,False,6,93
#ubuntu,2013-09-12,False,7,111
#ubuntu,2013-09-12,False,8,61
#ubuntu,2013-09-12,False,9,213
#ubuntu,2013-09-12,False,10,128
#ubuntu,2013-09-12,False,11,249
#ubuntu,2013-09-12,False,12,113
#ubuntu,2013-09-12,False,13,259
#ubuntu,2013-09-12,False,14,210
#ubuntu,2013-09-12,False,15,253
#ubuntu,2013-09-12,False,16,234
#ubuntu,2013-09-12,False,17,96
#ubuntu,2013-09-12,False,18,123
#ubuntu,2013-09-12,False,19,117
#ubuntu,2013-09-12,False,20,197
#ubuntu,2013-09-12,False,21,107
#ubuntu,2013-09-12,False,22,208
#ubuntu,2013-09-12,False,23,122
#ubuntu,2013-09-19,False,0,53
#ubuntu,2013-09-19,False,1,66
#ubuntu,2013-09-19,False,2,123
#ubuntu,2013-09-19,False,3,246
#ubuntu,2013-09-19,False,4,47
#ubuntu,2013-09-19,False,5,61
#ubuntu,2013-09-19,False,6,39
#ubuntu,2013-09-19,False,7,102
#ubuntu,2013-09-19,False,8,157
#ubuntu,2013-09-19,False,9,95
#ubuntu,2013-09-19,False,10,128
#ubuntu,2013-09-19,False,11,149
#ubuntu,2013-09-19,False,12,147
#ubuntu,2013-09-19,False,13,135
#ubuntu,2013-09-19,False,14,112
#ubuntu,2013-09-19,False,15,157
#ubuntu,2013-09-19,False,16,363
#ubuntu,2013-09-19,False,17,153
#ubuntu,2013-09-19,False,18,293
#ubuntu,2013-09-19,False,19,171
#ubuntu,2013-09-19,False,20,151
#ubuntu,2013-09-19,False,21,149
#ubuntu,2013-09-19,False,22,185
#ubuntu,2013-09-19,False,23,156
#ubuntu,2013-09-26,False,0,113
#ubuntu,2013-09-26,False,1,146
#ubuntu,2013-09-26,False,2,174
#ubuntu,2013-09-26,False,3,132
#ubuntu,2013-09-26,False,4,188
#ubuntu,2013-09-26,False,5,89
#ubuntu,2013-09-26,False,6,73
#ubuntu,2013-09-26,False,7,161
#ubuntu,2013-09-26,False,8,137
#ubuntu,2013-09-26,False,9,159
#ubuntu,2013-09-26,False,10,83
#ubuntu,2013-09-26,False,11,311
#ubuntu,2013-09-26,False,12,147
#ubuntu,2013-09-26,False,13,162
#ubuntu,2013-09-26,False,14,110
#ubuntu,2013-09-26,False,15,99
#ubuntu,2013-09-26,False,16,144
#ubuntu,2013-09-26,False,17,96
#ubuntu,2013-09-26,False,18,188
#ubuntu,2013-09-26,False,19,196
#ubuntu,2013-09-26,False,20,154
#ubuntu,2013-09-26,False,21,232
#ubuntu,2013-09-26,False,22,237
#ubuntu,2013-09-26,False,23,146
#ubuntu,2013-10-03,False,0,138
#ubuntu,2013-10-03,False,1,140
#ubuntu,2013-10-03,False,2,70
#ubuntu,2013-10-03,False,3,62
#ubuntu,2013-10-03,False,4,154
#ubuntu,2013-10-03,False,5,87
#ubuntu,2013-10-03,False,6,155
#ubuntu,2013-10-03,False,7,266
#ubuntu,2013-10-03,False,8,232
#ubuntu,2013-10-03,False,9,223
#ubuntu,2013-10-03,False,10,283
#ubuntu,2013-10-03,False,11,176
#ubuntu,2013-10-03,False,12,181
#ubuntu,2013-10-03,False,13,117
#ubuntu,2013-10-03,False,14,154
#ubuntu,2013-10-03,False,15,226
#ubuntu,2013-10-03,False,16,118
#ubuntu,2013-10-03,False,17,154
#ubuntu,2013-10-03,False,18,112
#ubuntu,2013-10-03,False,19,86
#ubuntu,2013-10-03,False,20,211
#ubuntu,2013-10-03,False,21,68
#ubuntu,2013-10-03,False,22,64
#ubuntu,2013-10-03,False,23,109
#ubuntu,2013-10-10,False,0,196
#ubuntu,2013-10-10,False,1,158
#ubuntu,2013-10-10,False,2,171
#ubuntu,2013-10-10,False,3,154
#ubuntu,2013-10-10,False,4,171
#ubuntu,2013-10-10,False,5,127
#ubuntu,2013-10-10,False,6,103
#ubuntu,2013-10-10,False,7,205
#ubuntu,2013-10-10,False,8,130
#ubuntu,2013-10-10,False,9,100
#ubuntu,2013-10-10,False,10,125
#ubuntu,2013-10-10,False,11,212
#ubuntu,2013-10-10,False,12,227
#ubuntu,2013-10-10,False,13,139
#ubuntu,2013-10-10,False,14,197
#ubuntu,2013-10-10,False,15,154
#ubuntu,2013-10-10,False,16,233
#ubuntu,2013-10-10,False,17,144
#ubuntu,2013-10-10,False,18,159
#ubuntu,2013-10-10,False,19,147
#ubuntu,2013-10-10,False,20,142
#ubuntu,2013-10-10,False,21,184
#ubuntu,2013-10-10,False,22,85
#ubuntu,2013-10-10,False,23,126
#ubuntu,2013-10-17,True,0,288
#ubuntu,2013-10-17,True,1,229
#ubuntu,2013-10-17,True,2,222
#ubuntu,2013-10-17,True,3,56
#ubuntu,2013-10-17,True,4,76
#ubuntu,2013-10-17,True,5,163
#ubuntu,2013-10-17,True,6,110
#ubuntu,2013-10-17,True,7,179
#ubuntu,2013-10-17,True,8,132
#ubuntu,2013-10-17,True,9,217
#ubuntu,2013-10-17,True,10,161
#ubuntu,2013-10-17,True,11,240
#ubuntu,2013-10-17,True,12,173
#ubuntu,2013-10-17,True,13,272
#ubuntu,2013-10-17,True,14,288
#ubuntu,2013-10-17,True,15,202
#ubuntu,2013-10-17,True,16,217
#ubuntu,2013-10-17,True,17,226
#ubuntu,2013-10-17,True,18,274
#ubuntu,2013-10-17,True,19,273
#ubuntu,2013-10-17,True,20,328
#ubuntu,2013-10-17,True,21,275
#ubuntu,2013-10-17,True,22,273
#ubuntu,2013-10-17,True,23,210
#ubuntu,2013-10-24,False,0,151
#ubuntu,2013-10-24,False,1,70
#ubuntu,2013-10-24,False,2,172
#ubuntu,2013-10-24,False,3,150
#ubuntu,2013-10-24,False,4,94
#ubuntu,2013-10-24,False,5,185
#ubuntu,2013-10-24,False,6,316
#ubuntu,2013-10-24,False,7,295
#ubuntu,2013-10-24,False,8,249
#ubuntu,2013-10-24,False,9,192
#ubuntu,2013-10-24,False,10,302
#ubuntu,2013-10-24,False,11,354
#ubuntu,2013-10-24,False,12,156
#ubuntu,2013-10-24,False,13,139
#ubuntu,2013-10-24,False,14,183
#ubuntu,2013-10-24,False,15,283
#ubuntu,2013-10-24,False,16,261
#ubuntu,2013-10-24,False,17,230
#ubuntu,2013-10-24,False,18,133
#ubuntu,2013-10-24,False,19,155
#ubuntu,2013-10-24,False,20,276
#ubuntu,2013-10-24,False,21,276
#ubuntu,2013-10-24,False,22,256
#ubuntu,2013-10-24,False,23,205
#ubuntu,2013-10-31,False,0,237
#ubuntu,2013-10-31,False,1,212
#ubuntu,2013-10-31,False,2,149
#ubuntu,2013-10-31,False,3,210
#ubuntu,2013-10-31,False,4,128
#ubuntu,2013-10-31,False,5,237
#ubuntu,2013-10-31,False,6,209
#ubuntu,2013-10-31,False,7,225
#ubuntu,2013-10-31,False,8,247
#ubuntu,2013-10-31,False,9,115
#ubuntu,2013-10-31,False,10,158
#ubuntu,2013-10-31,False,11,118
#ubuntu,2013-10-31,False,12,121
#ubuntu,2013-10-31,False,13,149
#ubuntu,2013-10-31,False,14,212
#ubuntu,2013-10-31,False,15,171
#ubuntu,2013-10-31,False,16,162
#ubuntu,2013-10-31,False,17,125
#ubuntu,2013-10-31,False,18,224
#ubuntu,2013-10-31,False,19,222
#ubuntu,2013-10-31,False,20,195
#ubuntu,2013-10-31,False,21,268
#ubuntu,2013-10-31,False,22,135
#ubuntu,2013-10-31,False,23,170
#ubuntu,2013-11-07,False,0,183
#ubuntu,2013-11-07,False,1,188
#ubuntu,2013-11-07,False,2,174
#ubuntu,2013-11-07,False,3,345
#ubuntu,2013-11-07,False,4,224
#ubuntu,2013-11-07,False,5,222
#ubuntu,2013-11-07,False,6,351
#ubuntu,2013-11-07,False,7,193
#ubuntu,2013-11-07,False,8,223
#ubuntu,2013-11-07,False,9,272
#ubuntu,2013-11-07,False,10,128
#ubuntu,2013-11-07,False,11,371
#ubuntu,2013-11-07,False,12,212
#ubuntu,2013-11-07,False,13,130
#ubuntu,2013-11-07,False,14,181
#ubuntu,2013-11-07,False,15,231
#ubuntu,2013-11-07,False,16,313
#ubuntu,2013-11-07,False,17,233
#ubuntu,2013-11-07,False,18,175
#ubuntu,2013-11-07,False,19,176
#ubuntu,2013-11-07,False,20,165
#ubuntu,2013-11-07,False,21,253
#ubuntu,2013-11-07,False,22,220
#ubuntu,2013-11-07,False,23,181
#ubuntu,2013-11-14,False,0,222
#ubuntu,2013-11-14,False,1,368
#ubuntu,2013-11-14,False,2,245
#ubuntu,2013-11-14,False,3,210
#ubuntu,2013-11-14,False,4,151
#ubuntu,2013-11-14,False,5,79
#ubuntu,2013-11-14,False,6,61
#ubuntu,2013-11-14,False,7,66
#ubuntu,2013-11-14,False,8,97
#ubuntu,2013-11-14,False,9,115
#ubuntu,2013-11-14,False,10,225
#ubuntu,2013-11-14,False,11,235
#ubuntu,2013-11-14,False,12,100
#ubuntu,2013-11-14,False,13,73
#ubuntu,2013-11-14,False,14,156
#ubuntu,2013-11-14,False,15,38
#ubuntu,2013-11-14,False,16,234
#ubuntu,2013-11-14,False,17,238
#ubuntu,2013-11-14,False,18,242
#ubuntu,2013-11-14,False,19,150
#ubuntu,2013-11-14,False,20,298
#ubuntu,2013-11-14,False,21,228
#ubuntu,2013-11-14,False,22,222
#ubuntu,2013-11-14,False,23,151
#ubuntu,2013-11-21,False,0,129
#ubuntu,2013-11-21,False,1,149
#ubuntu,2013-11-21,False,2,297
#ubuntu,2013-11-21,False,3,306
#ubuntu,2013-11-21,False,4,91
#ubuntu,2013-11-21,False,5,143
#ubuntu,2013-11-21,False,6,133
#ubuntu,2013-11-21,False,7,327
#ubuntu,2013-11-21,False,8,103
#ubuntu,2013-11-21,False,9,169
#ubuntu,2013-11-21,False,10,66
#ubuntu,2013-11-21,False,11,185
#ubuntu,2013-11-21,False,12,199
#ubuntu,2013-11-21,False,13,239
#ubuntu,2013-11-21,False,14,157
#ubuntu,2013-11-21,False,15,99
#ubuntu,2013-11-21,False,16,182
#ubuntu,2013-11-21,False,17,114
#ubuntu,2013-11-21,False,18,122
#ubuntu,2013-11-21,False,19,203
#ubuntu,2013-11-21,False,20,237
#ubuntu,2013-11-21,False,21,322
#ubuntu,2013-11-21,False,22,342
#ubuntu,2013-11-21,False,23,182
#ubuntu,2013-11-28,False,0,203
#ubuntu,2013-11-28,False,1,196
#ubuntu,2013-11-28,False,2,122
#ubuntu,2013-11-28,False,3,64
#ubuntu,2013-11-28,False,4,68
#ubuntu,2013-11-28,False,5,110
#ubuntu,2013-11-28,False,6,107
#ubuntu,2013-11-28,False,7,120
#ubuntu,2013-11-28,False,8,124
#ubuntu,2013-11-28,False,9,111
#ubuntu,2013-11-28,False,10,125
#ubuntu,2013-11-28,False,11,99
#ubuntu,2013-11-28,False,12,74
#ubuntu,2013-11-28,False,13,135
#ubuntu,2013-11-28,False,14,114
#ubuntu,2013-11-28,False,15,75
#ubuntu,2013-11-28,False,16,115
#ubuntu,2013-11-28,False,17,290
#ubuntu,2013-11-28,False,18,265
#ubuntu,2013-11-28,False,19,75
#ubuntu,2013-11-28,False,20,105
#ubuntu,2013-11-28,False,21,184
#ubuntu,2013-11-28,False,22,218
#ubuntu,2013-11-28,False,23,270
#ubuntu,2013-12-05,False,0,157
#ubuntu,2013-12-05,False,1,69
#ubuntu,2013-12-05,False,2,173
#ubuntu,2013-12-05,False,3,153
#ubuntu,2013-12-05,False,4,157
#ubuntu,2013-12-05,False,5,136
#ubuntu,2013-12-05,False,6,44
#ubuntu,2013-12-05,False,7,55
#ubuntu,2013-12-05,False,8,87
#ubuntu,2013-12-05,False,9,129
#ubuntu,2013-12-05,False,10,112
#ubuntu,2013-12-05,False,11,81
#ubuntu,2013-12-05,False,12,75
#ubuntu,2013-12-05,False,13,175
#ubuntu,2013-12-05,False,14,216
#ubuntu,2013-12-05,False,15,236
#ubuntu,2013-12-05,False,16,106
#ubuntu,2013-12-05,False,17,118
#ubuntu,2013-12-05,False,18,207
#ubuntu,2013-12-05,False,19,143
#ubuntu,2013-12-05,False,20,118
#ubuntu,2013-12-05,False,21,227
#ubuntu,2013-12-05,False,22,180
#ubuntu,2013-12-05,False,23,170
#ubuntu,2013-12-12,False,0,150
#ubuntu,2013-12-12,False,1,66
#ubuntu,2013-12-12,False,2,136
#ubuntu,2013-12-12,False,3,171
#ubuntu,2013-12-12,False,4,115
#ubuntu,2013-12-12,False,5,130
#ubuntu,2013-12-12,False,6,89
#ubuntu,2013-12-12,False,7,137
#ubuntu,2013-12-12,False,8,117
#ubuntu,2013-12-12,False,9,168
#ubuntu,2013-12-12,False,10,143
#ubuntu,2013-12-12,False,11,171
#ubuntu,2013-12-12,False,12,78
#ubuntu,2013-12-12,False,13,241
#ubuntu,2013-12-12,False,14,217
#ubuntu,2013-12-12,False,15,226
#ubuntu,2013-12-12,False,16,121
#ubuntu,2013-12-12,False,17,191
#ubuntu,2013-12-12,False,18,157
#ubuntu,2013-12-12,False,19,156
#ubuntu,2013-12-12,False,20,148
#ubuntu,2013-12-12,False,21,211
#ubuntu,2013-12-12,False,22,175
#ubuntu,2013-12-12,False,23,118
#ubuntu,2013-12-19,False,0,67
#ubuntu,2013-12-19,False,1,140
#ubuntu,2013-12-19,False,2,156
#ubuntu,2013-12-19,False,3,128
#ubuntu,2013-12-19,False,4,131
#ubuntu,2013-12-19,False,5,213
#ubuntu,2013-12-19,False,6,270
#ubuntu,2013-12-19,False,7,269
#ubuntu,2013-12-19,False,8,201
#ubuntu,2013-12-19,False,9,176
#ubuntu,2013-12-19,False,10,51
#ubuntu,2013-12-19,False,11,93
#ubuntu,2013-12-19,False,12,203
#ubuntu,2013-12-19,False,13,147
#ubuntu,2013-12-19,False,14,76
#ubuntu,2013-12-19,False,15,154
#ubuntu,2013-12-19,False,16,159
#ubuntu,2013-12-19,False,17,186
#ubuntu,2013-12-19,False,18,118
#ubuntu,2013-12-19,False,19,143
#ubuntu,2013-12-19,False,20,124
#ubuntu,2013-12-19,False,21,183
#ubuntu,2013-12-19,False,22,242
#ubuntu,2013-12-19,False,23,180
#ubuntu,2013-12-26,False,0,152
#ubuntu,2013-12-26,False,1,72
#ubuntu,2013-12-26,False,2,59
#ubuntu,2013-12-26,False,3,52
#ubuntu,2013-12-26,False,4,127
#ubuntu,2013-12-26,False,5,46
#ubuntu,2013-12-26,False,6,120
#ubuntu,2013-12-26,False,7,238
#ubuntu,2013-12-26,False,8,163
#ubuntu,2013-12-26,False,9,139
#ubuntu,2013-12-26,False,10,57
#ubuntu,2013-12-26,False,11,108
#ubuntu,2013-12-26,False,12,271
#ubuntu,2013-12-26,False,13,209
#ubuntu,2013-12-26,False,14,130
#ubuntu,2013-12-26,False,15,160
#ubuntu,2013-12-26,False,16,162
#ubuntu,2013-12-26,False,17,137
#ubuntu,2013-12-26,False,18,74
#ubuntu,2013-12-26,False,19,61
#ubuntu,2013-12-26,False,20,98
#ubuntu,2013-12-26,False,21,103
#ubuntu,2013-12-26,False,22,100
#ubuntu,2013-12-26,False,23,208
#ubuntu,2014-01-02,False,0,123
#ubuntu,2014-01-02,False,1,75
#ubuntu,2014-01-02,False,2,106
#ubuntu,2014-01-02,False,3,109
#ubuntu,2014-01-02,False,4,106
#ubuntu,2014-01-02,False,5,174
#ubuntu,2014-01-02,False,6,109
#ubuntu,2014-01-02,False,7,173
#ubuntu,2014-01-02,False,8,232
#ubuntu,2014-01-02,False,9,205
#ubuntu,2014-01-02,False,10,188
#ubuntu,2014-01-02,False,11,124
#ubuntu,2014-01-02,False,12,213
#ubuntu,2014-01-02,False,13,152
#ubuntu,2014-01-02,False,14,163
#ubuntu,2014-01-02,False,15,137
#ubuntu,2014-01-02,False,16,197
#ubuntu,2014-01-02,False,17,318
#ubuntu,2014-01-02,False,18,193
#ubuntu,2014-01-02,False,19,220
#ubuntu,2014-01-02,False,20,154
#ubuntu,2014-01-02,False,21,79
#ubuntu,2014-01-02,False,22,125
#ubuntu,2014-01-02,False,23,44
#ubuntu,2014-01-09,False,0,333
#ubuntu,2014-01-09,False,1,164
#ubuntu,2014-01-09,False,2,100
#ubuntu,2014-01-09,False,3,157
#ubuntu,2014-01-09,False,4,192
#ubuntu,2014-01-09,False,5,86
#ubuntu,2014-01-09,False,6,123
#ubuntu,2014-01-09,False,7,285
#ubuntu,2014-01-09,False,8,162
#ubuntu,2014-01-09,False,9,135
#ubuntu,2014-01-09,False,10,47
#ubuntu,2014-01-09,False,11,137
#ubuntu,2014-01-09,False,12,58
#ubuntu,2014-01-09,False,13,109
#ubuntu,2014-01-09,False,14,148
#ubuntu,2014-01-09,False,15,127
#ubuntu,2014-01-09,False,16,124
#ubuntu,2014-01-09,False,17,99
#ubuntu,2014-01-09,False,18,182
#ubuntu,2014-01-09,False,19,184
#ubuntu,2014-01-09,False,20,151
#ubuntu,2014-01-09,False,21,145
#ubuntu,2014-01-09,False,22,127
#ubuntu,2014-01-09,False,23,52
#ubuntu,2014-01-16,False,0,149
#ubuntu,2014-01-16,False,1,112
#ubuntu,2014-01-16,False,2,148
#ubuntu,2014-01-16,False,3,188
#ubuntu,2014-01-16,False,4,60
#ubuntu,2014-01-16,False,5,60
#ubuntu,2014-01-16,False,6,27
#ubuntu,2014-01-16,False,7,115
#ubuntu,2014-01-16,False,8,104
#ubuntu,2014-01-16,False,9,133
#ubuntu,2014-01-16,False,10,128
#ubuntu,2014-01-16,False,11,68
#ubuntu,2014-01-16,False,12,26
#ubuntu,2014-01-16,False,13,23
#ubuntu,2014-01-16,False,14,142
#ubuntu,2014-01-16,False,15,113
#ubuntu,2014-01-16,False,16,126
#ubuntu,2014-01-16,False,17,240
#ubuntu,2014-01-16,False,18,157
#ubuntu,2014-01-16,False,19,71
#ubuntu,2014-01-16,False,20,168
#ubuntu,2014-01-16,False,21,144
#ubuntu,2014-01-16,False,22,244
#ubuntu,2014-01-16,False,23,156
#ubuntu,2014-01-23,False,0,94
#ubuntu,2014-01-23,False,1,90
#ubuntu,2014-01-23,False,2,178
#ubuntu,2014-01-23,False,3,86
#ubuntu,2014-01-23,False,4,113
#ubuntu,2014-01-23,False,5,47
#ubuntu,2014-01-23,False,6,71
#ubuntu,2014-01-23,False,7,98
#ubuntu,2014-01-23,False,8,180
#ubuntu,2014-01-23,False,9,104
#ubuntu,2014-01-23,False,10,87
#ubuntu,2014-01-23,False,11,83
#ubuntu,2014-01-23,False,12,120
#ubuntu,2014-01-23,False,13,108
#ubuntu,2014-01-23,False,14,229
#ubuntu,2014-01-23,False,15,117
#ubuntu,2014-01-23,False,16,115
#ubuntu,2014-01-23,False,17,136
#ubuntu,2014-01-23,False,18,103
#ubuntu,2014-01-23,False,19,62
#ubuntu,2014-01-23,False,20,95
#ubuntu,2014-01-23,False,21,243
#ubuntu,2014-01-23,False,22,147
#ubuntu,2014-01-23,False,23,75
#ubuntu,2014-01-30,False,0,128
#ubuntu,2014-01-30,False,1,152
#ubuntu,2014-01-30,False,2,69
#ubuntu,2014-01-30,False,3,96
#ubuntu,2014-01-30,False,4,151
#ubuntu,2014-01-30,False,5,231
#ubuntu,2014-01-30,False,6,335
#ubuntu,2014-01-30,False,7,172
#ubuntu,2014-01-30,False,8,90
#ubuntu,2014-01-30,False,9,120
#ubuntu,2014-01-30,False,10,32
#ubuntu,2014-01-30,False,11,105
#ubuntu,2014-01-30,False,12,167
#ubuntu,2014-01-30,False,13,162
#ubuntu,2014-01-30,False,14,130
#ubuntu,2014-01-30,False,15,110
#ubuntu,2014-01-30,False,16,204
#ubuntu,2014-01-30,False,17,205
#ubuntu,2014-01-30,False,18,188
#ubuntu,2014-01-30,False,19,153
#ubuntu,2014-01-30,False,20,146
#ubuntu,2014-01-30,False,21,122
#ubuntu,2014-01-30,False,22,150
#ubuntu,2014-01-30,False,23,39
#ubuntu,2014-02-06,False,0,156
#ubuntu,2014-02-06,False,1,118
#ubuntu,2014-02-06,False,2,116
#ubuntu,2014-02-06,False,3,27
#ubuntu,2014-02-06,False,4,86
#ubuntu,2014-02-06,False,5,136
#ubuntu,2014-02-06,False,6,54
#ubuntu,2014-02-06,False,7,33
#ubuntu,2014-02-06,False,8,82
#ubuntu,2014-02-06,False,9,102
#ubuntu,2014-02-06,False,10,76
#ubuntu,2014-02-06,False,11,126
#ubuntu,2014-02-06,False,12,161
#ubuntu,2014-02-06,False,13,120
#ubuntu,2014-02-06,False,14,147
#ubuntu,2014-02-06,False,15,246
#ubuntu,2014-02-06,False,16,197
#ubuntu,2014-02-06,False,17,212
#ubuntu,2014-02-06,False,18,178
#ubuntu,2014-02-06,False,19,222
#ubuntu,2014-02-06,False,20,243
#ubuntu,2014-02-06,False,21,182
#ubuntu,2014-02-06,False,22,117
#ubuntu,2014-02-06,False,23,59
#ubuntu,2014-02-13,False,0,180
#ubuntu,2014-02-13,False,1,128
#ubuntu,2014-02-13,False,2,52
#ubuntu,2014-02-13,False,3,82
#ubuntu,2014-02-13,False,4,90
#ubuntu,2014-02-13,False,5,44
#ubuntu,2014-02-13,False,6,118
#ubuntu,2014-02-13,False,7,72
#ubuntu,2014-02-13,False,8,71
#ubuntu,2014-02-13,False,9,89
#ubuntu,2014-02-13,False,10,66
#ubuntu,2014-02-13,False,11,183
#ubuntu,2014-02-13,False,12,71
#ubuntu,2014-02-13,False,13,142
#ubuntu,2014-02-13,False,14,218
#ubuntu,2014-02-13,False,15,194
#ubuntu,2014-02-13,False,16,134
#ubuntu,2014-02-13,False,17,145
#ubuntu,2014-02-13,False,18,106
#ubuntu,2014-02-13,False,19,85
#ubuntu,2014-02-13,False,20,126
#ubuntu,2014-02-13,False,21,140
#ubuntu,2014-02-13,False,22,88
#ubuntu,2014-02-13,False,23,160
#ubuntu,2014-02-20,False,0,211
#ubuntu,2014-02-20,False,1,129
#ubuntu,2014-02-20,False,2,206
#ubuntu,2014-02-20,False,3,163
#ubuntu,2014-02-20,False,4,127
#ubuntu,2014-02-20,False,5,59
#ubuntu,2014-02-20,False,6,166
#ubuntu,2014-02-20,False,7,232
#ubuntu,2014-02-20,False,8,137
#ubuntu,2014-02-20,False,9,204
#ubuntu,2014-02-20,False,10,150
#ubuntu,2014-02-20,False,11,215
#ubuntu,2014-02-20,False,12,157
#ubuntu,2014-02-20,False,13,156
#ubuntu,2014-02-20,False,14,81
#ubuntu,2014-02-20,False,15,164
#ubuntu,2014-02-20,False,16,143
#ubuntu,2014-02-20,False,17,121
#ubuntu,2014-02-20,False,18,158
#ubuntu,2014-02-20,False,19,131
#ubuntu,2014-02-20,False,20,259
#ubuntu,2014-02-20,False,21,90
#ubuntu,2014-02-20,False,22,146
#ubuntu,2014-02-20,False,23,211
#ubuntu,2014-02-27,False,0,0
#ubuntu,2014-02-27,False,1,0
#ubuntu,2014-02-27,False,2,0
#ubuntu,2014-02-27,False,3,0
#ubuntu,2014-02-27,False,4,0
#ubuntu,2014-02-27,False,5,0
#ubuntu,2014-02-27,False,6,0
#ubuntu,2014-02-27,False,7,0
#ubuntu,2014-02-27,False,8,85
#ubuntu,2014-02-27,False,9,177
#ubuntu,2014-02-27,False,10,70
#ubuntu,2014-02-27,False,11,143
#ubuntu,2014-02-27,False,12,173
#ubuntu,2014-02-27,False,13,88
#ubuntu,2014-02-27,False,14,171
#ubuntu,2014-02-27,False,15,92
#ubuntu,2014-02-27,False,16,209
#ubuntu,2014-02-27,False,17,261
#ubuntu,2014-02-27,False,18,180
#ubuntu,2014-02-27,False,19,123
#ubuntu,2014-02-27,False,20,91
#ubuntu,2014-02-27,False,21,75
#ubuntu,2014-02-27,False,22,75
#ubuntu,2014-02-27,False,23,51
#ubuntu,2014-03-06,False,0,80
#ubuntu,2014-03-06,False,1,213
#ubuntu,2014-03-06,False,2,104
#ubuntu,2014-03-06,False,3,177
#ubuntu,2014-03-06,False,4,118
#ubuntu,2014-03-06,False,5,208
#ubuntu,2014-03-06,False,6,83
#ubuntu,2014-03-06,False,7,95
#ubuntu,2014-03-06,False,8,136
#ubuntu,2014-03-06,False,9,106
#ubuntu,2014-03-06,False,10,124
#ubuntu,2014-03-06,False,11,78
#ubuntu,2014-03-06,False,12,142
#ubuntu,2014-03-06,False,13,272
#ubuntu,2014-03-06,False,14,263
#ubuntu,2014-03-06,False,15,189
#ubuntu,2014-03-06,False,16,209
#ubuntu,2014-03-06,False,17,215
#ubuntu,2014-03-06,False,18,220
#ubuntu,2014-03-06,False,19,127
#ubuntu,2014-03-06,False,20,122
#ubuntu,2014-03-06,False,21,40
#ubuntu,2014-03-06,False,22,110
#ubuntu,2014-03-06,False,23,49
#ubuntu,2014-03-20,False,0,168
#ubuntu,2014-03-20,False,1,147
#ubuntu,2014-03-20,False,2,240
#ubuntu,2014-03-20,False,3,199
#ubuntu,2014-03-20,False,4,131
#ubuntu,2014-03-20,False,5,76
#ubuntu,2014-03-20,False,6,104
#ubuntu,2014-03-20,False,7,134
#ubuntu,2014-03-20,False,8,224
#ubuntu,2014-03-20,False,9,136
#ubuntu,2014-03-20,False,10,93
#ubuntu,2014-03-20,False,11,107
#ubuntu,2014-03-20,False,12,180
#ubuntu,2014-03-20,False,13,57
#ubuntu,2014-03-20,False,14,88
#ubuntu,2014-03-20,False,15,74
#ubuntu,2014-03-20,False,16,113
#ubuntu,2014-03-20,False,17,96
#ubuntu,2014-03-20,False,18,163
#ubuntu,2014-03-20,False,19,112
#ubuntu,2014-03-20,False,20,170
#ubuntu,2014-03-20,False,21,99
#ubuntu,2014-03-20,False,22,81
#ubuntu,2014-03-20,False,23,146
#ubuntu,2014-03-27,False,0,209
#ubuntu,2014-03-27,False,1,190
#ubuntu,2014-03-27,False,2,148
#ubuntu,2014-03-27,False,3,165
#ubuntu,2014-03-27,False,4,74
#ubuntu,2014-03-27,False,5,53
#ubuntu,2014-03-27,False,6,21
#ubuntu,2014-03-27,False,7,7
#ubuntu,2014-03-27,False,8,86
#ubuntu,2014-03-27,False,9,101
#ubuntu,2014-03-27,False,10,105
#ubuntu,2014-03-27,False,11,91
#ubuntu,2014-03-27,False,12,101
#ubuntu,2014-03-27,False,13,138
#ubuntu,2014-03-27,False,14,148
#ubuntu,2014-03-27,False,15,121
#ubuntu,2014-03-27,False,16,240
#ubuntu,2014-03-27,False,17,77
#ubuntu,2014-03-27,False,18,110
#ubuntu,2014-03-27,False,19,196
#ubuntu,2014-03-27,False,20,278
#ubuntu,2014-03-27,False,21,251
#ubuntu,2014-03-27,False,22,146
#ubuntu,2014-03-27,False,23,263
#ubuntu,2014-04-03,False,0,113
#ubuntu,2014-04-03,False,1,142
#ubuntu,2014-04-03,False,2,110
#ubuntu,2014-04-03,False,3,27
#ubuntu,2014-04-03,False,4,53
#ubuntu,2014-04-03,False,5,86
#ubuntu,2014-04-03,False,6,82
#ubuntu,2014-04-03,False,7,103
#ubuntu,2014-04-03,False,8,50
#ubuntu,2014-04-03,False,9,100
#ubuntu,2014-04-03,False,10,234
#ubuntu,2014-04-03,False,11,79
#ubuntu,2014-04-03,False,12,150
#ubuntu,2014-04-03,False,13,80
#ubuntu,2014-04-03,False,14,169
#ubuntu,2014-04-03,False,15,179
#ubuntu,2014-04-03,False,16,73
#ubuntu,2014-04-03,False,17,51
#ubuntu,2014-04-03,False,18,67
#ubuntu,2014-04-03,False,19,110
#ubuntu,2014-04-03,False,20,51
#ubuntu,2014-04-03,False,21,161
#ubuntu,2014-04-03,False,22,68
#ubuntu,2014-04-03,False,23,172
#ubuntu,2014-04-10,False,0,196
#ubuntu,2014-04-10,False,1,173
#ubuntu,2014-04-10,False,2,97
#ubuntu,2014-04-10,False,3,90
#ubuntu,2014-04-10,False,4,117
#ubuntu,2014-04-10,False,5,74
#ubuntu,2014-04-10,False,6,34
#ubuntu,2014-04-10,False,7,68
#ubuntu,2014-04-10,False,8,81
#ubuntu,2014-04-10,False,9,62
#ubuntu,2014-04-10,False,10,77
#ubuntu,2014-04-10,False,11,117
#ubuntu,2014-04-10,False,12,211
#ubuntu,2014-04-10,False,13,96
#ubuntu,2014-04-10,False,14,217
#ubuntu,2014-04-10,False,15,64
#ubuntu,2014-04-10,False,16,117
#ubuntu,2014-04-10,False,17,187
#ubuntu,2014-04-10,False,18,145
#ubuntu,2014-04-10,False,19,155
#ubuntu,2014-04-10,False,20,170
#ubuntu,2014-04-10,False,21,182
#ubuntu,2014-04-10,False,22,197
#ubuntu,2014-04-10,False,23,208
#ubuntu,2014-04-17,True,0,102
#ubuntu,2014-04-17,True,1,139
#ubuntu,2014-04-17,True,2,169
#ubuntu,2014-04-17,True,3,138
#ubuntu,2014-04-17,True,4,155
#ubuntu,2014-04-17,True,5,113
#ubuntu,2014-04-17,True,6,205
#ubuntu,2014-04-17,True,7,146
#ubuntu,2014-04-17,True,8,155
#ubuntu,2014-04-17,True,9,86
#ubuntu,2014-04-17,True,10,168
#ubuntu,2014-04-17,True,11,157
#ubuntu,2014-04-17,True,12,87
#ubuntu,2014-04-17,True,13,216
#ubuntu,2014-04-17,True,14,298
#ubuntu,2014-04-17,True,15,459
#ubuntu,2014-04-17,True,16,512
#ubuntu,2014-04-17,True,17,421
#ubuntu,2014-04-17,True,18,356
#ubuntu,2014-04-17,True,19,478
#ubuntu,2014-04-17,True,20,251
#ubuntu,2014-04-17,True,21,243
#ubuntu,2014-04-17,True,22,313
#ubuntu,2014-04-17,True,23,253
#ubuntu,2014-04-24,False,0,241
#ubuntu,2014-04-24,False,1,260
#ubuntu,2014-04-24,False,2,216
#ubuntu,2014-04-24,False,3,117
#ubuntu,2014-04-24,False,4,102
#ubuntu,2014-04-24,False,5,84
#ubuntu,2014-04-24,False,6,94
#ubuntu,2014-04-24,False,7,96
#ubuntu,2014-04-24,False,8,90
#ubuntu,2014-04-24,False,9,200
#ubuntu,2014-04-24,False,10,246
#ubuntu,2014-04-24,False,11,97
#ubuntu,2014-04-24,False,12,127
#ubuntu,2014-04-24,False,13,81
#ubuntu,2014-04-24,False,14,287
#ubuntu,2014-04-24,False,15,204
#ubuntu,2014-04-24,False,16,140
#ubuntu,2014-04-24,False,17,134
#ubuntu,2014-04-24,False,18,236
#ubuntu,2014-04-24,False,19,208
#ubuntu,2014-04-24,False,20,185
#ubuntu,2014-04-24,False,21,155
#ubuntu,2014-04-24,False,22,120
#ubuntu,2014-04-24,False,23,96
#ubuntu,2014-05-01,False,0,110
#ubuntu,2014-05-01,False,1,189
#ubuntu,2014-05-01,False,2,80
#ubuntu,2014-05-01,False,3,84
#ubuntu,2014-05-01,False,4,110
#ubuntu,2014-05-01,False,5,214
#ubuntu,2014-05-01,False,6,198
#ubuntu,2014-05-01,False,7,310
#ubuntu,2014-05-01,False,8,286
#ubuntu,2014-05-01,False,9,232
#ubuntu,2014-05-01,False,10,123
#ubuntu,2014-05-01,False,11,114
#ubuntu,2014-05-01,False,12,166
#ubuntu,2014-05-01,False,13,221
#ubuntu,2014-05-01,False,14,242
#ubuntu,2014-05-01,False,15,159
#ubuntu,2014-05-01,False,16,273
#ubuntu,2014-05-01,False,17,224
#ubuntu,2014-05-01,False,18,290
#ubuntu,2014-05-01,False,19,173
#ubuntu,2014-05-01,False,20,239
#ubuntu,2014-05-01,False,21,184
#ubuntu,2014-05-01,False,22,46
#ubuntu,2014-05-01,False,23,127
#ubuntu,2014-05-08,False,0,137
#ubuntu,2014-05-08,False,1,74
#ubuntu,2014-05-08,False,2,63
#ubuntu,2014-05-08,False,3,98
#ubuntu,2014-05-08,False,4,287
#ubuntu,2014-05-08,False,5,184
#ubuntu,2014-05-08,False,6,274
#ubuntu,2014-05-08,False,7,308
#ubuntu,2014-05-08,False,8,153
#ubuntu,2014-05-08,False,9,189
#ubuntu,2014-05-08,False,10,139
#ubuntu,2014-05-08,False,11,149
#ubuntu,2014-05-08,False,12,202
#ubuntu,2014-05-08,False,13,145
#ubuntu,2014-05-08,False,14,177
#ubuntu,2014-05-08,False,15,238
#ubuntu,2014-05-08,False,16,188
#ubuntu,2014-05-08,False,17,82
#ubuntu,2014-05-08,False,18,219
#ubuntu,2014-05-08,False,19,145
#ubuntu,2014-05-08,False,20,122
#ubuntu,2014-05-08,False,21,228
#ubuntu,2014-05-08,False,22,291
#ubuntu,2014-05-08,False,23,290
#ubuntu,2014-05-15,False,0,108
#ubuntu,2014-05-15,False,1,56
#ubuntu,2014-05-15,False,2,101
#ubuntu,2014-05-15,False,3,103
#ubuntu,2014-05-15,False,4,204
#ubuntu,2014-05-15,False,5,61
#ubuntu,2014-05-15,False,6,76
#ubuntu,2014-05-15,False,7,102
#ubuntu,2014-05-15,False,8,73
#ubuntu,2014-05-15,False,9,59
#ubuntu,2014-05-15,False,10,100
#ubuntu,2014-05-15,False,11,131
#ubuntu,2014-05-15,False,12,81
#ubuntu,2014-05-15,False,13,100
#ubuntu,2014-05-15,False,14,196
#ubuntu,2014-05-15,False,15,174
#ubuntu,2014-05-15,False,16,100
#ubuntu,2014-05-15,False,17,102
#ubuntu,2014-05-15,False,18,126
#ubuntu,2014-05-15,False,19,157
#ubuntu,2014-05-15,False,20,154
#ubuntu,2014-05-15,False,21,247
#ubuntu,2014-05-15,False,22,269
#ubuntu,2014-05-15,False,23,121
#ubuntu,2014-05-22,False,0,50
#ubuntu,2014-05-22,False,1,196
#ubuntu,2014-05-22,False,2,121
#ubuntu,2014-05-22,False,3,69
#ubuntu,2014-05-22,False,4,83
#ubuntu,2014-05-22,False,5,68
#ubuntu,2014-05-22,False,6,86
#ubuntu,2014-05-22,False,7,228
#ubuntu,2014-05-22,False,8,266
#ubuntu,2014-05-22,False,9,178
#ubuntu,2014-05-22,False,10,211
#ubuntu,2014-05-22,False,11,114
#ubuntu,2014-05-22,False,12,53
#ubuntu,2014-05-22,False,13,184
#ubuntu,2014-05-22,False,14,243
#ubuntu,2014-05-22,False,15,170
#ubuntu,2014-05-22,False,16,59
#ubuntu,2014-05-22,False,17,101
#ubuntu,2014-05-22,False,18,225
#ubuntu,2014-05-22,False,19,115
#ubuntu,2014-05-22,False,20,118
#ubuntu,2014-05-22,False,21,111
#ubuntu,2014-05-22,False,22,167
#ubuntu,2014-05-22,False,23,92
#ubuntu,2014-05-29,False,0,132
#ubuntu,2014-05-29,False,1,156
#ubuntu,2014-05-29,False,2,281
#ubuntu,2014-05-29,False,3,168
#ubuntu,2014-05-29,False,4,90
#ubuntu,2014-05-29,False,5,225
#ubuntu,2014-05-29,False,6,107
#ubuntu,2014-05-29,False,7,86
#ubuntu,2014-05-29,False,8,83
#ubuntu,2014-05-29,False,9,152
#ubuntu,2014-05-29,False,10,102
#ubuntu,2014-05-29,False,11,32
#ubuntu,2014-05-29,False,12,67
#ubuntu,2014-05-29,False,13,137
#ubuntu,2014-05-29,False,14,146
#ubuntu,2014-05-29,False,15,216
#ubuntu,2014-05-29,False,16,206
#ubuntu,2014-05-29,False,17,159
#ubuntu,2014-05-29,False,18,111
#ubuntu,2014-05-29,False,19,136
#ubuntu,2014-05-29,False,20,109
#ubuntu,2014-05-29,False,21,99
#ubuntu,2014-05-29,False,22,189
#ubuntu,2014-05-29,False,23,209
#ubuntu,2014-06-05,False,0,250
#ubuntu,2014-06-05,False,1,99
#ubuntu,2014-06-05,False,2,49
#ubuntu,2014-06-05,False,3,118
#ubuntu,2014-06-05,False,4,114
#ubuntu,2014-06-05,False,5,118
#ubuntu,2014-06-05,False,6,92
#ubuntu,2014-06-05,False,7,40
#ubuntu,2014-06-05,False,8,214
#ubuntu,2014-06-05,False,9,78
#ubuntu,2014-06-05,False,10,157
#ubuntu,2014-06-05,False,11,122
#ubuntu,2014-06-05,False,12,218
#ubuntu,2014-06-05,False,13,209
#ubuntu,2014-06-05,False,14,80
#ubuntu,2014-06-05,False,15,295
#ubuntu,2014-06-05,False,16,203
#ubuntu,2014-06-05,False,17,91
#ubuntu,2014-06-05,False,18,130
#ubuntu,2014-06-05,False,19,268
#ubuntu,2014-06-05,False,20,197
#ubuntu,2014-06-05,False,21,100
#ubuntu,2014-06-05,False,22,222
#ubuntu,2014-06-05,False,23,260
#ubuntu,2014-06-12,False,0,45
#ubuntu,2014-06-12,False,1,215
#ubuntu,2014-06-12,False,2,226
#ubuntu,2014-06-12,False,3,73
#ubuntu,2014-06-12,False,4,320
#ubuntu,2014-06-12,False,5,164
#ubuntu,2014-06-12,False,6,68
#ubuntu,2014-06-12,False,7,231
#ubuntu,2014-06-12,False,8,279
#ubuntu,2014-06-12,False,9,124
#ubuntu,2014-06-12,False,10,197
#ubuntu,2014-06-12,False,11,87
#ubuntu,2014-06-12,False,12,102
#ubuntu,2014-06-12,False,13,94
#ubuntu,2014-06-12,False,14,176
#ubuntu,2014-06-12,False,15,109
#ubuntu,2014-06-12,False,16,85
#ubuntu,2014-06-12,False,17,120
#ubuntu,2014-06-12,False,18,56
#ubuntu,2014-06-12,False,19,131
#ubuntu,2014-06-12,False,20,87
#ubuntu,2014-06-12,False,21,229
#ubuntu,2014-06-12,False,22,162
#ubuntu,2014-06-12,False,23,89
#ubuntu,2014-06-19,False,0,230
#ubuntu,2014-06-19,False,1,146
#ubuntu,2014-06-19,False,2,152
#ubuntu,2014-06-19,False,3,95
#ubuntu,2014-06-19,False,4,75
#ubuntu,2014-06-19,False,5,142
#ubuntu,2014-06-19,False,6,142
#ubuntu,2014-06-19,False,7,230
#ubuntu,2014-06-19,False,8,172
#ubuntu,2014-06-19,False,9,203
#ubuntu,2014-06-19,False,10,260
#ubuntu,2014-06-19,False,11,226
#ubuntu,2014-06-19,False,12,213
#ubuntu,2014-06-19,False,13,262
#ubuntu,2014-06-19,False,14,142
#ubuntu,2014-06-19,False,15,212
#ubuntu,2014-06-19,False,16,95
#ubuntu,2014-06-19,False,17,136
#ubuntu,2014-06-19,False,18,107
#ubuntu,2014-06-19,False,19,167
#ubuntu,2014-06-19,False,20,56
#ubuntu,2014-06-19,False,21,57
#ubuntu,2014-06-19,False,22,132
#ubuntu,2014-06-19,False,23,94
#ubuntu,2014-06-26,False,0,72
#ubuntu,2014-06-26,False,1,91
#ubuntu,2014-06-26,False,2,258
#ubuntu,2014-06-26,False,3,119
#ubuntu,2014-06-26,False,4,102
#ubuntu,2014-06-26,False,5,87
#ubuntu,2014-06-26,False,6,28
#ubuntu,2014-06-26,False,7,71
#ubuntu,2014-06-26,False,8,78
#ubuntu,2014-06-26,False,9,125
#ubuntu,2014-06-26,False,10,27
#ubuntu,2014-06-26,False,11,189
#ubuntu,2014-06-26,False,12,75
#ubuntu,2014-06-26,False,13,59
#ubuntu,2014-06-26,False,14,59
#ubuntu,2014-06-26,False,15,121
#ubuntu,2014-06-26,False,16,83
#ubuntu,2014-06-26,False,17,70
#ubuntu,2014-06-26,False,18,62
#ubuntu,2014-06-26,False,19,304
#ubuntu,2014-06-26,False,20,167
#ubuntu,2014-06-26,False,21,58
#ubuntu,2014-06-26,False,22,43
#ubuntu,2014-06-26,False,23,51
#ubuntu,2014-07-03,False,0,93
#ubuntu,2014-07-03,False,1,78
#ubuntu,2014-07-03,False,2,168
#ubuntu,2014-07-03,False,3,192
#ubuntu,2014-07-03,False,4,177
#ubuntu,2014-07-03,False,5,123
#ubuntu,2014-07-03,False,6,57
#ubuntu,2014-07-03,False,7,85
#ubuntu,2014-07-03,False,8,224
#ubuntu,2014-07-03,False,9,174
#ubuntu,2014-07-03,False,10,110
#ubuntu,2014-07-03,False,11,181
#ubuntu,2014-07-03,False,12,230
#ubuntu,2014-07-03,False,13,200
#ubuntu,2014-07-03,False,14,115
#ubuntu,2014-07-03,False,15,310
#ubuntu,2014-07-03,False,16,98
#ubuntu,2014-07-03,False,17,265
#ubuntu,2014-07-03,False,18,185
#ubuntu,2014-07-03,False,19,233
#ubuntu,2014-07-03,False,20,121
#ubuntu,2014-07-03,False,21,218
#ubuntu,2014-07-03,False,22,62
#ubuntu,2014-07-03,False,23,217
#ubuntu,2014-07-10,False,0,38
#ubuntu,2014-07-10,False,1,106
#ubuntu,2014-07-10,False,2,20
#ubuntu,2014-07-10,False,3,34
#ubuntu,2014-07-10,False,4,68
#ubuntu,2014-07-10,False,5,97
#ubuntu,2014-07-10,False,6,106
#ubuntu,2014-07-10,False,7,82
#ubuntu,2014-07-10,False,8,195
#ubuntu,2014-07-10,False,9,123
#ubuntu,2014-07-10,False,10,24
#ubuntu,2014-07-10,False,11,14
#ubuntu,2014-07-10,False,12,88
#ubuntu,2014-07-10,False,13,40
#ubuntu,2014-07-10,False,14,138
#ubuntu,2014-07-10,False,15,118
#ubuntu,2014-07-10,False,16,128
#ubuntu,2014-07-10,False,17,170
#ubuntu,2014-07-10,False,18,185
#ubuntu,2014-07-10,False,19,176
#ubuntu,2014-07-10,False,20,78
#ubuntu,2014-07-10,False,21,155
#ubuntu,2014-07-10,False,22,173
#ubuntu,2014-07-10,False,23,154
#ubuntu,2014-07-17,False,0,162
#ubuntu,2014-07-17,False,1,179
#ubuntu,2014-07-17,False,2,317
#ubuntu,2014-07-17,False,3,371
#ubuntu,2014-07-17,False,4,130
#ubuntu,2014-07-17,False,5,61
#ubuntu,2014-07-17,False,6,89
#ubuntu,2014-07-17,False,7,185
#ubuntu,2014-07-17,False,8,179
#ubuntu,2014-07-17,False,9,111
#ubuntu,2014-07-17,False,10,83
#ubuntu,2014-07-17,False,11,38
#ubuntu,2014-07-17,False,12,174
#ubuntu,2014-07-17,False,13,145
#ubuntu,2014-07-17,False,14,101
#ubuntu,2014-07-17,False,15,167
#ubuntu,2014-07-17,False,16,224
#ubuntu,2014-07-17,False,17,158
#ubuntu,2014-07-17,False,18,191
#ubuntu,2014-07-17,False,19,334
#ubuntu,2014-07-17,False,20,264
#ubuntu,2014-07-17,False,21,250
#ubuntu,2014-07-17,False,22,132
#ubuntu,2014-07-17,False,23,211
#ubuntu,2014-07-24,False,0,85
#ubuntu,2014-07-24,False,1,264
#ubuntu,2014-07-24,False,2,287
#ubuntu,2014-07-24,False,3,267
#ubuntu,2014-07-24,False,4,206
#ubuntu,2014-07-24,False,5,172
#ubuntu,2014-07-24,False,6,122
#ubuntu,2014-07-24,False,7,115
#ubuntu,2014-07-24,False,8,111
#ubuntu,2014-07-24,False,9,43
#ubuntu,2014-07-24,False,10,113
#ubuntu,2014-07-24,False,11,39
#ubuntu,2014-07-24,False,12,110
#ubuntu,2014-07-24,False,13,90
#ubuntu,2014-07-24,False,14,61
#ubuntu,2014-07-24,False,15,123
#ubuntu,2014-07-24,False,16,135
#ubuntu,2014-07-24,False,17,179
#ubuntu,2014-07-24,False,18,153
#ubuntu,2014-07-24,False,19,150
#ubuntu,2014-07-24,False,20,215
#ubuntu,2014-07-24,False,21,157
#ubuntu,2014-07-24,False,22,81
#ubuntu,2014-07-24,False,23,149
#ubuntu,2014-07-31,False,0,139
#ubuntu,2014-07-31,False,1,123
#ubuntu,2014-07-31,False,2,223
#ubuntu,2014-07-31,False,3,167
#ubuntu,2014-07-31,False,4,161
#ubuntu,2014-07-31,False,5,161
#ubuntu,2014-07-31,False,6,163
#ubuntu,2014-07-31,False,7,153
#ubuntu,2014-07-31,False,8,177
#ubuntu,2014-07-31,False,9,110
#ubuntu,2014-07-31,False,10,62
#ubuntu,2014-07-31,False,11,92
#ubuntu,2014-07-31,False,12,23
#ubuntu,2014-07-31,False,13,159
#ubuntu,2014-07-31,False,14,171
#ubuntu,2014-07-31,False,15,124
#ubuntu,2014-07-31,False,16,217
#ubuntu,2014-07-31,False,17,35
#ubuntu,2014-07-31,False,18,110
#ubuntu,2014-07-31,False,19,180
#ubuntu,2014-07-31,False,20,166
#ubuntu,2014-07-31,False,21,126
#ubuntu,2014-07-31,False,22,131
#ubuntu,2014-07-31,False,23,104
#ubuntu,2014-08-07,False,0,115
#ubuntu,2014-08-07,False,1,225
#ubuntu,2014-08-07,False,2,261
#ubuntu,2014-08-07,False,3,175
#ubuntu,2014-08-07,False,4,58
#ubuntu,2014-08-07,False,5,161
#ubuntu,2014-08-07,False,6,90
#ubuntu,2014-08-07,False,7,107
#ubuntu,2014-08-07,False,8,93
#ubuntu,2014-08-07,False,9,30
#ubuntu,2014-08-07,False,10,92
#ubuntu,2014-08-07,False,11,78
#ubuntu,2014-08-07,False,12,168
#ubuntu,2014-08-07,False,13,146
#ubuntu,2014-08-07,False,14,126
#ubuntu,2014-08-07,False,15,118
#ubuntu,2014-08-07,False,16,208
#ubuntu,2014-08-07,False,17,128
#ubuntu,2014-08-07,False,18,114
#ubuntu,2014-08-07,False,19,109
#ubuntu,2014-08-07,False,20,80
#ubuntu,2014-08-07,False,21,163
#ubuntu,2014-08-07,False,22,250
#ubuntu,2014-08-07,False,23,166
#ubuntu,2014-08-14,False,0,159
#ubuntu,2014-08-14,False,1,207
#ubuntu,2014-08-14,False,2,226
#ubuntu,2014-08-14,False,3,115
#ubuntu,2014-08-14,False,4,132
#ubuntu,2014-08-14,False,5,94
#ubuntu,2014-08-14,False,6,188
#ubuntu,2014-08-14,False,7,106
#ubuntu,2014-08-14,False,8,99
#ubuntu,2014-08-14,False,9,236
#ubuntu,2014-08-14,False,10,124
#ubuntu,2014-08-14,False,11,141
#ubuntu,2014-08-14,False,12,175
#ubuntu,2014-08-14,False,13,66
#ubuntu,2014-08-14,False,14,91
#ubuntu,2014-08-14,False,15,104
#ubuntu,2014-08-14,False,16,101
#ubuntu,2014-08-14,False,17,83
#ubuntu,2014-08-14,False,18,198
#ubuntu,2014-08-14,False,19,170
#ubuntu,2014-08-14,False,20,199
#ubuntu,2014-08-14,False,21,173
#ubuntu,2014-08-14,False,22,265
#ubuntu,2014-08-14,False,23,208
#ubuntu,2014-08-21,False,0,140
#ubuntu,2014-08-21,False,1,138
#ubuntu,2014-08-21,False,2,132
#ubuntu,2014-08-21,False,3,186
#ubuntu,2014-08-21,False,4,130
#ubuntu,2014-08-21,False,5,101
#ubuntu,2014-08-21,False,6,90
#ubuntu,2014-08-21,False,7,134
#ubuntu,2014-08-21,False,8,276
#ubuntu,2014-08-21,False,9,149
#ubuntu,2014-08-21,False,10,176
#ubuntu,2014-08-21,False,11,55
#ubuntu,2014-08-21,False,12,93
#ubuntu,2014-08-21,False,13,182
#ubuntu,2014-08-21,False,14,237
#ubuntu,2014-08-21,False,15,160
#ubuntu,2014-08-21,False,16,237
#ubuntu,2014-08-21,False,17,332
#ubuntu,2014-08-21,False,18,236
#ubuntu,2014-08-21,False,19,263
#ubuntu,2014-08-21,False,20,201
#ubuntu,2014-08-21,False,21,204
#ubuntu,2014-08-21,False,22,171
#ubuntu,2014-08-21,False,23,113
#ubuntu,2014-08-28,False,0,117
#ubuntu,2014-08-28,False,1,94
#ubuntu,2014-08-28,False,2,30
#ubuntu,2014-08-28,False,3,79
#ubuntu,2014-08-28,False,4,144
#ubuntu,2014-08-28,False,5,96
#ubuntu,2014-08-28,False,6,21
#ubuntu,2014-08-28,False,7,140
#ubuntu,2014-08-28,False,8,245
#ubuntu,2014-08-28,False,9,279
#ubuntu,2014-08-28,False,10,99
#ubuntu,2014-08-28,False,11,172
#ubuntu,2014-08-28,False,12,323
#ubuntu,2014-08-28,False,13,246
#ubuntu,2014-08-28,False,14,137
#ubuntu,2014-08-28,False,15,94
#ubuntu,2014-08-28,False,16,187
#ubuntu,2014-08-28,False,17,126
#ubuntu,2014-08-28,False,18,92
#ubuntu,2014-08-28,False,19,152
#ubuntu,2014-08-28,False,20,110
#ubuntu,2014-08-28,False,21,53
#ubuntu,2014-08-28,False,22,73
#ubuntu,2014-08-28,False,23,40
#ubuntu,2014-09-04,False,0,255
#ubuntu,2014-09-04,False,1,70
#ubuntu,2014-09-04,False,2,82
#ubuntu,2014-09-04,False,3,118
#ubuntu,2014-09-04,False,4,101
#ubuntu,2014-09-04,False,5,70
#ubuntu,2014-09-04,False,6,79
#ubuntu,2014-09-04,False,7,59
#ubuntu,2014-09-04,False,8,129
#ubuntu,2014-09-04,False,9,198
#ubuntu,2014-09-04,False,10,74
#ubuntu,2014-09-04,False,11,146
#ubuntu,2014-09-04,False,12,196
#ubuntu,2014-09-04,False,13,314
#ubuntu,2014-09-04,False,14,283
#ubuntu,2014-09-04,False,15,193
#ubuntu,2014-09-04,False,16,125
#ubuntu,2014-09-04,False,17,190
#ubuntu,2014-09-04,False,18,134
#ubuntu,2014-09-04,False,19,129
#ubuntu,2014-09-04,False,20,182
#ubuntu,2014-09-04,False,21,128
#ubuntu,2014-09-04,False,22,183
#ubuntu,2014-09-04,False,23,98
#ubuntu,2014-09-11,False,0,140
#ubuntu,2014-09-11,False,1,185
#ubuntu,2014-09-11,False,2,218
#ubuntu,2014-09-11,False,3,172
#ubuntu,2014-09-11,False,4,54
#ubuntu,2014-09-11,False,5,58
#ubuntu,2014-09-11,False,6,35
#ubuntu,2014-09-11,False,7,179
#ubuntu,2014-09-11,False,8,129
#ubuntu,2014-09-11,False,9,34
#ubuntu,2014-09-11,False,10,71
#ubuntu,2014-09-11,False,11,149
#ubuntu,2014-09-11,False,12,90
#ubuntu,2014-09-11,False,13,65
#ubuntu,2014-09-11,False,14,88
#ubuntu,2014-09-11,False,15,149
#ubuntu,2014-09-11,False,16,237
#ubuntu,2014-09-11,False,17,91
#ubuntu,2014-09-11,False,18,69
#ubuntu,2014-09-11,False,19,116
#ubuntu,2014-09-11,False,20,223
#ubuntu,2014-09-11,False,21,243
#ubuntu,2014-09-11,False,22,126
#ubuntu,2014-09-11,False,23,194
#ubuntu,2014-09-18,False,0,81
#ubuntu,2014-09-18,False,1,138
#ubuntu,2014-09-18,False,2,121
#ubuntu,2014-09-18,False,3,48
#ubuntu,2014-09-18,False,4,62
#ubuntu,2014-09-18,False,5,77
#ubuntu,2014-09-18,False,6,93
#ubuntu,2014-09-18,False,7,45
#ubuntu,2014-09-18,False,8,17
#ubuntu,2014-09-18,False,9,122
#ubuntu,2014-09-18,False,10,137
#ubuntu,2014-09-18,False,11,97
#ubuntu,2014-09-18,False,12,25
#ubuntu,2014-09-18,False,13,53
#ubuntu,2014-09-18,False,14,167
#ubuntu,2014-09-18,False,15,183
#ubuntu,2014-09-18,False,16,232
#ubuntu,2014-09-18,False,17,50
#ubuntu,2014-09-18,False,18,156
#ubuntu,2014-09-18,False,19,117
#ubuntu,2014-09-18,False,20,122
#ubuntu,2014-09-18,False,21,78
#ubuntu,2014-09-18,False,22,72
#ubuntu,2014-09-18,False,23,49
#ubuntu,2014-09-25,False,0,175
#ubuntu,2014-09-25,False,1,111
#ubuntu,2014-09-25,False,2,141
#ubuntu,2014-09-25,False,3,109
#ubuntu,2014-09-25,False,4,177
#ubuntu,2014-09-25,False,5,74
#ubuntu,2014-09-25,False,6,54
#ubuntu,2014-09-25,False,7,93
#ubuntu,2014-09-25,False,8,176
#ubuntu,2014-09-25,False,9,97
#ubuntu,2014-09-25,False,10,63
#ubuntu,2014-09-25,False,11,98
#ubuntu,2014-09-25,False,12,90
#ubuntu,2014-09-25,False,13,93
#ubuntu,2014-09-25,False,14,126
#ubuntu,2014-09-25,False,15,213
#ubuntu,2014-09-25,False,16,149
#ubuntu,2014-09-25,False,17,88
#ubuntu,2014-09-25,False,18,226
#ubuntu,2014-09-25,False,19,120
#ubuntu,2014-09-25,False,20,176
#ubuntu,2014-09-25,False,21,80
#ubuntu,2014-09-25,False,22,248
#ubuntu,2014-09-25,False,23,163
#ubuntu,2014-10-02,False,0,131
#ubuntu,2014-10-02,False,1,171
#ubuntu,2014-10-02,False,2,72
#ubuntu,2014-10-02,False,3,59
#ubuntu,2014-10-02,False,4,114
#ubuntu,2014-10-02,False,5,62
#ubuntu,2014-10-02,False,6,75
#ubuntu,2014-10-02,False,7,34
#ubuntu,2014-10-02,False,8,196
#ubuntu,2014-10-02,False,9,125
#ubuntu,2014-10-02,False,10,116
#ubuntu,2014-10-02,False,11,190
#ubuntu,2014-10-02,False,12,121
#ubuntu,2014-10-02,False,13,48
#ubuntu,2014-10-02,False,14,104
#ubuntu,2014-10-02,False,15,285
#ubuntu,2014-10-02,False,16,147
#ubuntu,2014-10-02,False,17,119
#ubuntu,2014-10-02,False,18,225
#ubuntu,2014-10-02,False,19,83
#ubuntu,2014-10-02,False,20,110
#ubuntu,2014-10-02,False,21,102
#ubuntu,2014-10-02,False,22,145
#ubuntu,2014-10-02,False,23,37
#ubuntu,2014-10-09,False,0,192
#ubuntu,2014-10-09,False,1,73
#ubuntu,2014-10-09,False,2,26
#ubuntu,2014-10-09,False,3,120
#ubuntu,2014-10-09,False,4,147
#ubuntu,2014-10-09,False,5,172
#ubuntu,2014-10-09,False,6,147
#ubuntu,2014-10-09,False,7,74
#ubuntu,2014-10-09,False,8,188
#ubuntu,2014-10-09,False,9,131
#ubuntu,2014-10-09,False,10,141
#ubuntu,2014-10-09,False,11,78
#ubuntu,2014-10-09,False,12,173
#ubuntu,2014-10-09,False,13,145
#ubuntu,2014-10-09,False,14,97
#ubuntu,2014-10-09,False,15,186
#ubuntu,2014-10-09,False,16,108
#ubuntu,2014-10-09,False,17,164
#ubuntu,2014-10-09,False,18,78
#ubuntu,2014-10-09,False,19,111
#ubuntu,2014-10-09,False,20,271
#ubuntu,2014-10-09,False,21,208
#ubuntu,2014-10-09,False,22,203
#ubuntu,2014-10-09,False,23,134
#ubuntu,2014-10-16,False,0,129
#ubuntu,2014-10-16,False,1,86
#ubuntu,2014-10-16,False,2,83
#ubuntu,2014-10-16,False,3,113
#ubuntu,2014-10-16,False,4,280
#ubuntu,2014-10-16,False,5,63
#ubuntu,2014-10-16,False,6,45
#ubuntu,2014-10-16,False,7,67
#ubuntu,2014-10-16,False,8,141
#ubuntu,2014-10-16,False,9,133
#ubuntu,2014-10-16,False,10,220
#ubuntu,2014-10-16,False,11,139
#ubuntu,2014-10-16,False,12,110
#ubuntu,2014-10-16,False,13,245
#ubuntu,2014-10-16,False,14,140
#ubuntu,2014-10-16,False,15,99
#ubuntu,2014-10-16,False,16,202
#ubuntu,2014-10-16,False,17,83
#ubuntu,2014-10-16,False,18,139
#ubuntu,2014-10-16,False,19,115
#ubuntu,2014-10-16,False,20,100
#ubuntu,2014-10-16,False,21,241
#ubuntu,2014-10-16,False,22,218
#ubuntu,2014-10-16,False,23,106
#ubuntu,2014-10-23,True,0,54
#ubuntu,2014-10-23,True,1,170
#ubuntu,2014-10-23,True,2,237
#ubuntu,2014-10-23,True,3,85
#ubuntu,2014-10-23,True,4,59
#ubuntu,2014-10-23,True,5,124
#ubuntu,2014-10-23,True,6,221
#ubuntu,2014-10-23,True,7,108
#ubuntu,2014-10-23,True,8,106
#ubuntu,2014-10-23,True,9,91
#ubuntu,2014-10-23,True,10,89
#ubuntu,2014-10-23,True,11,203
#ubuntu,2014-10-23,True,12,195
#ubuntu,2014-10-23,True,13,268
#ubuntu,2014-10-23,True,14,195
#ubuntu,2014-10-23,True,15,153
#ubuntu,2014-10-23,True,16,194
#ubuntu,2014-10-23,True,17,334
#ubuntu,2014-10-23,True,18,257
#ubuntu,2014-10-23,True,19,242
#ubuntu,2014-10-23,True,20,234
#ubuntu,2014-10-23,True,21,368
#ubuntu,2014-10-23,True,22,228
#ubuntu,2014-10-23,True,23,160
#ubuntu,2014-10-30,False,0,216
#ubuntu,2014-10-30,False,1,185
#ubuntu,2014-10-30,False,2,135
#ubuntu,2014-10-30,False,3,130
#ubuntu,2014-10-30,False,4,272
#ubuntu,2014-10-30,False,5,101
#ubuntu,2014-10-30,False,6,154
#ubuntu,2014-10-30,False,7,113
#ubuntu,2014-10-30,False,8,66
#ubuntu,2014-10-30,False,9,157
#ubuntu,2014-10-30,False,10,61
#ubuntu,2014-10-30,False,11,86
#ubuntu,2014-10-30,False,12,55
#ubuntu,2014-10-30,False,13,116
#ubuntu,2014-10-30,False,14,79
#ubuntu,2014-10-30,False,15,284
#ubuntu,2014-10-30,False,16,171
#ubuntu,2014-10-30,False,17,176
#ubuntu,2014-10-30,False,18,176
#ubuntu,2014-10-30,False,19,121
#ubuntu,2014-10-30,False,20,194
#ubuntu,2014-10-30,False,21,272
#ubuntu,2014-10-30,False,22,106
#ubuntu,2014-10-30,False,23,215
#ubuntu,2014-11-06,False,0,185
#ubuntu,2014-11-06,False,1,193
#ubuntu,2014-11-06,False,2,151
#ubuntu,2014-11-06,False,3,116
#ubuntu,2014-11-06,False,4,115
#ubuntu,2014-11-06,False,5,137
#ubuntu,2014-11-06,False,6,53
#ubuntu,2014-11-06,False,7,52
#ubuntu,2014-11-06,False,8,160
#ubuntu,2014-11-06,False,9,161
#ubuntu,2014-11-06,False,10,225
#ubuntu,2014-11-06,False,11,174
#ubuntu,2014-11-06,False,12,164
#ubuntu,2014-11-06,False,13,77
#ubuntu,2014-11-06,False,14,101
#ubuntu,2014-11-06,False,15,131
#ubuntu,2014-11-06,False,16,59
#ubuntu,2014-11-06,False,17,108
#ubuntu,2014-11-06,False,18,128
#ubuntu,2014-11-06,False,19,171
#ubuntu,2014-11-06,False,20,141
#ubuntu,2014-11-06,False,21,222
#ubuntu,2014-11-06,False,22,204
#ubuntu,2014-11-06,False,23,167
#ubuntu,2014-11-13,False,0,71
#ubuntu,2014-11-13,False,1,26
#ubuntu,2014-11-13,False,2,164
#ubuntu,2014-11-13,False,3,67
#ubuntu,2014-11-13,False,4,162
#ubuntu,2014-11-13,False,5,56
#ubuntu,2014-11-13,False,6,105
#ubuntu,2014-11-13,False,7,216
#ubuntu,2014-11-13,False,8,64
#ubuntu,2014-11-13,False,9,160
#ubuntu,2014-11-13,False,10,171
#ubuntu,2014-11-13,False,11,58
#ubuntu,2014-11-13,False,12,67
#ubuntu,2014-11-13,False,13,71
#ubuntu,2014-11-13,False,14,213
#ubuntu,2014-11-13,False,15,261
#ubuntu,2014-11-13,False,16,58
#ubuntu,2014-11-13,False,17,114
#ubuntu,2014-11-13,False,18,95
#ubuntu,2014-11-13,False,19,173
#ubuntu,2014-11-13,False,20,169
#ubuntu,2014-11-13,False,21,54
#ubuntu,2014-11-13,False,22,103
#ubuntu,2014-11-13,False,23,169
#ubuntu,2014-11-20,False,0,104
#ubuntu,2014-11-20,False,1,109
#ubuntu,2014-11-20,False,2,105
#ubuntu,2014-11-20,False,3,116
#ubuntu,2014-11-20,False,4,140
#ubuntu,2014-11-20,False,5,181
#ubuntu,2014-11-20,False,6,28
#ubuntu,2014-11-20,False,7,75
#ubuntu,2014-11-20,False,8,116
#ubuntu,2014-11-20,False,9,51
#ubuntu,2014-11-20,False,10,38
#ubuntu,2014-11-20,False,11,55
#ubuntu,2014-11-20,False,12,73
#ubuntu,2014-11-20,False,13,213
#ubuntu,2014-11-20,False,14,129
#ubuntu,2014-11-20,False,15,111
#ubuntu,2014-11-20,False,16,55
#ubuntu,2014-11-20,False,17,54
#ubuntu,2014-11-20,False,18,23
#ubuntu,2014-11-20,False,19,130
#ubuntu,2014-11-20,False,20,170
#ubuntu,2014-11-20,False,21,129
#ubuntu,2014-11-20,False,22,190
#ubuntu,2014-11-20,False,23,145
#ubuntu,2014-11-27,False,0,116
#ubuntu,2014-11-27,False,1,25
#ubuntu,2014-11-27,False,2,143
#ubuntu,2014-11-27,False,3,93
#ubuntu,2014-11-27,False,4,79
#ubuntu,2014-11-27,False,5,81
#ubuntu,2014-11-27,False,6,40
#ubuntu,2014-11-27,False,7,136
#ubuntu,2014-11-27,False,8,118
#ubuntu,2014-11-27,False,9,176
#ubuntu,2014-11-27,False,10,74
#ubuntu,2014-11-27,False,11,34
#ubuntu,2014-11-27,False,12,68
#ubuntu,2014-11-27,False,13,182
#ubuntu,2014-11-27,False,14,158
#ubuntu,2014-11-27,False,15,90
#ubuntu,2014-11-27,False,16,271
#ubuntu,2014-11-27,False,17,194
#ubuntu,2014-11-27,False,18,149
#ubuntu,2014-11-27,False,19,177
#ubuntu,2014-11-27,False,20,118
#ubuntu,2014-11-27,False,21,110
#ubuntu,2014-11-27,False,22,98
#ubuntu,2014-11-27,False,23,112
#ubuntu,2014-12-04,False,0,109
#ubuntu,2014-12-04,False,1,150
#ubuntu,2014-12-04,False,2,208
#ubuntu,2014-12-04,False,3,100
#ubuntu,2014-12-04,False,4,127
#ubuntu,2014-12-04,False,5,85
#ubuntu,2014-12-04,False,6,93
#ubuntu,2014-12-04,False,7,38
#ubuntu,2014-12-04,False,8,37
#ubuntu,2014-12-04,False,9,151
#ubuntu,2014-12-04,False,10,50
#ubuntu,2014-12-04,False,11,55
#ubuntu,2014-12-04,False,12,103
#ubuntu,2014-12-04,False,13,78
#ubuntu,2014-12-04,False,14,216
#ubuntu,2014-12-04,False,15,212
#ubuntu,2014-12-04,False,16,85
#ubuntu,2014-12-04,False,17,101
#ubuntu,2014-12-04,False,18,125
#ubuntu,2014-12-04,False,19,119
#ubuntu,2014-12-04,False,20,170
#ubuntu,2014-12-04,False,21,227
#ubuntu,2014-12-04,False,22,218
#ubuntu,2014-12-04,False,23,67
#ubuntu,2014-12-11,False,0,105
#ubuntu,2014-12-11,False,1,71
#ubuntu,2014-12-11,False,2,77
#ubuntu,2014-12-11,False,3,226
#ubuntu,2014-12-11,False,4,160
#ubuntu,2014-12-11,False,5,95
#ubuntu,2014-12-11,False,6,70
#ubuntu,2014-12-11,False,7,59
#ubuntu,2014-12-11,False,8,114
#ubuntu,2014-12-11,False,9,158
#ubuntu,2014-12-11,False,10,166
#ubuntu,2014-12-11,False,11,91
#ubuntu,2014-12-11,False,12,85
#ubuntu,2014-12-11,False,13,61
#ubuntu,2014-12-11,False,14,116
#ubuntu,2014-12-11,False,15,131
#ubuntu,2014-12-11,False,16,148
#ubuntu,2014-12-11,False,17,419
#ubuntu,2014-12-11,False,18,423
#ubuntu,2014-12-11,False,19,397
#ubuntu,2014-12-11,False,20,146
#ubuntu,2014-12-11,False,21,113
#ubuntu,2014-12-11,False,22,295
#ubuntu,2014-12-11,False,23,269
#ubuntu,2014-12-18,False,0,102
#ubuntu,2014-12-18,False,1,25
#ubuntu,2014-12-18,False,2,101
#ubuntu,2014-12-18,False,3,132
#ubuntu,2014-12-18,False,4,120
#ubuntu,2014-12-18,False,5,103
#ubuntu,2014-12-18,False,6,41
#ubuntu,2014-12-18,False,7,53
#ubuntu,2014-12-18,False,8,143
#ubuntu,2014-12-18,False,9,78
#ubuntu,2014-12-18,False,10,93
#ubuntu,2014-12-18,False,11,94
#ubuntu,2014-12-18,False,12,76
#ubuntu,2014-12-18,False,13,74
#ubuntu,2014-12-18,False,14,92
#ubuntu,2014-12-18,False,15,147
#ubuntu,2014-12-18,False,16,109
#ubuntu,2014-12-18,False,17,81
#ubuntu,2014-12-18,False,18,153
#ubuntu,2014-12-18,False,19,198
#ubuntu,2014-12-18,False,20,251
#ubuntu,2014-12-18,False,21,178
#ubuntu,2014-12-18,False,22,81
#ubuntu,2014-12-18,False,23,183
#ubuntu,2014-12-25,False,0,60
#ubuntu,2014-12-25,False,1,134
#ubuntu,2014-12-25,False,2,58
#ubuntu,2014-12-25,False,3,18
#ubuntu,2014-12-25,False,4,15
#ubuntu,2014-12-25,False,5,47
#ubuntu,2014-12-25,False,6,80
#ubuntu,2014-12-25,False,7,32
#ubuntu,2014-12-25,False,8,43
#ubuntu,2014-12-25,False,9,75
#ubuntu,2014-12-25,False,10,48
#ubuntu,2014-12-25,False,11,36
#ubuntu,2014-12-25,False,12,58
#ubuntu,2014-12-25,False,13,60
#ubuntu,2014-12-25,False,14,111
#ubuntu,2014-12-25,False,15,158
#ubuntu,2014-12-25,False,16,264
#ubuntu,2014-12-25,False,17,34
#ubuntu,2014-12-25,False,18,64
#ubuntu,2014-12-25,False,19,149
#ubuntu,2014-12-25,False,20,130
#ubuntu,2014-12-25,False,21,172
#ubuntu,2014-12-25,False,22,155
#ubuntu,2014-12-25,False,23,111
#ubuntu,2015-01-01,False,0,218
#ubuntu,2015-01-01,False,1,105
#ubuntu,2015-01-01,False,2,134
#ubuntu,2015-01-01,False,3,121
#ubuntu,2015-01-01,False,4,134
#ubuntu,2015-01-01,False,5,69
#ubuntu,2015-01-01,False,6,52
#ubuntu,2015-01-01,False,7,72
#ubuntu,2015-01-01,False,8,87
#ubuntu,2015-01-01,False,9,13
#ubuntu,2015-01-01,False,10,18
#ubuntu,2015-01-01,False,11,71
#ubuntu,2015-01-01,False,12,40
#ubuntu,2015-01-01,False,13,56
#ubuntu,2015-01-01,False,14,35
#ubuntu,2015-01-01,False,15,116
#ubuntu,2015-01-01,False,16,147
#ubuntu,2015-01-01,False,17,178
#ubuntu,2015-01-01,False,18,98
#ubuntu,2015-01-01,False,19,77
#ubuntu,2015-01-01,False,20,109
#ubuntu,2015-01-01,False,21,112
#ubuntu,2015-01-01,False,22,93
#ubuntu,2015-01-01,False,23,69
#ubuntu,2015-01-08,False,0,100
#ubuntu,2015-01-08,False,1,137
#ubuntu,2015-01-08,False,2,57
#ubuntu,2015-01-08,False,3,106
#ubuntu,2015-01-08,False,4,131
#ubuntu,2015-01-08,False,5,94
#ubuntu,2015-01-08,False,6,147
#ubuntu,2015-01-08,False,7,77
#ubuntu,2015-01-08,False,8,86
#ubuntu,2015-01-08,False,9,94
#ubuntu,2015-01-08,False,10,97
#ubuntu,2015-01-08,False,11,71
#ubuntu,2015-01-08,False,12,47
#ubuntu,2015-01-08,False,13,56
#ubuntu,2015-01-08,False,14,47
#ubuntu,2015-01-08,False,15,67
#ubuntu,2015-01-08,False,16,88
#ubuntu,2015-01-08,False,17,168
#ubuntu,2015-01-08,False,18,132
#ubuntu,2015-01-08,False,19,174
#ubuntu,2015-01-08,False,20,225
#ubuntu,2015-01-08,False,21,175
#ubuntu,2015-01-08,False,22,170
#ubuntu,2015-01-08,False,23,105
#ubuntu,2015-01-15,False,0,104
#ubuntu,2015-01-15,False,1,90
#ubuntu,2015-01-15,False,2,155
#ubuntu,2015-01-15,False,3,26
#ubuntu,2015-01-15,False,4,107
#ubuntu,2015-01-15,False,5,230
#ubuntu,2015-01-15,False,6,413
#ubuntu,2015-01-15,False,7,86
#ubuntu,2015-01-15,False,8,51
#ubuntu,2015-01-15,False,9,72
#ubuntu,2015-01-15,False,10,59
#ubuntu,2015-01-15,False,11,55
#ubuntu,2015-01-15,False,12,112
#ubuntu,2015-01-15,False,13,121
#ubuntu,2015-01-15,False,14,82
#ubuntu,2015-01-15,False,15,116
#ubuntu,2015-01-15,False,16,207
#ubuntu,2015-01-15,False,17,111
#ubuntu,2015-01-15,False,18,199
#ubuntu,2015-01-15,False,19,220
#ubuntu,2015-01-15,False,20,200
#ubuntu,2015-01-15,False,21,133
#ubuntu,2015-01-15,False,22,116
#ubuntu,2015-01-15,False,23,84
#ubuntu,2015-01-22,False,0,153
#ubuntu,2015-01-22,False,1,142
#ubuntu,2015-01-22,False,2,194
#ubuntu,2015-01-22,False,3,183
#ubuntu,2015-01-22,False,4,31
#ubuntu,2015-01-22,False,5,63
#ubuntu,2015-01-22,False,6,52
#ubuntu,2015-01-22,False,7,7
#ubuntu,2015-01-22,False,8,47
#ubuntu,2015-01-22,False,9,28
#ubuntu,2015-01-22,False,10,24
#ubuntu,2015-01-22,False,11,85
#ubuntu,2015-01-22,False,12,193
#ubuntu,2015-01-22,False,13,83
#ubuntu,2015-01-22,False,14,36
#ubuntu,2015-01-22,False,15,158
#ubuntu,2015-01-22,False,16,108
#ubuntu,2015-01-22,False,17,92
#ubuntu,2015-01-22,False,18,94
#ubuntu,2015-01-22,False,19,94
#ubuntu,2015-01-22,False,20,133
#ubuntu,2015-01-22,False,21,144
#ubuntu,2015-01-22,False,22,94
#ubuntu,2015-01-22,False,23,87
#ubuntu,2015-01-29,False,0,64
#ubuntu,2015-01-29,False,1,89
#ubuntu,2015-01-29,False,2,71
#ubuntu,2015-01-29,False,3,34
#ubuntu,2015-01-29,False,4,62
#ubuntu,2015-01-29,False,5,46
#ubuntu,2015-01-29,False,6,93
#ubuntu,2015-01-29,False,7,75
#ubuntu,2015-01-29,False,8,50
#ubuntu,2015-01-29,False,9,40
#ubuntu,2015-01-29,False,10,72
#ubuntu,2015-01-29,False,11,91
#ubuntu,2015-01-29,False,12,85
#ubuntu,2015-01-29,False,13,219
#ubuntu,2015-01-29,False,14,174
#ubuntu,2015-01-29,False,15,149
#ubuntu,2015-01-29,False,16,221
#ubuntu,2015-01-29,False,17,150
#ubuntu,2015-01-29,False,18,169
#ubuntu,2015-01-29,False,19,284
#ubuntu,2015-01-29,False,20,137
#ubuntu,2015-01-29,False,21,246
#ubuntu,2015-01-29,False,22,78
#ubuntu,2015-01-29,False,23,115
#ubuntu,2015-02-05,False,0,227
#ubuntu,2015-02-05,False,1,131
#ubuntu,2015-02-05,False,2,90
#ubuntu,2015-02-05,False,3,104
#ubuntu,2015-02-05,False,4,99
#ubuntu,2015-02-05,False,5,41
#ubuntu,2015-02-05,False,6,11
#ubuntu,2015-02-05,False,7,78
#ubuntu,2015-02-05,False,8,39
#ubuntu,2015-02-05,False,9,162
#ubuntu,2015-02-05,False,10,89
#ubuntu,2015-02-05,False,11,59
#ubuntu,2015-02-05,False,12,41
#ubuntu,2015-02-05,False,13,143
#ubuntu,2015-02-05,False,14,146
#ubuntu,2015-02-05,False,15,205
#ubuntu,2015-02-05,False,16,88
#ubuntu,2015-02-05,False,17,43
#ubuntu,2015-02-05,False,18,34
#ubuntu,2015-02-05,False,19,137
#ubuntu,2015-02-05,False,20,140
#ubuntu,2015-02-05,False,21,90
#ubuntu,2015-02-05,False,22,87
#ubuntu,2015-02-05,False,23,131
#ubuntu,2015-02-12,False,0,97
#ubuntu,2015-02-12,False,1,80
#ubuntu,2015-02-12,False,2,37
#ubuntu,2015-02-12,False,3,134
#ubuntu,2015-02-12,False,4,70
#ubuntu,2015-02-12,False,5,166
#ubuntu,2015-02-12,False,6,117
#ubuntu,2015-02-12,False,7,76
#ubuntu,2015-02-12,False,8,94
#ubuntu,2015-02-12,False,9,114
#ubuntu,2015-02-12,False,10,121
#ubuntu,2015-02-12,False,11,84
#ubuntu,2015-02-12,False,12,106
#ubuntu,2015-02-12,False,13,134
#ubuntu,2015-02-12,False,14,180
#ubuntu,2015-02-12,False,15,181
#ubuntu,2015-02-12,False,16,119
#ubuntu,2015-02-12,False,17,151
#ubuntu,2015-02-12,False,18,187
#ubuntu,2015-02-12,False,19,99
#ubuntu,2015-02-12,False,20,129
#ubuntu,2015-02-12,False,21,168
#ubuntu,2015-02-12,False,22,174
#ubuntu,2015-02-12,False,23,107
#ubuntu,2015-02-19,False,0,62
#ubuntu,2015-02-19,False,1,182
#ubuntu,2015-02-19,False,2,48
#ubuntu,2015-02-19,False,3,112
#ubuntu,2015-02-19,False,4,200
#ubuntu,2015-02-19,False,5,269
#ubuntu,2015-02-19,False,6,111
#ubuntu,2015-02-19,False,7,162
#ubuntu,2015-02-19,False,8,159
#ubuntu,2015-02-19,False,9,132
#ubuntu,2015-02-19,False,10,114
#ubuntu,2015-02-19,False,11,136
#ubuntu,2015-02-19,False,12,156
#ubuntu,2015-02-19,False,13,125
#ubuntu,2015-02-19,False,14,90
#ubuntu,2015-02-19,False,15,63
#ubuntu,2015-02-19,False,16,67
#ubuntu,2015-02-19,False,17,115
#ubuntu,2015-02-19,False,18,178
#ubuntu,2015-02-19,False,19,245
#ubuntu,2015-02-19,False,20,220
#ubuntu,2015-02-19,False,21,135
#ubuntu,2015-02-19,False,22,163
#ubuntu,2015-02-19,False,23,117
#ubuntu,2015-02-26,False,0,88
#ubuntu,2015-02-26,False,1,35
#ubuntu,2015-02-26,False,2,55
#ubuntu,2015-02-26,False,3,175
#ubuntu,2015-02-26,False,4,111
#ubuntu,2015-02-26,False,5,44
#ubuntu,2015-02-26,False,6,25
#ubuntu,2015-02-26,False,7,48
#ubuntu,2015-02-26,False,8,37
#ubuntu,2015-02-26,False,9,188
#ubuntu,2015-02-26,False,10,288
#ubuntu,2015-02-26,False,11,230
#ubuntu,2015-02-26,False,12,151
#ubuntu,2015-02-26,False,13,152
#ubuntu,2015-02-26,False,14,182
#ubuntu,2015-02-26,False,15,38
#ubuntu,2015-02-26,False,16,67
#ubuntu,2015-02-26,False,17,54
#ubuntu,2015-02-26,False,18,259
#ubuntu,2015-02-26,False,19,96
#ubuntu,2015-02-26,False,20,151
#ubuntu,2015-02-26,False,21,140
#ubuntu,2015-02-26,False,22,65
#ubuntu,2015-02-26,False,23,96
#ubuntu,2015-03-05,False,0,102
#ubuntu,2015-03-05,False,1,99
#ubuntu,2015-03-05,False,2,85
#ubuntu,2015-03-05,False,3,43
#ubuntu,2015-03-05,False,4,18
#ubuntu,2015-03-05,False,5,45
#ubuntu,2015-03-05,False,6,11
#ubuntu,2015-03-05,False,7,95
#ubuntu,2015-03-05,False,8,59
#ubuntu,2015-03-05,False,9,25
#ubuntu,2015-03-05,False,10,155
#ubuntu,2015-03-05,False,11,98
#ubuntu,2015-03-05,False,12,99
#ubuntu,2015-03-05,False,13,52
#ubuntu,2015-03-05,False,14,47
#ubuntu,2015-03-05,False,15,85
#ubuntu,2015-03-05,False,16,42
#ubuntu,2015-03-05,False,17,47
#ubuntu,2015-03-05,False,18,17
#ubuntu,2015-03-05,False,19,72
#ubuntu,2015-03-05,False,20,138
#ubuntu,2015-03-05,False,21,85
#ubuntu,2015-03-05,False,22,100
#ubuntu,2015-03-05,False,23,173
#ubuntu,2015-03-12,False,0,56
#ubuntu,2015-03-12,False,1,98
#ubuntu,2015-03-12,False,2,51
#ubuntu,2015-03-12,False,3,67
#ubuntu,2015-03-12,False,4,53
#ubuntu,2015-03-12,False,5,25
#ubuntu,2015-03-12,False,6,43
#ubuntu,2015-03-12,False,7,93
#ubuntu,2015-03-12,False,8,71
#ubuntu,2015-03-12,False,9,152
#ubuntu,2015-03-12,False,10,178
#ubuntu,2015-03-12,False,11,110
#ubuntu,2015-03-12,False,12,142
#ubuntu,2015-03-12,False,13,39
#ubuntu,2015-03-12,False,14,137
#ubuntu,2015-03-12,False,15,148
#ubuntu,2015-03-12,False,16,176
#ubuntu,2015-03-12,False,17,134
#ubuntu,2015-03-12,False,18,124
#ubuntu,2015-03-12,False,19,102
#ubuntu,2015-03-12,False,20,206
#ubuntu,2015-03-12,False,21,115
#ubuntu,2015-03-12,False,22,122
#ubuntu,2015-03-12,False,23,71
#ubuntu,2015-03-19,False,0,148
#ubuntu,2015-03-19,False,1,191
#ubuntu,2015-03-19,False,2,49
#ubuntu,2015-03-19,False,3,25
#ubuntu,2015-03-19,False,4,133
#ubuntu,2015-03-19,False,5,155
#ubuntu,2015-03-19,False,6,50
#ubuntu,2015-03-19,False,7,58
#ubuntu,2015-03-19,False,8,13
#ubuntu,2015-03-19,False,9,67
#ubuntu,2015-03-19,False,10,149
#ubuntu,2015-03-19,False,11,90
#ubuntu,2015-03-19,False,12,42
#ubuntu,2015-03-19,False,13,135
#ubuntu,2015-03-19,False,14,75
#ubuntu,2015-03-19,False,15,70
#ubuntu,2015-03-19,False,16,98
#ubuntu,2015-03-19,False,17,55
#ubuntu,2015-03-19,False,18,74
#ubuntu,2015-03-19,False,19,134
#ubuntu,2015-03-19,False,20,119
#ubuntu,2015-03-19,False,21,143
#ubuntu,2015-03-19,False,22,79
#ubuntu,2015-03-19,False,23,95
#ubuntu,2015-03-26,False,0,194
#ubuntu,2015-03-26,False,1,230
#ubuntu,2015-03-26,False,2,90
#ubuntu,2015-03-26,False,3,75
#ubuntu,2015-03-26,False,4,60
#ubuntu,2015-03-26,False,5,49
#ubuntu,2015-03-26,False,6,28
#ubuntu,2015-03-26,False,7,35
#ubuntu,2015-03-26,False,8,131
#ubuntu,2015-03-26,False,9,102
#ubuntu,2015-03-26,False,10,127
#ubuntu,2015-03-26,False,11,33
#ubuntu,2015-03-26,False,12,69
#ubuntu,2015-03-26,False,13,24
#ubuntu,2015-03-26,False,14,49
#ubuntu,2015-03-26,False,15,76
#ubuntu,2015-03-26,False,16,128
#ubuntu,2015-03-26,False,17,98
#ubuntu,2015-03-26,False,18,167
#ubuntu,2015-03-26,False,19,102
#ubuntu,2015-03-26,False,20,107
#ubuntu,2015-03-26,False,21,190
#ubuntu,2015-03-26,False,22,129
#ubuntu,2015-03-26,False,23,155
#ubuntu,2015-04-02,False,0,85
#ubuntu,2015-04-02,False,1,218
#ubuntu,2015-04-02,False,2,250
#ubuntu,2015-04-02,False,3,113
#ubuntu,2015-04-02,False,4,63
#ubuntu,2015-04-02,False,5,76
#ubuntu,2015-04-02,False,6,12
#ubuntu,2015-04-02,False,7,126
#ubuntu,2015-04-02,False,8,74
#ubuntu,2015-04-02,False,9,171
#ubuntu,2015-04-02,False,10,146
#ubuntu,2015-04-02,False,11,56
#ubuntu,2015-04-02,False,12,63
#ubuntu,2015-04-02,False,13,42
#ubuntu,2015-04-02,False,14,103
#ubuntu,2015-04-02,False,15,132
#ubuntu,2015-04-02,False,16,206
#ubuntu,2015-04-02,False,17,96
#ubuntu,2015-04-02,False,18,101
#ubuntu,2015-04-02,False,19,109
#ubuntu,2015-04-02,False,20,65
#ubuntu,2015-04-02,False,21,65
#ubuntu,2015-04-02,False,22,132
#ubuntu,2015-04-02,False,23,79
#ubuntu,2015-04-09,False,0,138
#ubuntu,2015-04-09,False,1,80
#ubuntu,2015-04-09,False,2,198
#ubuntu,2015-04-09,False,3,96
#ubuntu,2015-04-09,False,4,153
#ubuntu,2015-04-09,False,5,24
#ubuntu,2015-04-09,False,6,85
#ubuntu,2015-04-09,False,7,136
#ubuntu,2015-04-09,False,8,20
#ubuntu,2015-04-09,False,9,56
#ubuntu,2015-04-09,False,10,151
#ubuntu,2015-04-09,False,11,197
#ubuntu,2015-04-09,False,12,238
#ubuntu,2015-04-09,False,13,168
#ubuntu,2015-04-09,False,14,90
#ubuntu,2015-04-09,False,15,86
#ubuntu,2015-04-09,False,16,63
#ubuntu,2015-04-09,False,17,71
#ubuntu,2015-04-09,False,18,56
#ubuntu,2015-04-09,False,19,154
#ubuntu,2015-04-09,False,20,107
#ubuntu,2015-04-09,False,21,75
#ubuntu,2015-04-09,False,22,139
#ubuntu,2015-04-09,False,23,111
#ubuntu,2015-04-16,False,0,90
#ubuntu,2015-04-16,False,1,93
#ubuntu,2015-04-16,False,2,116
#ubuntu,2015-04-16,False,3,194
#ubuntu,2015-04-16,False,4,200
#ubuntu,2015-04-16,False,5,240
#ubuntu,2015-04-16,False,6,133
#ubuntu,2015-04-16,False,7,123
#ubuntu,2015-04-16,False,8,38
#ubuntu,2015-04-16,False,9,30
#ubuntu,2015-04-16,False,10,92
#ubuntu,2015-04-16,False,11,52
#ubuntu,2015-04-16,False,12,76
#ubuntu,2015-04-16,False,13,110
#ubuntu,2015-04-16,False,14,84
#ubuntu,2015-04-16,False,15,106
#ubuntu,2015-04-16,False,16,152
#ubuntu,2015-04-16,False,17,101
#ubuntu,2015-04-16,False,18,90
#ubuntu,2015-04-16,False,19,113
#ubuntu,2015-04-16,False,20,105
#ubuntu,2015-04-16,False,21,83
#ubuntu,2015-04-16,False,22,71
#ubuntu,2015-04-16,False,23,31
#ubuntu,2015-04-23,True,0,100
#ubuntu,2015-04-23,True,1,266
#ubuntu,2015-04-23,True,2,146
#ubuntu,2015-04-23,True,3,116
#ubuntu,2015-04-23,True,4,97
#ubuntu,2015-04-23,True,5,80
#ubuntu,2015-04-23,True,6,42
#ubuntu,2015-04-23,True,7,28
#ubuntu,2015-04-23,True,8,55
#ubuntu,2015-04-23,True,9,143
#ubuntu,2015-04-23,True,10,139
#ubuntu,2015-04-23,True,11,157
#ubuntu,2015-04-23,True,12,182
#ubuntu,2015-04-23,True,13,242
#ubuntu,2015-04-23,True,14,264
#ubuntu,2015-04-23,True,15,277
#ubuntu,2015-04-23,True,16,269
#ubuntu,2015-04-23,True,17,189
#ubuntu,2015-04-23,True,18,174
#ubuntu,2015-04-23,True,19,120
#ubuntu,2015-04-23,True,20,179
#ubuntu,2015-04-23,True,21,127
#ubuntu,2015-04-23,True,22,123
#ubuntu,2015-04-23,True,23,203
#ubuntu,2015-04-30,False,0,93
#ubuntu,2015-04-30,False,1,59
#ubuntu,2015-04-30,False,2,125
#ubuntu,2015-04-30,False,3,99
#ubuntu,2015-04-30,False,4,75
#ubuntu,2015-04-30,False,5,36
#ubuntu,2015-04-30,False,6,97
#ubuntu,2015-04-30,False,7,75
#ubuntu,2015-04-30,False,8,49
#ubuntu,2015-04-30,False,9,281
#ubuntu,2015-04-30,False,10,114
#ubuntu,2015-04-30,False,11,45
#ubuntu,2015-04-30,False,12,157
#ubuntu,2015-04-30,False,13,97
#ubuntu,2015-04-30,False,14,103
#ubuntu,2015-04-30,False,15,113
#ubuntu,2015-04-30,False,16,123
#ubuntu,2015-04-30,False,17,106
#ubuntu,2015-04-30,False,18,97
#ubuntu,2015-04-30,False,19,157
#ubuntu,2015-04-30,False,20,104
#ubuntu,2015-04-30,False,21,162
#ubuntu,2015-04-30,False,22,161
#ubuntu,2015-04-30,False,23,136
#ubuntu,2015-05-07,False,0,125
#ubuntu,2015-05-07,False,1,98
#ubuntu,2015-05-07,False,2,115
#ubuntu,2015-05-07,False,3,74
#ubuntu,2015-05-07,False,4,81
#ubuntu,2015-05-07,False,5,56
#ubuntu,2015-05-07,False,6,20
#ubuntu,2015-05-07,False,7,40
#ubuntu,2015-05-07,False,8,127
#ubuntu,2015-05-07,False,9,137
#ubuntu,2015-05-07,False,10,91
#ubuntu,2015-05-07,False,11,59
#ubuntu,2015-05-07,False,12,136
#ubuntu,2015-05-07,False,13,132
#ubuntu,2015-05-07,False,14,58
#ubuntu,2015-05-07,False,15,84
#ubuntu,2015-05-07,False,16,84
#ubuntu,2015-05-07,False,17,85
#ubuntu,2015-05-07,False,18,119
#ubuntu,2015-05-07,False,19,130
#ubuntu,2015-05-07,False,20,114
#ubuntu,2015-05-07,False,21,84
#ubuntu,2015-05-07,False,22,140
#ubuntu,2015-05-07,False,23,199
#ubuntu,2015-05-14,False,0,58
#ubuntu,2015-05-14,False,1,105
#ubuntu,2015-05-14,False,2,113
#ubuntu,2015-05-14,False,3,248
#ubuntu,2015-05-14,False,4,101
#ubuntu,2015-05-14,False,5,139
#ubuntu,2015-05-14,False,6,60
#ubuntu,2015-05-14,False,7,49
#ubuntu,2015-05-14,False,8,116
#ubuntu,2015-05-14,False,9,29
#ubuntu,2015-05-14,False,10,61
#ubuntu,2015-05-14,False,11,94
#ubuntu,2015-05-14,False,12,117
#ubuntu,2015-05-14,False,13,108
#ubuntu,2015-05-14,False,14,137
#ubuntu,2015-05-14,False,15,68
#ubuntu,2015-05-14,False,16,81
#ubuntu,2015-05-14,False,17,135
#ubuntu,2015-05-14,False,18,150
#ubuntu,2015-05-14,False,19,130
#ubuntu,2015-05-14,False,20,107
#ubuntu,2015-05-14,False,21,76
#ubuntu,2015-05-14,False,22,47
#ubuntu,2015-05-14,False,23,156
#ubuntu,2015-05-21,False,0,27
#ubuntu,2015-05-21,False,1,21
#ubuntu,2015-05-21,False,2,146
#ubuntu,2015-05-21,False,3,104
#ubuntu,2015-05-21,False,4,69
#ubuntu,2015-05-21,False,5,121
#ubuntu,2015-05-21,False,6,70
#ubuntu,2015-05-21,False,7,0
#ubuntu,2015-05-21,False,8,0
#ubuntu,2015-05-21,False,9,0
#ubuntu,2015-05-21,False,10,0
#ubuntu,2015-05-21,False,11,0
#ubuntu,2015-05-21,False,12,0
#ubuntu,2015-05-21,False,13,0
#ubuntu,2015-05-21,False,14,0
#ubuntu,2015-05-21,False,15,0
#ubuntu,2015-05-21,False,16,0
#ubuntu,2015-05-21,False,17,0
#ubuntu,2015-05-21,False,18,0
#ubuntu,2015-05-21,False,19,0
#ubuntu,2015-05-21,False,20,0
#ubuntu,2015-05-21,False,21,0
#ubuntu,2015-05-21,False,22,0
#ubuntu,2015-05-21,False,23,0
#ubuntu,2015-06-04,False,0,107
#ubuntu,2015-06-04,False,1,94
#ubuntu,2015-06-04,False,2,85
#ubuntu,2015-06-04,False,3,12
#ubuntu,2015-06-04,False,4,77
#ubuntu,2015-06-04,False,5,26
#ubuntu,2015-06-04,False,6,71
#ubuntu,2015-06-04,False,7,74
#ubuntu,2015-06-04,False,8,183
#ubuntu,2015-06-04,False,9,121
#ubuntu,2015-06-04,False,10,120
#ubuntu,2015-06-04,False,11,75
#ubuntu,2015-06-04,False,12,81
#ubuntu,2015-06-04,False,13,129
#ubuntu,2015-06-04,False,14,69
#ubuntu,2015-06-04,False,15,43
#ubuntu,2015-06-04,False,16,176
#ubuntu,2015-06-04,False,17,145
#ubuntu,2015-06-04,False,18,268
#ubuntu,2015-06-04,False,19,141
#ubuntu,2015-06-04,False,20,168
#ubuntu,2015-06-04,False,21,256
#ubuntu,2015-06-04,False,22,174
#ubuntu,2015-06-04,False,23,92
#ubuntu,2015-06-11,False,0,132
#ubuntu,2015-06-11,False,1,127
#ubuntu,2015-06-11,False,2,172
#ubuntu,2015-06-11,False,3,60
#ubuntu,2015-06-11,False,4,72
#ubuntu,2015-06-11,False,5,100
#ubuntu,2015-06-11,False,6,44
#ubuntu,2015-06-11,False,7,33
#ubuntu,2015-06-11,False,8,74
#ubuntu,2015-06-11,False,9,76
#ubuntu,2015-06-11,False,10,56
#ubuntu,2015-06-11,False,11,157
#ubuntu,2015-06-11,False,12,81
#ubuntu,2015-06-11,False,13,219
#ubuntu,2015-06-11,False,14,154
#ubuntu,2015-06-11,False,15,146
#ubuntu,2015-06-11,False,16,100
#ubuntu,2015-06-11,False,17,168
#ubuntu,2015-06-11,False,18,98
#ubuntu,2015-06-11,False,19,81
#ubuntu,2015-06-11,False,20,110
#ubuntu,2015-06-11,False,21,112
#ubuntu,2015-06-11,False,22,41
#ubuntu,2015-06-11,False,23,78
#ubuntu,2015-06-18,False,0,27
#ubuntu,2015-06-18,False,1,82
#ubuntu,2015-06-18,False,2,59
#ubuntu,2015-06-18,False,3,86
#ubuntu,2015-06-18,False,4,98
#ubuntu,2015-06-18,False,5,77
#ubuntu,2015-06-18,False,6,25
#ubuntu,2015-06-18,False,7,131
#ubuntu,2015-06-18,False,8,111
#ubuntu,2015-06-18,False,9,54
#ubuntu,2015-06-18,False,10,126
#ubuntu,2015-06-18,False,11,86
#ubuntu,2015-06-18,False,12,244
#ubuntu,2015-06-18,False,13,137
#ubuntu,2015-06-18,False,14,79
#ubuntu,2015-06-18,False,15,118
#ubuntu,2015-06-18,False,16,87
#ubuntu,2015-06-18,False,17,73
#ubuntu,2015-06-18,False,18,69
#ubuntu,2015-06-18,False,19,129
#ubuntu,2015-06-18,False,20,70
#ubuntu,2015-06-18,False,21,178
#ubuntu,2015-06-18,False,22,76
#ubuntu,2015-06-18,False,23,91
#ubuntu,2015-06-25,False,0,75
#ubuntu,2015-06-25,False,1,89
#ubuntu,2015-06-25,False,2,162
#ubuntu,2015-06-25,False,3,57
#ubuntu,2015-06-25,False,4,72
#ubuntu,2015-06-25,False,5,76
#ubuntu,2015-06-25,False,6,80
#ubuntu,2015-06-25,False,7,24
#ubuntu,2015-06-25,False,8,105
#ubuntu,2015-06-25,False,9,75
#ubuntu,2015-06-25,False,10,53
#ubuntu,2015-06-25,False,11,49
#ubuntu,2015-06-25,False,12,100
#ubuntu,2015-06-25,False,13,77
#ubuntu,2015-06-25,False,14,177
#ubuntu,2015-06-25,False,15,172
#ubuntu,2015-06-25,False,16,143
#ubuntu,2015-06-25,False,17,71
#ubuntu,2015-06-25,False,18,22
#ubuntu,2015-06-25,False,19,90
#ubuntu,2015-06-25,False,20,101
#ubuntu,2015-06-25,False,21,144
#ubuntu,2015-06-25,False,22,102
#ubuntu,2015-06-25,False,23,130
#ubuntu,2015-07-02,False,0,106
#ubuntu,2015-07-02,False,1,88
#ubuntu,2015-07-02,False,2,19
#ubuntu,2015-07-02,False,3,45
#ubuntu,2015-07-02,False,4,150
#ubuntu,2015-07-02,False,5,158
#ubuntu,2015-07-02,False,6,80
#ubuntu,2015-07-02,False,7,95
#ubuntu,2015-07-02,False,8,109
#ubuntu,2015-07-02,False,9,115
#ubuntu,2015-07-02,False,10,148
#ubuntu,2015-07-02,False,11,105
#ubuntu,2015-07-02,False,12,77
#ubuntu,2015-07-02,False,13,105
#ubuntu,2015-07-02,False,14,67
#ubuntu,2015-07-02,False,15,87
#ubuntu,2015-07-02,False,16,97
#ubuntu,2015-07-02,False,17,94
#ubuntu,2015-07-02,False,18,90
#ubuntu,2015-07-02,False,19,81
#ubuntu,2015-07-02,False,20,127
#ubuntu,2015-07-02,False,21,34
#ubuntu,2015-07-02,False,22,80
#ubuntu,2015-07-02,False,23,86
#ubuntu,2015-07-09,False,0,113
#ubuntu,2015-07-09,False,1,48
#ubuntu,2015-07-09,False,2,144
#ubuntu,2015-07-09,False,3,113
#ubuntu,2015-07-09,False,4,131
#ubuntu,2015-07-09,False,5,152
#ubuntu,2015-07-09,False,6,84
#ubuntu,2015-07-09,False,7,44
#ubuntu,2015-07-09,False,8,9
#ubuntu,2015-07-09,False,9,52
#ubuntu,2015-07-09,False,10,29
#ubuntu,2015-07-09,False,11,85
#ubuntu,2015-07-09,False,12,61
#ubuntu,2015-07-09,False,13,79
#ubuntu,2015-07-09,False,14,166
#ubuntu,2015-07-09,False,15,93
#ubuntu,2015-07-09,False,16,124
#ubuntu,2015-07-09,False,17,107
#ubuntu,2015-07-09,False,18,197
#ubuntu,2015-07-09,False,19,164
#ubuntu,2015-07-09,False,20,140
#ubuntu,2015-07-09,False,21,98
#ubuntu,2015-07-09,False,22,67
#ubuntu,2015-07-09,False,23,149
#ubuntu,2015-07-16,False,0,167
#ubuntu,2015-07-16,False,1,143
#ubuntu,2015-07-16,False,2,57
#ubuntu,2015-07-16,False,3,53
#ubuntu,2015-07-16,False,4,31
#ubuntu,2015-07-16,False,5,45
#ubuntu,2015-07-16,False,6,59
#ubuntu,2015-07-16,False,7,32
#ubuntu,2015-07-16,False,8,79
#ubuntu,2015-07-16,False,9,32
#ubuntu,2015-07-16,False,10,126
#ubuntu,2015-07-16,False,11,277
#ubuntu,2015-07-16,False,12,100
#ubuntu,2015-07-16,False,13,129
#ubuntu,2015-07-16,False,14,89
#ubuntu,2015-07-16,False,15,80
#ubuntu,2015-07-16,False,16,146
#ubuntu,2015-07-16,False,17,185
#ubuntu,2015-07-16,False,18,134
#ubuntu,2015-07-16,False,19,191
#ubuntu,2015-07-16,False,20,122
#ubuntu,2015-07-16,False,21,66
#ubuntu,2015-07-16,False,22,88
#ubuntu,2015-07-16,False,23,104
#ubuntu,2015-07-23,False,0,45
#ubuntu,2015-07-23,False,1,51
#ubuntu,2015-07-23,False,2,83
#ubuntu,2015-07-23,False,3,44
#ubuntu,2015-07-23,False,4,134
#ubuntu,2015-07-23,False,5,124
#ubuntu,2015-07-23,False,6,53
#ubuntu,2015-07-23,False,7,92
#ubuntu,2015-07-23,False,8,165
#ubuntu,2015-07-23,False,9,85
#ubuntu,2015-07-23,False,10,63
#ubuntu,2015-07-23,False,11,109
#ubuntu,2015-07-23,False,12,163
#ubuntu,2015-07-23,False,13,121
#ubuntu,2015-07-23,False,14,68
#ubuntu,2015-07-23,False,15,93
#ubuntu,2015-07-23,False,16,183
#ubuntu,2015-07-23,False,17,287
#ubuntu,2015-07-23,False,18,244
#ubuntu,2015-07-23,False,19,232
#ubuntu,2015-07-23,False,20,182
#ubuntu,2015-07-23,False,21,85
#ubuntu,2015-07-23,False,22,81
#ubuntu,2015-07-23,False,23,84
#ubuntu,2015-07-30,False,0,179
#ubuntu,2015-07-30,False,1,144
#ubuntu,2015-07-30,False,2,145
#ubuntu,2015-07-30,False,3,150
#ubuntu,2015-07-30,False,4,67
#ubuntu,2015-07-30,False,5,152
#ubuntu,2015-07-30,False,6,68
#ubuntu,2015-07-30,False,7,45
#ubuntu,2015-07-30,False,8,157
#ubuntu,2015-07-30,False,9,111
#ubuntu,2015-07-30,False,10,10
#ubuntu,2015-07-30,False,11,56
#ubuntu,2015-07-30,False,12,26
#ubuntu,2015-07-30,False,13,70
#ubuntu,2015-07-30,False,14,40
#ubuntu,2015-07-30,False,15,77
#ubuntu,2015-07-30,False,16,189
#ubuntu,2015-07-30,False,17,220
#ubuntu,2015-07-30,False,18,95
#ubuntu,2015-07-30,False,19,125
#ubuntu,2015-07-30,False,20,131
#ubuntu,2015-07-30,False,21,90
#ubuntu,2015-07-30,False,22,80
#ubuntu,2015-07-30,False,23,175
#ubuntu,2015-08-06,False,0,122
#ubuntu,2015-08-06,False,1,97
#ubuntu,2015-08-06,False,2,129
#ubuntu,2015-08-06,False,3,405
#ubuntu,2015-08-06,False,4,320
#ubuntu,2015-08-06,False,5,163
#ubuntu,2015-08-06,False,6,263
#ubuntu,2015-08-06,False,7,59
#ubuntu,2015-08-06,False,8,43
#ubuntu,2015-08-06,False,9,53
#ubuntu,2015-08-06,False,10,53
#ubuntu,2015-08-06,False,11,72
#ubuntu,2015-08-06,False,12,42
#ubuntu,2015-08-06,False,13,49
#ubuntu,2015-08-06,False,14,74
#ubuntu,2015-08-06,False,15,253
#ubuntu,2015-08-06,False,16,190
#ubuntu,2015-08-06,False,17,239
#ubuntu,2015-08-06,False,18,211
#ubuntu,2015-08-06,False,19,231
#ubuntu,2015-08-06,False,20,129
#ubuntu,2015-08-06,False,21,117
#ubuntu,2015-08-06,False,22,107
#ubuntu,2015-08-06,False,23,95
#ubuntu,2015-08-13,False,0,162
#ubuntu,2015-08-13,False,1,109
#ubuntu,2015-08-13,False,2,91
#ubuntu,2015-08-13,False,3,130
#ubuntu,2015-08-13,False,4,56
#ubuntu,2015-08-13,False,5,37
#ubuntu,2015-08-13,False,6,156
#ubuntu,2015-08-13,False,7,79
#ubuntu,2015-08-13,False,8,237
#ubuntu,2015-08-13,False,9,146
#ubuntu,2015-08-13,False,10,116
#ubuntu,2015-08-13,False,11,132
#ubuntu,2015-08-13,False,12,107
#ubuntu,2015-08-13,False,13,105
#ubuntu,2015-08-13,False,14,150
#ubuntu,2015-08-13,False,15,89
#ubuntu,2015-08-13,False,16,157
#ubuntu,2015-08-13,False,17,95
#ubuntu,2015-08-13,False,18,40
#ubuntu,2015-08-13,False,19,82
#ubuntu,2015-08-13,False,20,36
#ubuntu,2015-08-13,False,21,106
#ubuntu,2015-08-13,False,22,116
#ubuntu,2015-08-13,False,23,86
#ubuntu,2015-08-20,False,0,47
#ubuntu,2015-08-20,False,1,80
#ubuntu,2015-08-20,False,2,191
#ubuntu,2015-08-20,False,3,121
#ubuntu,2015-08-20,False,4,42
#ubuntu,2015-08-20,False,5,67
#ubuntu,2015-08-20,False,6,53
#ubuntu,2015-08-20,False,7,76
#ubuntu,2015-08-20,False,8,123
#ubuntu,2015-08-20,False,9,131
#ubuntu,2015-08-20,False,10,105
#ubuntu,2015-08-20,False,11,166
#ubuntu,2015-08-20,False,12,83
#ubuntu,2015-08-20,False,13,196
#ubuntu,2015-08-20,False,14,189
#ubuntu,2015-08-20,False,15,114
#ubuntu,2015-08-20,False,16,141
#ubuntu,2015-08-20,False,17,105
#ubuntu,2015-08-20,False,18,122
#ubuntu,2015-08-20,False,19,80
#ubuntu,2015-08-20,False,20,62
#ubuntu,2015-08-20,False,21,71
#ubuntu,2015-08-20,False,22,107
#ubuntu,2015-08-20,False,23,126
#ubuntu,2015-08-27,False,0,135
#ubuntu,2015-08-27,False,1,130
#ubuntu,2015-08-27,False,2,160
#ubuntu,2015-08-27,False,3,89
#ubuntu,2015-08-27,False,4,13
#ubuntu,2015-08-27,False,5,52
#ubuntu,2015-08-27,False,6,26
#ubuntu,2015-08-27,False,7,103
#ubuntu,2015-08-27,False,8,82
#ubuntu,2015-08-27,False,9,110
#ubuntu,2015-08-27,False,10,132
#ubuntu,2015-08-27,False,11,78
#ubuntu,2015-08-27,False,12,168
#ubuntu,2015-08-27,False,13,158
#ubuntu,2015-08-27,False,14,115
#ubuntu,2015-08-27,False,15,99
#ubuntu,2015-08-27,False,16,249
#ubuntu,2015-08-27,False,17,185
#ubuntu,2015-08-27,False,18,196
#ubuntu,2015-08-27,False,19,198
#ubuntu,2015-08-27,False,20,195
#ubuntu,2015-08-27,False,21,274
#ubuntu,2015-08-27,False,22,137
#ubuntu,2015-08-27,False,23,75
#ubuntu,2015-09-03,False,0,111
#ubuntu,2015-09-03,False,1,49
#ubuntu,2015-09-03,False,2,53
#ubuntu,2015-09-03,False,3,127
#ubuntu,2015-09-03,False,4,74
#ubuntu,2015-09-03,False,5,38
#ubuntu,2015-09-03,False,6,32
#ubuntu,2015-09-03,False,7,46
#ubuntu,2015-09-03,False,8,110
#ubuntu,2015-09-03,False,9,170
#ubuntu,2015-09-03,False,10,115
#ubuntu,2015-09-03,False,11,39
#ubuntu,2015-09-03,False,12,141
#ubuntu,2015-09-03,False,13,297
#ubuntu,2015-09-03,False,14,230
#ubuntu,2015-09-03,False,15,68
#ubuntu,2015-09-03,False,16,135
#ubuntu,2015-09-03,False,17,248
#ubuntu,2015-09-03,False,18,271
#ubuntu,2015-09-03,False,19,176
#ubuntu,2015-09-03,False,20,74
#ubuntu,2015-09-03,False,21,114
#ubuntu,2015-09-03,False,22,138
#ubuntu,2015-09-03,False,23,61
#ubuntu,2015-09-10,False,0,27
#ubuntu,2015-09-10,False,1,70
#ubuntu,2015-09-10,False,2,90
#ubuntu,2015-09-10,False,3,51
#ubuntu,2015-09-10,False,4,76
#ubuntu,2015-09-10,False,5,103
#ubuntu,2015-09-10,False,6,86
#ubuntu,2015-09-10,False,7,58
#ubuntu,2015-09-10,False,8,64
#ubuntu,2015-09-10,False,9,50
#ubuntu,2015-09-10,False,10,73
#ubuntu,2015-09-10,False,11,155
#ubuntu,2015-09-10,False,12,246
#ubuntu,2015-09-10,False,13,165
#ubuntu,2015-09-10,False,14,104
#ubuntu,2015-09-10,False,15,211
#ubuntu,2015-09-10,False,16,241
#ubuntu,2015-09-10,False,17,209
#ubuntu,2015-09-10,False,18,255
#ubuntu,2015-09-10,False,19,215
#ubuntu,2015-09-10,False,20,114
#ubuntu,2015-09-10,False,21,77
#ubuntu,2015-09-10,False,22,80
#ubuntu,2015-09-10,False,23,91
#ubuntu,2015-09-17,False,0,50
#ubuntu,2015-09-17,False,1,41
#ubuntu,2015-09-17,False,2,34
#ubuntu,2015-09-17,False,3,65
#ubuntu,2015-09-17,False,4,103
#ubuntu,2015-09-17,False,5,23
#ubuntu,2015-09-17,False,6,20
#ubuntu,2015-09-17,False,7,97
#ubuntu,2015-09-17,False,8,225
#ubuntu,2015-09-17,False,9,216
#ubuntu,2015-09-17,False,10,102
#ubuntu,2015-09-17,False,11,118
#ubuntu,2015-09-17,False,12,138
#ubuntu,2015-09-17,False,13,83
#ubuntu,2015-09-17,False,14,91
#ubuntu,2015-09-17,False,15,126
#ubuntu,2015-09-17,False,16,97
#ubuntu,2015-09-17,False,17,179
#ubuntu,2015-09-17,False,18,115
#ubuntu,2015-09-17,False,19,97
#ubuntu,2015-09-17,False,20,65
#ubuntu,2015-09-17,False,21,163
#ubuntu,2015-09-17,False,22,128
#ubuntu,2015-09-17,False,23,167
#ubuntu,2015-09-24,False,0,132
#ubuntu,2015-09-24,False,1,109
#ubuntu,2015-09-24,False,2,146
#ubuntu,2015-09-24,False,3,206
#ubuntu,2015-09-24,False,4,54
#ubuntu,2015-09-24,False,5,79
#ubuntu,2015-09-24,False,6,60
#ubuntu,2015-09-24,False,7,47
#ubuntu,2015-09-24,False,8,66
#ubuntu,2015-09-24,False,9,20
#ubuntu,2015-09-24,False,10,80
#ubuntu,2015-09-24,False,11,72
#ubuntu,2015-09-24,False,12,83
#ubuntu,2015-09-24,False,13,154
#ubuntu,2015-09-24,False,14,77
#ubuntu,2015-09-24,False,15,28
#ubuntu,2015-09-24,False,16,70
#ubuntu,2015-09-24,False,17,88
#ubuntu,2015-09-24,False,18,148
#ubuntu,2015-09-24,False,19,111
#ubuntu,2015-09-24,False,20,103
#ubuntu,2015-09-24,False,21,195
#ubuntu,2015-09-24,False,22,167
#ubuntu,2015-09-24,False,23,103
#ubuntu,2015-10-01,False,0,205
#ubuntu,2015-10-01,False,1,158
#ubuntu,2015-10-01,False,2,200
#ubuntu,2015-10-01,False,3,222
#ubuntu,2015-10-01,False,4,129
#ubuntu,2015-10-01,False,5,164
#ubuntu,2015-10-01,False,6,51
#ubuntu,2015-10-01,False,7,37
#ubuntu,2015-10-01,False,8,40
#ubuntu,2015-10-01,False,9,71
#ubuntu,2015-10-01,False,10,85
#ubuntu,2015-10-01,False,11,59
#ubuntu,2015-10-01,False,12,129
#ubuntu,2015-10-01,False,13,103
#ubuntu,2015-10-01,False,14,134
#ubuntu,2015-10-01,False,15,76
#ubuntu,2015-10-01,False,16,167
#ubuntu,2015-10-01,False,17,106
#ubuntu,2015-10-01,False,18,182
#ubuntu,2015-10-01,False,19,130
#ubuntu,2015-10-01,False,20,128
#ubuntu,2015-10-01,False,21,44
#ubuntu,2015-10-01,False,22,43
#ubuntu,2015-10-01,False,23,91
#ubuntu,2015-10-08,False,0,64
#ubuntu,2015-10-08,False,1,34
#ubuntu,2015-10-08,False,2,78
#ubuntu,2015-10-08,False,3,94
#ubuntu,2015-10-08,False,4,111
#ubuntu,2015-10-08,False,5,39
#ubuntu,2015-10-08,False,6,29
#ubuntu,2015-10-08,False,7,14
#ubuntu,2015-10-08,False,8,53
#ubuntu,2015-10-08,False,9,47
#ubuntu,2015-10-08,False,10,84
#ubuntu,2015-10-08,False,11,127
#ubuntu,2015-10-08,False,12,191
#ubuntu,2015-10-08,False,13,145
#ubuntu,2015-10-08,False,14,143
#ubuntu,2015-10-08,False,15,160
#ubuntu,2015-10-08,False,16,77
#ubuntu,2015-10-08,False,17,132
#ubuntu,2015-10-08,False,18,122
#ubuntu,2015-10-08,False,19,295
#ubuntu,2015-10-08,False,20,305
#ubuntu,2015-10-08,False,21,225
#ubuntu,2015-10-08,False,22,115
#ubuntu,2015-10-08,False,23,74
#ubuntu,2015-10-15,False,0,36
#ubuntu,2015-10-15,False,1,55
#ubuntu,2015-10-15,False,2,155
#ubuntu,2015-10-15,False,3,44
#ubuntu,2015-10-15,False,4,61
#ubuntu,2015-10-15,False,5,83
#ubuntu,2015-10-15,False,6,38
#ubuntu,2015-10-15,False,7,53
#ubuntu,2015-10-15,False,8,111
#ubuntu,2015-10-15,False,9,51
#ubuntu,2015-10-15,False,10,55
#ubuntu,2015-10-15,False,11,133
#ubuntu,2015-10-15,False,12,62
#ubuntu,2015-10-15,False,13,169
#ubuntu,2015-10-15,False,14,67
#ubuntu,2015-10-15,False,15,123
#ubuntu,2015-10-15,False,16,132
#ubuntu,2015-10-15,False,17,198
#ubuntu,2015-10-15,False,18,114
#ubuntu,2015-10-15,False,19,148
#ubuntu,2015-10-15,False,20,228
#ubuntu,2015-10-15,False,21,295
#ubuntu,2015-10-15,False,22,112
#ubuntu,2015-10-15,False,23,30
#ubuntu,2015-10-22,True,0,30
#ubuntu,2015-10-22,True,1,59
#ubuntu,2015-10-22,True,2,13
#ubuntu,2015-10-22,True,3,12
#ubuntu,2015-10-22,True,4,32
#ubuntu,2015-10-22,True,5,63
#ubuntu,2015-10-22,True,6,74
#ubuntu,2015-10-22,True,7,47
#ubuntu,2015-10-22,True,8,97
#ubuntu,2015-10-22,True,9,93
#ubuntu,2015-10-22,True,10,186
#ubuntu,2015-10-22,True,11,211
#ubuntu,2015-10-22,True,12,105
#ubuntu,2015-10-22,True,13,131
#ubuntu,2015-10-22,True,14,144
#ubuntu,2015-10-22,True,15,85
#ubuntu,2015-10-22,True,16,132
#ubuntu,2015-10-22,True,17,133
#ubuntu,2015-10-22,True,18,192
#ubuntu,2015-10-22,True,19,269
#ubuntu,2015-10-22,True,20,316
#ubuntu,2015-10-22,True,21,428
#ubuntu,2015-10-22,True,22,391
#ubuntu,2015-10-22,True,23,163
#ubuntu,2015-10-29,False,0,166
#ubuntu,2015-10-29,False,1,238
#ubuntu,2015-10-29,False,2,219
#ubuntu,2015-10-29,False,3,137
#ubuntu,2015-10-29,False,4,13
#ubuntu,2015-10-29,False,5,46
#ubuntu,2015-10-29,False,6,67
#ubuntu,2015-10-29,False,7,17
#ubuntu,2015-10-29,False,8,147
#ubuntu,2015-10-29,False,9,43
#ubuntu,2015-10-29,False,10,162
#ubuntu,2015-10-29,False,11,42
#ubuntu,2015-10-29,False,12,175
#ubuntu,2015-10-29,False,13,137
#ubuntu,2015-10-29,False,14,200
#ubuntu,2015-10-29,False,15,185
#ubuntu,2015-10-29,False,16,121
#ubuntu,2015-10-29,False,17,154
#ubuntu,2015-10-29,False,18,247
#ubuntu,2015-10-29,False,19,285
#ubuntu,2015-10-29,False,20,228
#ubuntu,2015-10-29,False,21,289
#ubuntu,2015-10-29,False,22,267
#ubuntu,2015-10-29,False,23,99
#ubuntu,2015-11-19,False,0,135
#ubuntu,2015-11-19,False,1,124
#ubuntu,2015-11-19,False,2,155
#ubuntu,2015-11-19,False,3,145
#ubuntu,2015-11-19,False,4,99
#ubuntu,2015-11-19,False,5,35
#ubuntu,2015-11-19,False,6,37
#ubuntu,2015-11-19,False,7,15
#ubuntu,2015-11-19,False,8,123
#ubuntu,2015-11-19,False,9,150
#ubuntu,2015-11-19,False,10,57
#ubuntu,2015-11-19,False,11,94
#ubuntu,2015-11-19,False,12,121
#ubuntu,2015-11-19,False,13,81
#ubuntu,2015-11-19,False,14,114
#ubuntu,2015-11-19,False,15,56
#ubuntu,2015-11-19,False,16,133
#ubuntu,2015-11-19,False,17,169
#ubuntu,2015-11-19,False,18,84
#ubuntu,2015-11-19,False,19,192
#ubuntu,2015-11-19,False,20,195
#ubuntu,2015-11-19,False,21,89
#ubuntu,2015-11-19,False,22,99
#ubuntu,2015-11-19,False,23,108
#ubuntu,2015-11-26,False,0,156
#ubuntu,2015-11-26,False,1,54
#ubuntu,2015-11-26,False,2,17
#ubuntu,2015-11-26,False,3,68
#ubuntu,2015-11-26,False,4,172
#ubuntu,2015-11-26,False,5,160
#ubuntu,2015-11-26,False,6,180
#ubuntu,2015-11-26,False,7,57
#ubuntu,2015-11-26,False,8,37
#ubuntu,2015-11-26,False,9,29
#ubuntu,2015-11-26,False,10,53
#ubuntu,2015-11-26,False,11,47
#ubuntu,2015-11-26,False,12,35
#ubuntu,2015-11-26,False,13,109
#ubuntu,2015-11-26,False,14,253
#ubuntu,2015-11-26,False,15,66
#ubuntu,2015-11-26,False,16,46
#ubuntu,2015-11-26,False,17,92
#ubuntu,2015-11-26,False,18,106
#ubuntu,2015-11-26,False,19,13
#ubuntu,2015-11-26,False,20,55
#ubuntu,2015-11-26,False,21,77
#ubuntu,2015-11-26,False,22,66
#ubuntu,2015-11-26,False,23,118
#ubuntu,2015-12-03,False,0,58
#ubuntu,2015-12-03,False,1,8
#ubuntu,2015-12-03,False,2,27
#ubuntu,2015-12-03,False,3,122
#ubuntu,2015-12-03,False,4,66
#ubuntu,2015-12-03,False,5,91
#ubuntu,2015-12-03,False,6,128
#ubuntu,2015-12-03,False,7,36
#ubuntu,2015-12-03,False,8,33
#ubuntu,2015-12-03,False,9,24
#ubuntu,2015-12-03,False,10,5
#ubuntu,2015-12-03,False,11,188
#ubuntu,2015-12-03,False,12,51
#ubuntu,2015-12-03,False,13,40
#ubuntu,2015-12-03,False,14,84
#ubuntu,2015-12-03,False,15,223
#ubuntu,2015-12-03,False,16,197
#ubuntu,2015-12-03,False,17,177
#ubuntu,2015-12-03,False,18,317
#ubuntu,2015-12-03,False,19,133
#ubuntu,2015-12-03,False,20,152
#ubuntu,2015-12-03,False,21,151
#ubuntu,2015-12-03,False,22,26
#ubuntu,2015-12-03,False,23,182
#ubuntu,2015-12-10,False,0,69
#ubuntu,2015-12-10,False,1,35
#ubuntu,2015-12-10,False,2,76
#ubuntu,2015-12-10,False,3,76
#ubuntu,2015-12-10,False,4,65
#ubuntu,2015-12-10,False,5,147
#ubuntu,2015-12-10,False,6,45
#ubuntu,2015-12-10,False,7,20
#ubuntu,2015-12-10,False,8,57
#ubuntu,2015-12-10,False,9,50
#ubuntu,2015-12-10,False,10,114
#ubuntu,2015-12-10,False,11,104
#ubuntu,2015-12-10,False,12,125
#ubuntu,2015-12-10,False,13,174
#ubuntu,2015-12-10,False,14,172
#ubuntu,2015-12-10,False,15,169
#ubuntu,2015-12-10,False,16,165
#ubuntu,2015-12-10,False,17,321
#ubuntu,2015-12-10,False,18,204
#ubuntu,2015-12-10,False,19,134
#ubuntu,2015-12-10,False,20,133
#ubuntu,2015-12-10,False,21,144
#ubuntu,2015-12-10,False,22,125
#ubuntu,2015-12-10,False,23,133
#ubuntu,2015-12-17,False,0,91
#ubuntu,2015-12-17,False,1,68
#ubuntu,2015-12-17,False,2,189
#ubuntu,2015-12-17,False,3,145
#ubuntu,2015-12-17,False,4,64
#ubuntu,2015-12-17,False,5,130
#ubuntu,2015-12-17,False,6,34
#ubuntu,2015-12-17,False,7,47
#ubuntu,2015-12-17,False,8,58
#ubuntu,2015-12-17,False,9,73
#ubuntu,2015-12-17,False,10,57
#ubuntu,2015-12-17,False,11,90
#ubuntu,2015-12-17,False,12,52
#ubuntu,2015-12-17,False,13,48
#ubuntu,2015-12-17,False,14,69
#ubuntu,2015-12-17,False,15,52
#ubuntu,2015-12-17,False,16,48
#ubuntu,2015-12-17,False,17,126
#ubuntu,2015-12-17,False,18,78
#ubuntu,2015-12-17,False,19,119
#ubuntu,2015-12-17,False,20,101
#ubuntu,2015-12-17,False,21,104
#ubuntu,2015-12-17,False,22,107
#ubuntu,2015-12-17,False,23,97
#ubuntu,2015-12-24,False,0,275
#ubuntu,2015-12-24,False,1,109
#ubuntu,2015-12-24,False,2,89
#ubuntu,2015-12-24,False,3,50
#ubuntu,2015-12-24,False,4,138
#ubuntu,2015-12-24,False,5,66
#ubuntu,2015-12-24,False,6,50
#ubuntu,2015-12-24,False,7,55
#ubuntu,2015-12-24,False,8,79
#ubuntu,2015-12-24,False,9,114
#ubuntu,2015-12-24,False,10,92
#ubuntu,2015-12-24,False,11,5
#ubuntu,2015-12-24,False,12,86
#ubuntu,2015-12-24,False,13,233
#ubuntu,2015-12-24,False,14,193
#ubuntu,2015-12-24,False,15,186
#ubuntu,2015-12-24,False,16,171
#ubuntu,2015-12-24,False,17,120
#ubuntu,2015-12-24,False,18,18
#ubuntu,2015-12-24,False,19,60
#ubuntu,2015-12-24,False,20,197
#ubuntu,2015-12-24,False,21,294
#ubuntu,2015-12-24,False,22,249
#ubuntu,2015-12-24,False,23,199
#ubuntu,2015-12-31,False,0,9
#ubuntu,2015-12-31,False,1,86
#ubuntu,2015-12-31,False,2,131
#ubuntu,2015-12-31,False,3,122
#ubuntu,2015-12-31,False,4,65
#ubuntu,2015-12-31,False,5,42
#ubuntu,2015-12-31,False,6,56
#ubuntu,2015-12-31,False,7,62
#ubuntu,2015-12-31,False,8,59
#ubuntu,2015-12-31,False,9,84
#ubuntu,2015-12-31,False,10,113
#ubuntu,2015-12-31,False,11,114
#ubuntu,2015-12-31,False,12,148
#ubuntu,2015-12-31,False,13,59
#ubuntu,2015-12-31,False,14,139
#ubuntu,2015-12-31,False,15,171
#ubuntu,2015-12-31,False,16,30
#ubuntu,2015-12-31,False,17,117
#ubuntu,2015-12-31,False,18,7
#ubuntu,2015-12-31,False,19,82
#ubuntu,2015-12-31,False,20,21
#ubuntu,2015-12-31,False,21,18
#ubuntu,2015-12-31,False,22,91
#ubuntu,2015-12-31,False,23,12
#ubuntu,2016-01-07,False,0,274
#ubuntu,2016-01-07,False,1,23
#ubuntu,2016-01-07,False,2,59
#ubuntu,2016-01-07,False,3,62
#ubuntu,2016-01-07,False,4,58
#ubuntu,2016-01-07,False,5,63
#ubuntu,2016-01-07,False,6,20
#ubuntu,2016-01-07,False,7,43
#ubuntu,2016-01-07,False,8,75
#ubuntu,2016-01-07,False,9,52
#ubuntu,2016-01-07,False,10,18
#ubuntu,2016-01-07,False,11,69
#ubuntu,2016-01-07,False,12,91
#ubuntu,2016-01-07,False,13,228
#ubuntu,2016-01-07,False,14,182
#ubuntu,2016-01-07,False,15,284
#ubuntu,2016-01-07,False,16,171
#ubuntu,2016-01-07,False,17,187
#ubuntu,2016-01-07,False,18,135
#ubuntu,2016-01-07,False,19,117
#ubuntu,2016-01-07,False,20,223
#ubuntu,2016-01-07,False,21,113
#ubuntu,2016-01-07,False,22,98
#ubuntu,2016-01-07,False,23,54
#ubuntu,2016-01-14,False,0,215
#ubuntu,2016-01-14,False,1,105
#ubuntu,2016-01-14,False,2,118
#ubuntu,2016-01-14,False,3,67
#ubuntu,2016-01-14,False,4,142
#ubuntu,2016-01-14,False,5,81
#ubuntu,2016-01-14,False,6,105
#ubuntu,2016-01-14,False,7,128
#ubuntu,2016-01-14,False,8,190
#ubuntu,2016-01-14,False,9,78
#ubuntu,2016-01-14,False,10,54
#ubuntu,2016-01-14,False,11,83
#ubuntu,2016-01-14,False,12,43
#ubuntu,2016-01-14,False,13,117
#ubuntu,2016-01-14,False,14,102
#ubuntu,2016-01-14,False,15,140
#ubuntu,2016-01-14,False,16,159
#ubuntu,2016-01-14,False,17,91
#ubuntu,2016-01-14,False,18,48
#ubuntu,2016-01-14,False,19,168
#ubuntu,2016-01-14,False,20,108
#ubuntu,2016-01-14,False,21,84
#ubuntu,2016-01-14,False,22,88
#ubuntu,2016-01-14,False,23,105
#ubuntu,2016-01-21,False,0,110
#ubuntu,2016-01-21,False,1,154
#ubuntu,2016-01-21,False,2,135
#ubuntu,2016-01-21,False,3,85
#ubuntu,2016-01-21,False,4,38
#ubuntu,2016-01-21,False,5,68
#ubuntu,2016-01-21,False,6,62
#ubuntu,2016-01-21,False,7,12
#ubuntu,2016-01-21,False,8,34
#ubuntu,2016-01-21,False,9,62
#ubuntu,2016-01-21,False,10,264
#ubuntu,2016-01-21,False,11,130
#ubuntu,2016-01-21,False,12,35
#ubuntu,2016-01-21,False,13,153
#ubuntu,2016-01-21,False,14,56
#ubuntu,2016-01-21,False,15,201
#ubuntu,2016-01-21,False,16,103
#ubuntu,2016-01-21,False,17,234
#ubuntu,2016-01-21,False,18,133
#ubuntu,2016-01-21,False,19,96
#ubuntu,2016-01-21,False,20,254
#ubuntu,2016-01-21,False,21,121
#ubuntu,2016-01-21,False,22,81
#ubuntu,2016-01-21,False,23,28
#ubuntu,2016-01-28,False,0,209
#ubuntu,2016-01-28,False,1,233
#ubuntu,2016-01-28,False,2,403
#ubuntu,2016-01-28,False,3,141
#ubuntu,2016-01-28,False,4,116
#ubuntu,2016-01-28,False,5,37
#ubuntu,2016-01-28,False,6,57
#ubuntu,2016-01-28,False,7,181
#ubuntu,2016-01-28,False,8,119
#ubuntu,2016-01-28,False,9,290
#ubuntu,2016-01-28,False,10,160
#ubuntu,2016-01-28,False,11,102
#ubuntu,2016-01-28,False,12,74
#ubuntu,2016-01-28,False,13,41
#ubuntu,2016-01-28,False,14,23
#ubuntu,2016-01-28,False,15,107
#ubuntu,2016-01-28,False,16,139
#ubuntu,2016-01-28,False,17,91
#ubuntu,2016-01-28,False,18,147
#ubuntu,2016-01-28,False,19,166
#ubuntu,2016-01-28,False,20,213
#ubuntu,2016-01-28,False,21,62
#ubuntu,2016-01-28,False,22,137
#ubuntu,2016-01-28,False,23,123
#ubuntu,2016-02-04,False,0,154
#ubuntu,2016-02-04,False,1,151
#ubuntu,2016-02-04,False,2,51
#ubuntu,2016-02-04,False,3,27
#ubuntu,2016-02-04,False,4,58
#ubuntu,2016-02-04,False,5,87
#ubuntu,2016-02-04,False,6,81
#ubuntu,2016-02-04,False,7,70
#ubuntu,2016-02-04,False,8,96
#ubuntu,2016-02-04,False,9,23
#ubuntu,2016-02-04,False,10,52
#ubuntu,2016-02-04,False,11,15
#ubuntu,2016-02-04,False,12,92
#ubuntu,2016-02-04,False,13,114
#ubuntu,2016-02-04,False,14,161
#ubuntu,2016-02-04,False,15,194
#ubuntu,2016-02-04,False,16,72
#ubuntu,2016-02-04,False,17,98
#ubuntu,2016-02-04,False,18,74
#ubuntu,2016-02-04,False,19,149
#ubuntu,2016-02-04,False,20,171
#ubuntu,2016-02-04,False,21,87
#ubuntu,2016-02-04,False,22,164
#ubuntu,2016-02-04,False,23,117
#ubuntu,2016-02-11,False,0,91
#ubuntu,2016-02-11,False,1,17
#ubuntu,2016-02-11,False,2,51
#ubuntu,2016-02-11,False,3,17
#ubuntu,2016-02-11,False,4,24
#ubuntu,2016-02-11,False,5,17
#ubuntu,2016-02-11,False,6,33
#ubuntu,2016-02-11,False,7,54
#ubuntu,2016-02-11,False,8,49
#ubuntu,2016-02-11,False,9,104
#ubuntu,2016-02-11,False,10,120
#ubuntu,2016-02-11,False,11,37
#ubuntu,2016-02-11,False,12,70
#ubuntu,2016-02-11,False,13,103
#ubuntu,2016-02-11,False,14,178
#ubuntu,2016-02-11,False,15,117
#ubuntu,2016-02-11,False,16,81
#ubuntu,2016-02-11,False,17,207
#ubuntu,2016-02-11,False,18,67
#ubuntu,2016-02-11,False,19,178
#ubuntu,2016-02-11,False,20,86
#ubuntu,2016-02-11,False,21,86
#ubuntu,2016-02-11,False,22,156
#ubuntu,2016-02-11,False,23,135
#ubuntu,2016-02-18,False,0,147
#ubuntu,2016-02-18,False,1,84
#ubuntu,2016-02-18,False,2,76
#ubuntu,2016-02-18,False,3,120
#ubuntu,2016-02-18,False,4,82
#ubuntu,2016-02-18,False,5,53
#ubuntu,2016-02-18,False,6,6
#ubuntu,2016-02-18,False,7,34
#ubuntu,2016-02-18,False,8,27
#ubuntu,2016-02-18,False,9,69
#ubuntu,2016-02-18,False,10,45
#ubuntu,2016-02-18,False,11,66
#ubuntu,2016-02-18,False,12,161
#ubuntu,2016-02-18,False,13,99
#ubuntu,2016-02-18,False,14,75
#ubuntu,2016-02-18,False,15,37
#ubuntu,2016-02-18,False,16,71
#ubuntu,2016-02-18,False,17,118
#ubuntu,2016-02-18,False,18,92
#ubuntu,2016-02-18,False,19,163
#ubuntu,2016-02-18,False,20,84
#ubuntu,2016-02-18,False,21,112
#ubuntu,2016-02-18,False,22,99
#ubuntu,2016-02-18,False,23,83
#ubuntu,2016-02-25,False,0,115
#ubuntu,2016-02-25,False,1,144
#ubuntu,2016-02-25,False,2,104
#ubuntu,2016-02-25,False,3,192
#ubuntu,2016-02-25,False,4,155
#ubuntu,2016-02-25,False,5,129
#ubuntu,2016-02-25,False,6,72
#ubuntu,2016-02-25,False,7,50
#ubuntu,2016-02-25,False,8,27
#ubuntu,2016-02-25,False,9,126
#ubuntu,2016-02-25,False,10,194
#ubuntu,2016-02-25,False,11,108
#ubuntu,2016-02-25,False,12,111
#ubuntu,2016-02-25,False,13,65
#ubuntu,2016-02-25,False,14,136
#ubuntu,2016-02-25,False,15,170
#ubuntu,2016-02-25,False,16,229
#ubuntu,2016-02-25,False,17,113
#ubuntu,2016-02-25,False,18,186
#ubuntu,2016-02-25,False,19,133
#ubuntu,2016-02-25,False,20,190
#ubuntu,2016-02-25,False,21,108
#ubuntu,2016-02-25,False,22,46
#ubuntu,2016-02-25,False,23,30
#ubuntu,2016-03-03,False,0,206
#ubuntu,2016-03-03,False,1,83
#ubuntu,2016-03-03,False,2,97
#ubuntu,2016-03-03,False,3,118
#ubuntu,2016-03-03,False,4,132
#ubuntu,2016-03-03,False,5,171
#ubuntu,2016-03-03,False,6,95
#ubuntu,2016-03-03,False,7,8
#ubuntu,2016-03-03,False,8,12
#ubuntu,2016-03-03,False,9,65
#ubuntu,2016-03-03,False,10,37
#ubuntu,2016-03-03,False,11,64
#ubuntu,2016-03-03,False,12,103
#ubuntu,2016-03-03,False,13,65
#ubuntu,2016-03-03,False,14,92
#ubuntu,2016-03-03,False,15,122
#ubuntu,2016-03-03,False,16,107
#ubuntu,2016-03-03,False,17,166
#ubuntu,2016-03-03,False,18,45
#ubuntu,2016-03-03,False,19,89
#ubuntu,2016-03-03,False,20,97
#ubuntu,2016-03-03,False,21,50
#ubuntu,2016-03-03,False,22,98
#ubuntu,2016-03-03,False,23,117
#ubuntu,2016-03-10,False,0,171
#ubuntu,2016-03-10,False,1,107
#ubuntu,2016-03-10,False,2,71
#ubuntu,2016-03-10,False,3,52
#ubuntu,2016-03-10,False,4,38
#ubuntu,2016-03-10,False,5,66
#ubuntu,2016-03-10,False,6,57
#ubuntu,2016-03-10,False,7,88
#ubuntu,2016-03-10,False,8,84
#ubuntu,2016-03-10,False,9,59
#ubuntu,2016-03-10,False,10,109
#ubuntu,2016-03-10,False,11,106
#ubuntu,2016-03-10,False,12,91
#ubuntu,2016-03-10,False,13,51
#ubuntu,2016-03-10,False,14,131
#ubuntu,2016-03-10,False,15,68
#ubuntu,2016-03-10,False,16,67
#ubuntu,2016-03-10,False,17,113
#ubuntu,2016-03-10,False,18,90
#ubuntu,2016-03-10,False,19,136
#ubuntu,2016-03-10,False,20,180
#ubuntu,2016-03-10,False,21,113
#ubuntu,2016-03-10,False,22,137
#ubuntu,2016-03-10,False,23,65
#ubuntu,2016-03-17,False,0,72
#ubuntu,2016-03-17,False,1,105
#ubuntu,2016-03-17,False,2,46
#ubuntu,2016-03-17,False,3,42
#ubuntu,2016-03-17,False,4,41
#ubuntu,2016-03-17,False,5,32
#ubuntu,2016-03-17,False,6,124
#ubuntu,2016-03-17,False,7,101
#ubuntu,2016-03-17,False,8,54
#ubuntu,2016-03-17,False,9,81
#ubuntu,2016-03-17,False,10,158
#ubuntu,2016-03-17,False,11,180
#ubuntu,2016-03-17,False,12,48
#ubuntu,2016-03-17,False,13,105
#ubuntu,2016-03-17,False,14,55
#ubuntu,2016-03-17,False,15,110
#ubuntu,2016-03-17,False,16,137
#ubuntu,2016-03-17,False,17,112
#ubuntu,2016-03-17,False,18,136
#ubuntu,2016-03-17,False,19,119
#ubuntu,2016-03-17,False,20,126
#ubuntu,2016-03-17,False,21,56
#ubuntu,2016-03-17,False,22,48
#ubuntu,2016-03-17,False,23,56
#ubuntu,2016-03-24,False,0,86
#ubuntu,2016-03-24,False,1,64
#ubuntu,2016-03-24,False,2,66
#ubuntu,2016-03-24,False,3,60
#ubuntu,2016-03-24,False,4,131
#ubuntu,2016-03-24,False,5,19
#ubuntu,2016-03-24,False,6,13
#ubuntu,2016-03-24,False,7,52
#ubuntu,2016-03-24,False,8,68
#ubuntu,2016-03-24,False,9,95
#ubuntu,2016-03-24,False,10,45
#ubuntu,2016-03-24,False,11,114
#ubuntu,2016-03-24,False,12,197
#ubuntu,2016-03-24,False,13,77
#ubuntu,2016-03-24,False,14,162
#ubuntu,2016-03-24,False,15,129
#ubuntu,2016-03-24,False,16,69
#ubuntu,2016-03-24,False,17,90
#ubuntu,2016-03-24,False,18,66
#ubuntu,2016-03-24,False,19,48
#ubuntu,2016-03-24,False,20,133
#ubuntu,2016-03-24,False,21,123
#ubuntu,2016-03-24,False,22,65
#ubuntu,2016-03-24,False,23,37
#ubuntu,2016-03-31,False,0,75
#ubuntu,2016-03-31,False,1,32
#ubuntu,2016-03-31,False,2,69
#ubuntu,2016-03-31,False,3,44
#ubuntu,2016-03-31,False,4,51
#ubuntu,2016-03-31,False,5,27
#ubuntu,2016-03-31,False,6,36
#ubuntu,2016-03-31,False,7,132
#ubuntu,2016-03-31,False,8,119
#ubuntu,2016-03-31,False,9,51
#ubuntu,2016-03-31,False,10,64
#ubuntu,2016-03-31,False,11,195
#ubuntu,2016-03-31,False,12,114
#ubuntu,2016-03-31,False,13,96
#ubuntu,2016-03-31,False,14,67
#ubuntu,2016-03-31,False,15,99
#ubuntu,2016-03-31,False,16,62
#ubuntu,2016-03-31,False,17,65
#ubuntu,2016-03-31,False,18,216
#ubuntu,2016-03-31,False,19,220
#ubuntu,2016-03-31,False,20,120
#ubuntu,2016-03-31,False,21,184
#ubuntu,2016-03-31,False,22,95
#ubuntu,2016-03-31,False,23,57
#ubuntu,2016-04-07,False,0,115
#ubuntu,2016-04-07,False,1,93
#ubuntu,2016-04-07,False,2,205
#ubuntu,2016-04-07,False,3,109
#ubuntu,2016-04-07,False,4,125
#ubuntu,2016-04-07,False,5,42
#ubuntu,2016-04-07,False,6,104
#ubuntu,2016-04-07,False,7,115
#ubuntu,2016-04-07,False,8,171
#ubuntu,2016-04-07,False,9,60
#ubuntu,2016-04-07,False,10,199
#ubuntu,2016-04-07,False,11,100
#ubuntu,2016-04-07,False,12,114
#ubuntu,2016-04-07,False,13,70
#ubuntu,2016-04-07,False,14,167
#ubuntu,2016-04-07,False,15,180
#ubuntu,2016-04-07,False,16,161
#ubuntu,2016-04-07,False,17,116
#ubuntu,2016-04-07,False,18,156
#ubuntu,2016-04-07,False,19,135
#ubuntu,2016-04-07,False,20,175
#ubuntu,2016-04-07,False,21,134
#ubuntu,2016-04-07,False,22,188
#ubuntu,2016-04-07,False,23,266
#ubuntu,2016-04-14,False,0,58
#ubuntu,2016-04-14,False,1,63
#ubuntu,2016-04-14,False,2,34
#ubuntu,2016-04-14,False,3,40
#ubuntu,2016-04-14,False,4,85
#ubuntu,2016-04-14,False,5,36
#ubuntu,2016-04-14,False,6,79
#ubuntu,2016-04-14,False,7,98
#ubuntu,2016-04-14,False,8,68
#ubuntu,2016-04-14,False,9,30
#ubuntu,2016-04-14,False,10,65
#ubuntu,2016-04-14,False,11,47
#ubuntu,2016-04-14,False,12,41
#ubuntu,2016-04-14,False,13,185
#ubuntu,2016-04-14,False,14,110
#ubuntu,2016-04-14,False,15,52
#ubuntu,2016-04-14,False,16,85
#ubuntu,2016-04-14,False,17,66
#ubuntu,2016-04-14,False,18,57
#ubuntu,2016-04-14,False,19,73
#ubuntu,2016-04-14,False,20,214
#ubuntu,2016-04-14,False,21,112
#ubuntu,2016-04-14,False,22,66
#ubuntu,2016-04-14,False,23,187
#ubuntu,2016-04-21,True,0,120
#ubuntu,2016-04-21,True,1,125
#ubuntu,2016-04-21,True,2,61
#ubuntu,2016-04-21,True,3,149
#ubuntu,2016-04-21,True,4,94
#ubuntu,2016-04-21,True,5,64
#ubuntu,2016-04-21,True,6,240
#ubuntu,2016-04-21,True,7,79
#ubuntu,2016-04-21,True,8,166
#ubuntu,2016-04-21,True,9,173
#ubuntu,2016-04-21,True,10,194
#ubuntu,2016-04-21,True,11,204
#ubuntu,2016-04-21,True,12,155
#ubuntu,2016-04-21,True,13,198
#ubuntu,2016-04-21,True,14,198
#ubuntu,2016-04-21,True,15,210
#ubuntu,2016-04-21,True,16,310
#ubuntu,2016-04-21,True,17,241
#ubuntu,2016-04-21,True,18,420
#ubuntu,2016-04-21,True,19,269
#ubuntu,2016-04-21,True,20,366
#ubuntu,2016-04-21,True,21,390
#ubuntu,2016-04-21,True,22,243
#ubuntu,2016-04-21,True,23,242
#ubuntu,2016-04-28,False,0,98
#ubuntu,2016-04-28,False,1,169
#ubuntu,2016-04-28,False,2,143
#ubuntu,2016-04-28,False,3,149
#ubuntu,2016-04-28,False,4,95
#ubuntu,2016-04-28,False,5,100
#ubuntu,2016-04-28,False,6,68
#ubuntu,2016-04-28,False,7,24
#ubuntu,2016-04-28,False,8,168
#ubuntu,2016-04-28,False,9,87
#ubuntu,2016-04-28,False,10,129
#ubuntu,2016-04-28,False,11,28
#ubuntu,2016-04-28,False,12,169
#ubuntu,2016-04-28,False,13,174
#ubuntu,2016-04-28,False,14,97
#ubuntu,2016-04-28,False,15,167
#ubuntu,2016-04-28,False,16,240
#ubuntu,2016-04-28,False,17,154
#ubuntu,2016-04-28,False,18,182
#ubuntu,2016-04-28,False,19,209
#ubuntu,2016-04-28,False,20,245
#ubuntu,2016-04-28,False,21,187
#ubuntu,2016-04-28,False,22,134
#ubuntu,2016-04-28,False,23,69
#ubuntu,2016-05-05,False,0,67
#ubuntu,2016-05-05,False,1,84
#ubuntu,2016-05-05,False,2,73
#ubuntu,2016-05-05,False,3,52
#ubuntu,2016-05-05,False,4,30
#ubuntu,2016-05-05,False,5,78
#ubuntu,2016-05-05,False,6,88
#ubuntu,2016-05-05,False,7,121
#ubuntu,2016-05-05,False,8,52
#ubuntu,2016-05-05,False,9,181
#ubuntu,2016-05-05,False,10,160
#ubuntu,2016-05-05,False,11,137
#ubuntu,2016-05-05,False,12,169
#ubuntu,2016-05-05,False,13,90
#ubuntu,2016-05-05,False,14,77
#ubuntu,2016-05-05,False,15,194
#ubuntu,2016-05-05,False,16,222
#ubuntu,2016-05-05,False,17,168
#ubuntu,2016-05-05,False,18,240
#ubuntu,2016-05-05,False,19,186
#ubuntu,2016-05-05,False,20,87
#ubuntu,2016-05-05,False,21,58
#ubuntu,2016-05-05,False,22,119
#ubuntu,2016-05-05,False,23,153
#ubuntu,2016-05-12,False,0,111
#ubuntu,2016-05-12,False,1,88
#ubuntu,2016-05-12,False,2,185
#ubuntu,2016-05-12,False,3,90
#ubuntu,2016-05-12,False,4,58
#ubuntu,2016-05-12,False,5,42
#ubuntu,2016-05-12,False,6,70
#ubuntu,2016-05-12,False,7,98
#ubuntu,2016-05-12,False,8,74
#ubuntu,2016-05-12,False,9,78
#ubuntu,2016-05-12,False,10,166
#ubuntu,2016-05-12,False,11,65
#ubuntu,2016-05-12,False,12,88
#ubuntu,2016-05-12,False,13,108
#ubuntu,2016-05-12,False,14,113
#ubuntu,2016-05-12,False,15,215
#ubuntu,2016-05-12,False,16,196
#ubuntu,2016-05-12,False,17,131
#ubuntu,2016-05-12,False,18,224
#ubuntu,2016-05-12,False,19,210
#ubuntu,2016-05-12,False,20,269
#ubuntu,2016-05-12,False,21,126
#ubuntu,2016-05-12,False,22,162
#ubuntu,2016-05-12,False,23,49
#ubuntu,2016-05-19,False,0,70
#ubuntu,2016-05-19,False,1,94
#ubuntu,2016-05-19,False,2,140
#ubuntu,2016-05-19,False,3,66
#ubuntu,2016-05-19,False,4,78
#ubuntu,2016-05-19,False,5,97
#ubuntu,2016-05-19,False,6,158
#ubuntu,2016-05-19,False,7,122
#ubuntu,2016-05-19,False,8,107
#ubuntu,2016-05-19,False,9,63
#ubuntu,2016-05-19,False,10,158
#ubuntu,2016-05-19,False,11,88
#ubuntu,2016-05-19,False,12,108
#ubuntu,2016-05-19,False,13,75
#ubuntu,2016-05-19,False,14,152
#ubuntu,2016-05-19,False,15,134
#ubuntu,2016-05-19,False,16,142
#ubuntu,2016-05-19,False,17,134
#ubuntu,2016-05-19,False,18,243
#ubuntu,2016-05-19,False,19,125
#ubuntu,2016-05-19,False,20,128
#ubuntu,2016-05-19,False,21,29
#ubuntu,2016-05-19,False,22,92
#ubuntu,2016-05-19,False,23,282
#ubuntu,2016-05-26,False,0,69
#ubuntu,2016-05-26,False,1,77
#ubuntu,2016-05-26,False,2,111
#ubuntu,2016-05-26,False,3,126
#ubuntu,2016-05-26,False,4,88
#ubuntu,2016-05-26,False,5,302
#ubuntu,2016-05-26,False,6,91
#ubuntu,2016-05-26,False,7,78
#ubuntu,2016-05-26,False,8,29
#ubuntu,2016-05-26,False,9,134
#ubuntu,2016-05-26,False,10,84
#ubuntu,2016-05-26,False,11,106
#ubuntu,2016-05-26,False,12,76
#ubuntu,2016-05-26,False,13,94
#ubuntu,2016-05-26,False,14,97
#ubuntu,2016-05-26,False,15,127
#ubuntu,2016-05-26,False,16,154
#ubuntu,2016-05-26,False,17,87
#ubuntu,2016-05-26,False,18,118
#ubuntu,2016-05-26,False,19,205
#ubuntu,2016-05-26,False,20,135
#ubuntu,2016-05-26,False,21,181
#ubuntu,2016-05-26,False,22,107
#ubuntu,2016-05-26,False,23,138
#ubuntu,2016-06-02,False,0,78
#ubuntu,2016-06-02,False,1,88
#ubuntu,2016-06-02,False,2,218
#ubuntu,2016-06-02,False,3,98
#ubuntu,2016-06-02,False,4,116
#ubuntu,2016-06-02,False,5,133
#ubuntu,2016-06-02,False,6,57
#ubuntu,2016-06-02,False,7,122
#ubuntu,2016-06-02,False,8,73
#ubuntu,2016-06-02,False,9,41
#ubuntu,2016-06-02,False,10,52
#ubuntu,2016-06-02,False,11,24
#ubuntu,2016-06-02,False,12,65
#ubuntu,2016-06-02,False,13,109
#ubuntu,2016-06-02,False,14,160
#ubuntu,2016-06-02,False,15,68
#ubuntu,2016-06-02,False,16,96
#ubuntu,2016-06-02,False,17,115
#ubuntu,2016-06-02,False,18,129
#ubuntu,2016-06-02,False,19,80
#ubuntu,2016-06-02,False,20,180
#ubuntu,2016-06-02,False,21,245
#ubuntu,2016-06-02,False,22,76
#ubuntu,2016-06-02,False,23,57
#ubuntu,2016-06-09,False,0,60
#ubuntu,2016-06-09,False,1,106
#ubuntu,2016-06-09,False,2,197
#ubuntu,2016-06-09,False,3,343
#ubuntu,2016-06-09,False,4,174
#ubuntu,2016-06-09,False,5,32
#ubuntu,2016-06-09,False,6,79
#ubuntu,2016-06-09,False,7,123
#ubuntu,2016-06-09,False,8,204
#ubuntu,2016-06-09,False,9,26
#ubuntu,2016-06-09,False,10,65
#ubuntu,2016-06-09,False,11,76
#ubuntu,2016-06-09,False,12,136
#ubuntu,2016-06-09,False,13,122
#ubuntu,2016-06-09,False,14,191
#ubuntu,2016-06-09,False,15,220
#ubuntu,2016-06-09,False,16,152
#ubuntu,2016-06-09,False,17,135
#ubuntu,2016-06-09,False,18,122
#ubuntu,2016-06-09,False,19,178
#ubuntu,2016-06-09,False,20,303
#ubuntu,2016-06-09,False,21,282
#ubuntu,2016-06-09,False,22,91
#ubuntu,2016-06-09,False,23,172
#ubuntu,2016-06-23,False,0,47
#ubuntu,2016-06-23,False,1,146
#ubuntu,2016-06-23,False,2,80
#ubuntu,2016-06-23,False,3,123
#ubuntu,2016-06-23,False,4,120
#ubuntu,2016-06-23,False,5,191
#ubuntu,2016-06-23,False,6,208
#ubuntu,2016-06-23,False,7,107
#ubuntu,2016-06-23,False,8,216
#ubuntu,2016-06-23,False,9,216
#ubuntu,2016-06-23,False,10,215
#ubuntu,2016-06-23,False,11,228
#ubuntu,2016-06-23,False,12,119
#ubuntu,2016-06-23,False,13,135
#ubuntu,2016-06-23,False,14,205
#ubuntu,2016-06-23,False,15,201
#ubuntu,2016-06-23,False,16,190
#ubuntu,2016-06-23,False,17,164
#ubuntu,2016-06-23,False,18,249
#ubuntu,2016-06-23,False,19,145
#ubuntu,2016-06-23,False,20,192
#ubuntu,2016-06-23,False,21,202
#ubuntu,2016-06-23,False,22,42
#ubuntu,2016-06-23,False,23,50
#ubuntu,2016-06-30,False,0,34
#ubuntu,2016-06-30,False,1,55
#ubuntu,2016-06-30,False,2,56
#ubuntu,2016-06-30,False,3,141
#ubuntu,2016-06-30,False,4,35
#ubuntu,2016-06-30,False,5,31
#ubuntu,2016-06-30,False,6,80
#ubuntu,2016-06-30,False,7,105
#ubuntu,2016-06-30,False,8,161
#ubuntu,2016-06-30,False,9,41
#ubuntu,2016-06-30,False,10,98
#ubuntu,2016-06-30,False,11,133
#ubuntu,2016-06-30,False,12,118
#ubuntu,2016-06-30,False,13,109
#ubuntu,2016-06-30,False,14,114
#ubuntu,2016-06-30,False,15,108
#ubuntu,2016-06-30,False,16,131
#ubuntu,2016-06-30,False,17,42
#ubuntu,2016-06-30,False,18,164
#ubuntu,2016-06-30,False,19,148
#ubuntu,2016-06-30,False,20,93
#ubuntu,2016-06-30,False,21,81
#ubuntu,2016-06-30,False,22,76
#ubuntu,2016-06-30,False,23,216
#ubuntu,2016-07-07,False,0,88
#ubuntu,2016-07-07,False,1,36
#ubuntu,2016-07-07,False,2,52
#ubuntu,2016-07-07,False,3,91
#ubuntu,2016-07-07,False,4,86
#ubuntu,2016-07-07,False,5,130
#ubuntu,2016-07-07,False,6,122
#ubuntu,2016-07-07,False,7,34
#ubuntu,2016-07-07,False,8,41
#ubuntu,2016-07-07,False,9,40
#ubuntu,2016-07-07,False,10,103
#ubuntu,2016-07-07,False,11,67
#ubuntu,2016-07-07,False,12,29
#ubuntu,2016-07-07,False,13,58
#ubuntu,2016-07-07,False,14,91
#ubuntu,2016-07-07,False,15,334
#ubuntu,2016-07-07,False,16,108
#ubuntu,2016-07-07,False,17,111
#ubuntu,2016-07-07,False,18,83
#ubuntu,2016-07-07,False,19,135
#ubuntu,2016-07-07,False,20,66
#ubuntu,2016-07-07,False,21,52
#ubuntu,2016-07-07,False,22,45
#ubuntu,2016-07-07,False,23,65
#ubuntu,2016-07-14,False,0,34
#ubuntu,2016-07-14,False,1,66
#ubuntu,2016-07-14,False,2,42
#ubuntu,2016-07-14,False,3,240
#ubuntu,2016-07-14,False,4,166
#ubuntu,2016-07-14,False,5,37
#ubuntu,2016-07-14,False,6,67
#ubuntu,2016-07-14,False,7,55
#ubuntu,2016-07-14,False,8,39
#ubuntu,2016-07-14,False,9,102
#ubuntu,2016-07-14,False,10,84
#ubuntu,2016-07-14,False,11,37
#ubuntu,2016-07-14,False,12,78
#ubuntu,2016-07-14,False,13,166
#ubuntu,2016-07-14,False,14,107
#ubuntu,2016-07-14,False,15,103
#ubuntu,2016-07-14,False,16,113
#ubuntu,2016-07-14,False,17,133
#ubuntu,2016-07-14,False,18,213
#ubuntu,2016-07-14,False,19,311
#ubuntu,2016-07-14,False,20,212
#ubuntu,2016-07-14,False,21,110
#ubuntu,2016-07-14,False,22,137
#ubuntu,2016-07-14,False,23,139
#ubuntu,2016-07-21,False,0,35
#ubuntu,2016-07-21,False,1,88
#ubuntu,2016-07-21,False,2,65
#ubuntu,2016-07-21,False,3,103
#ubuntu,2016-07-21,False,4,90
#ubuntu,2016-07-21,False,5,91
#ubuntu,2016-07-21,False,6,60
#ubuntu,2016-07-21,False,7,85
#ubuntu,2016-07-21,False,8,94
#ubuntu,2016-07-21,False,9,91
#ubuntu,2016-07-21,False,10,50
#ubuntu,2016-07-21,False,11,235
#ubuntu,2016-07-21,False,12,182
#ubuntu,2016-07-21,False,13,144
#ubuntu,2016-07-21,False,14,79
#ubuntu,2016-07-21,False,15,103
#ubuntu,2016-07-21,False,16,117
#ubuntu,2016-07-21,False,17,130
#ubuntu,2016-07-21,False,18,70
#ubuntu,2016-07-21,False,19,106
#ubuntu,2016-07-21,False,20,313
#ubuntu,2016-07-21,False,21,217
#ubuntu,2016-07-21,False,22,159
#ubuntu,2016-07-21,False,23,230
#ubuntu,2016-07-28,False,0,100
#ubuntu,2016-07-28,False,1,45
#ubuntu,2016-07-28,False,2,197
#ubuntu,2016-07-28,False,3,51
#ubuntu,2016-07-28,False,4,105
#ubuntu,2016-07-28,False,5,143
#ubuntu,2016-07-28,False,6,69
#ubuntu,2016-07-28,False,7,13
#ubuntu,2016-07-28,False,8,29
#ubuntu,2016-07-28,False,9,197
#ubuntu,2016-07-28,False,10,96
#ubuntu,2016-07-28,False,11,119
#ubuntu,2016-07-28,False,12,90
#ubuntu,2016-07-28,False,13,49
#ubuntu,2016-07-28,False,14,234
#ubuntu,2016-07-28,False,15,104
#ubuntu,2016-07-28,False,16,103
#ubuntu,2016-07-28,False,17,138
#ubuntu,2016-07-28,False,18,172
#ubuntu,2016-07-28,False,19,189
#ubuntu,2016-07-28,False,20,83
#ubuntu,2016-07-28,False,21,99
#ubuntu,2016-07-28,False,22,81
#ubuntu,2016-07-28,False,23,44
#ubuntu,2016-08-04,False,0,148
#ubuntu,2016-08-04,False,1,79
#ubuntu,2016-08-04,False,2,85
#ubuntu,2016-08-04,False,3,89
#ubuntu,2016-08-04,False,4,60
#ubuntu,2016-08-04,False,5,141
#ubuntu,2016-08-04,False,6,138
#ubuntu,2016-08-04,False,7,107
#ubuntu,2016-08-04,False,8,100
#ubuntu,2016-08-04,False,9,205
#ubuntu,2016-08-04,False,10,134
#ubuntu,2016-08-04,False,11,139
#ubuntu,2016-08-04,False,12,60
#ubuntu,2016-08-04,False,13,95
#ubuntu,2016-08-04,False,14,154
#ubuntu,2016-08-04,False,15,84
#ubuntu,2016-08-04,False,16,151
#ubuntu,2016-08-04,False,17,139
#ubuntu,2016-08-04,False,18,225
#ubuntu,2016-08-04,False,19,58
#ubuntu,2016-08-04,False,20,53
#ubuntu,2016-08-04,False,21,98
#ubuntu,2016-08-04,False,22,226
#ubuntu,2016-08-04,False,23,166
#ubuntu,2016-08-11,False,0,201
#ubuntu,2016-08-11,False,1,102
#ubuntu,2016-08-11,False,2,38
#ubuntu,2016-08-11,False,3,52
#ubuntu,2016-08-11,False,4,28
#ubuntu,2016-08-11,False,5,44
#ubuntu,2016-08-11,False,6,14
#ubuntu,2016-08-11,False,7,40
#ubuntu,2016-08-11,False,8,111
#ubuntu,2016-08-11,False,9,36
#ubuntu,2016-08-11,False,10,25
#ubuntu,2016-08-11,False,11,49
#ubuntu,2016-08-11,False,12,105
#ubuntu,2016-08-11,False,13,24
#ubuntu,2016-08-11,False,14,103
#ubuntu,2016-08-11,False,15,173
#ubuntu,2016-08-11,False,16,30
#ubuntu,2016-08-11,False,17,101
#ubuntu,2016-08-11,False,18,162
#ubuntu,2016-08-11,False,19,176
#ubuntu,2016-08-11,False,20,123
#ubuntu,2016-08-11,False,21,122
#ubuntu,2016-08-11,False,22,111
#ubuntu,2016-08-11,False,23,93
#ubuntu,2016-08-18,False,0,53
#ubuntu,2016-08-18,False,1,58
#ubuntu,2016-08-18,False,2,76
#ubuntu,2016-08-18,False,3,82
#ubuntu,2016-08-18,False,4,35
#ubuntu,2016-08-18,False,5,137
#ubuntu,2016-08-18,False,6,189
#ubuntu,2016-08-18,False,7,100
#ubuntu,2016-08-18,False,8,145
#ubuntu,2016-08-18,False,9,151
#ubuntu,2016-08-18,False,10,117
#ubuntu,2016-08-18,False,11,25
#ubuntu,2016-08-18,False,12,43
#ubuntu,2016-08-18,False,13,98
#ubuntu,2016-08-18,False,14,64
#ubuntu,2016-08-18,False,15,28
#ubuntu,2016-08-18,False,16,148
#ubuntu,2016-08-18,False,17,156
#ubuntu,2016-08-18,False,18,229
#ubuntu,2016-08-18,False,19,112
#ubuntu,2016-08-18,False,20,133
#ubuntu,2016-08-18,False,21,112
#ubuntu,2016-08-18,False,22,100
#ubuntu,2016-08-18,False,23,79
#ubuntu,2016-08-25,False,0,79
#ubuntu,2016-08-25,False,1,127
#ubuntu,2016-08-25,False,2,78
#ubuntu,2016-08-25,False,3,45
#ubuntu,2016-08-25,False,4,48
#ubuntu,2016-08-25,False,5,9
#ubuntu,2016-08-25,False,6,75
#ubuntu,2016-08-25,False,7,65
#ubuntu,2016-08-25,False,8,125
#ubuntu,2016-08-25,False,9,155
#ubuntu,2016-08-25,False,10,159
#ubuntu,2016-08-25,False,11,112
#ubuntu,2016-08-25,False,12,106
#ubuntu,2016-08-25,False,13,100
#ubuntu,2016-08-25,False,14,134
#ubuntu,2016-08-25,False,15,176
#ubuntu,2016-08-25,False,16,143
#ubuntu,2016-08-25,False,17,80
#ubuntu,2016-08-25,False,18,192
#ubuntu,2016-08-25,False,19,115
#ubuntu,2016-08-25,False,20,116
#ubuntu,2016-08-25,False,21,126
#ubuntu,2016-08-25,False,22,126
#ubuntu,2016-08-25,False,23,183
#ubuntu,2016-09-01,False,0,22
#ubuntu,2016-09-01,False,1,22
#ubuntu,2016-09-01,False,2,63
#ubuntu,2016-09-01,False,3,94
#ubuntu,2016-09-01,False,4,116
#ubuntu,2016-09-01,False,5,186
#ubuntu,2016-09-01,False,6,126
#ubuntu,2016-09-01,False,7,88
#ubuntu,2016-09-01,False,8,56
#ubuntu,2016-09-01,False,9,52
#ubuntu,2016-09-01,False,10,116
#ubuntu,2016-09-01,False,11,69
#ubuntu,2016-09-01,False,12,107
#ubuntu,2016-09-01,False,13,77
#ubuntu,2016-09-01,False,14,84
#ubuntu,2016-09-01,False,15,87
#ubuntu,2016-09-01,False,16,110
#ubuntu,2016-09-01,False,17,65
#ubuntu,2016-09-01,False,18,129
#ubuntu,2016-09-01,False,19,80
#ubuntu,2016-09-01,False,20,92
#ubuntu,2016-09-01,False,21,109
#ubuntu,2016-09-01,False,22,113
#ubuntu,2016-09-01,False,23,95
#ubuntu,2016-09-08,False,0,70
#ubuntu,2016-09-08,False,1,57
#ubuntu,2016-09-08,False,2,122
#ubuntu,2016-09-08,False,3,140
#ubuntu,2016-09-08,False,4,174
#ubuntu,2016-09-08,False,5,147
#ubuntu,2016-09-08,False,6,46
#ubuntu,2016-09-08,False,7,5
#ubuntu,2016-09-08,False,8,25
#ubuntu,2016-09-08,False,9,13
#ubuntu,2016-09-08,False,10,104
#ubuntu,2016-09-08,False,11,112
#ubuntu,2016-09-08,False,12,95
#ubuntu,2016-09-08,False,13,110
#ubuntu,2016-09-08,False,14,101
#ubuntu,2016-09-08,False,15,135
#ubuntu,2016-09-08,False,16,169
#ubuntu,2016-09-08,False,17,96
#ubuntu,2016-09-08,False,18,112
#ubuntu,2016-09-08,False,19,191
#ubuntu,2016-09-08,False,20,39
#ubuntu,2016-09-08,False,21,137
#ubuntu,2016-09-08,False,22,172
#ubuntu,2016-09-08,False,23,67
#ubuntu,2016-09-15,False,0,62
#ubuntu,2016-09-15,False,1,101
#ubuntu,2016-09-15,False,2,49
#ubuntu,2016-09-15,False,3,28
#ubuntu,2016-09-15,False,4,56
#ubuntu,2016-09-15,False,5,113
#ubuntu,2016-09-15,False,6,105
#ubuntu,2016-09-15,False,7,89
#ubuntu,2016-09-15,False,8,120
#ubuntu,2016-09-15,False,9,139
#ubuntu,2016-09-15,False,10,116
#ubuntu,2016-09-15,False,11,29
#ubuntu,2016-09-15,False,12,83
#ubuntu,2016-09-15,False,13,146
#ubuntu,2016-09-15,False,14,130
#ubuntu,2016-09-15,False,15,56
#ubuntu,2016-09-15,False,16,234
#ubuntu,2016-09-15,False,17,233
#ubuntu,2016-09-15,False,18,117
#ubuntu,2016-09-15,False,19,85
#ubuntu,2016-09-15,False,20,101
#ubuntu,2016-09-15,False,21,95
#ubuntu,2016-09-15,False,22,58
#ubuntu,2016-09-15,False,23,37
#ubuntu,2016-09-22,False,0,178
#ubuntu,2016-09-22,False,1,86
#ubuntu,2016-09-22,False,2,146
#ubuntu,2016-09-22,False,3,118
#ubuntu,2016-09-22,False,4,229
#ubuntu,2016-09-22,False,5,212
#ubuntu,2016-09-22,False,6,222
#ubuntu,2016-09-22,False,7,193
#ubuntu,2016-09-22,False,8,89
#ubuntu,2016-09-22,False,9,91
#ubuntu,2016-09-22,False,10,28
#ubuntu,2016-09-22,False,11,21
#ubuntu,2016-09-22,False,12,80
#ubuntu,2016-09-22,False,13,55
#ubuntu,2016-09-22,False,14,133
#ubuntu,2016-09-22,False,15,155
#ubuntu,2016-09-22,False,16,67
#ubuntu,2016-09-22,False,17,27
#ubuntu,2016-09-22,False,18,96
#ubuntu,2016-09-22,False,19,143
#ubuntu,2016-09-22,False,20,114
#ubuntu,2016-09-22,False,21,78
#ubuntu,2016-09-22,False,22,70
#ubuntu,2016-09-22,False,23,93
#ubuntu,2016-09-29,False,0,95
#ubuntu,2016-09-29,False,1,76
#ubuntu,2016-09-29,False,2,36
#ubuntu,2016-09-29,False,3,167
#ubuntu,2016-09-29,False,4,14
#ubuntu,2016-09-29,False,5,54
#ubuntu,2016-09-29,False,6,64
#ubuntu,2016-09-29,False,7,98
#ubuntu,2016-09-29,False,8,70
#ubuntu,2016-09-29,False,9,165
#ubuntu,2016-09-29,False,10,87
#ubuntu,2016-09-29,False,11,134
#ubuntu,2016-09-29,False,12,128
#ubuntu,2016-09-29,False,13,139
#ubuntu,2016-09-29,False,14,88
#ubuntu,2016-09-29,False,15,123
#ubuntu,2016-09-29,False,16,141
#ubuntu,2016-09-29,False,17,201
#ubuntu,2016-09-29,False,18,183
#ubuntu,2016-09-29,False,19,267
#ubuntu,2016-09-29,False,20,134
#ubuntu,2016-09-29,False,21,56
#ubuntu,2016-09-29,False,22,127
#ubuntu,2016-09-29,False,23,89
#ubuntu,2016-10-06,False,0,44
#ubuntu,2016-10-06,False,1,16
#ubuntu,2016-10-06,False,2,102
#ubuntu,2016-10-06,False,3,74
#ubuntu,2016-10-06,False,4,64
#ubuntu,2016-10-06,False,5,93
#ubuntu,2016-10-06,False,6,96
#ubuntu,2016-10-06,False,7,52
#ubuntu,2016-10-06,False,8,22
#ubuntu,2016-10-06,False,9,46
#ubuntu,2016-10-06,False,10,84
#ubuntu,2016-10-06,False,11,83
#ubuntu,2016-10-06,False,12,83
#ubuntu,2016-10-06,False,13,102
#ubuntu,2016-10-06,False,14,115
#ubuntu,2016-10-06,False,15,81
#ubuntu,2016-10-06,False,16,91
#ubuntu,2016-10-06,False,17,112
#ubuntu,2016-10-06,False,18,127
#ubuntu,2016-10-06,False,19,98
#ubuntu,2016-10-06,False,20,70
#ubuntu,2016-10-06,False,21,247
#ubuntu,2016-10-06,False,22,100
#ubuntu,2016-10-06,False,23,90
#ubuntu,2016-10-20,False,0,78
#ubuntu,2016-10-20,False,1,117
#ubuntu,2016-10-20,False,2,35
#ubuntu,2016-10-20,False,3,29
#ubuntu,2016-10-20,False,4,83
#ubuntu,2016-10-20,False,5,43
#ubuntu,2016-10-20,False,6,52
#ubuntu,2016-10-20,False,7,80
#ubuntu,2016-10-20,False,8,47
#ubuntu,2016-10-20,False,9,42
#ubuntu,2016-10-20,False,10,51
#ubuntu,2016-10-20,False,11,56
#ubuntu,2016-10-20,False,12,77
#ubuntu,2016-10-20,False,13,89
#ubuntu,2016-10-20,False,14,89
#ubuntu,2016-10-20,False,15,224
#ubuntu,2016-10-20,False,16,227
#ubuntu,2016-10-20,False,17,195
#ubuntu,2016-10-20,False,18,190
#ubuntu,2016-10-20,False,19,80
#ubuntu,2016-10-20,False,20,246
#ubuntu,2016-10-20,False,21,33
#ubuntu,2016-10-20,False,22,124
#ubuntu,2016-10-20,False,23,114
#ubuntu,2016-10-27,False,0,80
#ubuntu,2016-10-27,False,1,115
#ubuntu,2016-10-27,False,2,146
#ubuntu,2016-10-27,False,3,111
#ubuntu,2016-10-27,False,4,28
#ubuntu,2016-10-27,False,5,52
#ubuntu,2016-10-27,False,6,129
#ubuntu,2016-10-27,False,7,50
#ubuntu,2016-10-27,False,8,72
#ubuntu,2016-10-27,False,9,84
#ubuntu,2016-10-27,False,10,29
#ubuntu,2016-10-27,False,11,32
#ubuntu,2016-10-27,False,12,117
#ubuntu,2016-10-27,False,13,161
#ubuntu,2016-10-27,False,14,148
#ubuntu,2016-10-27,False,15,215
#ubuntu,2016-10-27,False,16,138
#ubuntu,2016-10-27,False,17,99
#ubuntu,2016-10-27,False,18,244
#ubuntu,2016-10-27,False,19,253
#ubuntu,2016-10-27,False,20,115
#ubuntu,2016-10-27,False,21,89
#ubuntu,2016-10-27,False,22,99
#ubuntu,2016-10-27,False,23,135
#ubuntu,2016-11-03,False,0,27
#ubuntu,2016-11-03,False,1,65
#ubuntu,2016-11-03,False,2,6
#ubuntu,2016-11-03,False,3,12
#ubuntu,2016-11-03,False,4,32
#ubuntu,2016-11-03,False,5,41
#ubuntu,2016-11-03,False,6,53
#ubuntu,2016-11-03,False,7,61
#ubuntu,2016-11-03,False,8,54
#ubuntu,2016-11-03,False,9,35
#ubuntu,2016-11-03,False,10,82
#ubuntu,2016-11-03,False,11,89
#ubuntu,2016-11-03,False,12,76
#ubuntu,2016-11-03,False,13,94
#ubuntu,2016-11-03,False,14,93
#ubuntu,2016-11-03,False,15,70
#ubuntu,2016-11-03,False,16,117
#ubuntu,2016-11-03,False,17,56
#ubuntu,2016-11-03,False,18,125
#ubuntu,2016-11-03,False,19,103
#ubuntu,2016-11-03,False,20,137
#ubuntu,2016-11-03,False,21,58
#ubuntu,2016-11-03,False,22,131
#ubuntu,2016-11-03,False,23,106
#ubuntu,2016-11-10,False,0,44
#ubuntu,2016-11-10,False,1,132
#ubuntu,2016-11-10,False,2,114
#ubuntu,2016-11-10,False,3,37
#ubuntu,2016-11-10,False,4,92
#ubuntu,2016-11-10,False,5,34
#ubuntu,2016-11-10,False,6,79
#ubuntu,2016-11-10,False,7,46
#ubuntu,2016-11-10,False,8,93
#ubuntu,2016-11-10,False,9,22
#ubuntu,2016-11-10,False,10,62
#ubuntu,2016-11-10,False,11,66
#ubuntu,2016-11-10,False,12,16
#ubuntu,2016-11-10,False,13,31
#ubuntu,2016-11-10,False,14,36
#ubuntu,2016-11-10,False,15,48
#ubuntu,2016-11-10,False,16,67
#ubuntu,2016-11-10,False,17,76
#ubuntu,2016-11-10,False,18,86
#ubuntu,2016-11-10,False,19,63
#ubuntu,2016-11-10,False,20,108
#ubuntu,2016-11-10,False,21,73
#ubuntu,2016-11-10,False,22,124
#ubuntu,2016-11-10,False,23,69
#ubuntu,2016-11-17,False,0,143
#ubuntu,2016-11-17,False,1,52
#ubuntu,2016-11-17,False,2,45
#ubuntu,2016-11-17,False,3,81
#ubuntu,2016-11-17,False,4,109
#ubuntu,2016-11-17,False,5,85
#ubuntu,2016-11-17,False,6,79
#ubuntu,2016-11-17,False,7,18
#ubuntu,2016-11-17,False,8,159
#ubuntu,2016-11-17,False,9,200
#ubuntu,2016-11-17,False,10,207
#ubuntu,2016-11-17,False,11,130
#ubuntu,2016-11-17,False,12,176
#ubuntu,2016-11-17,False,13,90
#ubuntu,2016-11-17,False,14,63
#ubuntu,2016-11-17,False,15,175
#ubuntu,2016-11-17,False,16,122
#ubuntu,2016-11-17,False,17,125
#ubuntu,2016-11-17,False,18,284
#ubuntu,2016-11-17,False,19,276
#ubuntu,2016-11-17,False,20,278
#ubuntu,2016-11-17,False,21,202
#ubuntu,2016-11-17,False,22,136
#ubuntu,2016-11-17,False,23,47
#ubuntu,2016-11-24,False,0,66
#ubuntu,2016-11-24,False,1,156
#ubuntu,2016-11-24,False,2,100
#ubuntu,2016-11-24,False,3,65
#ubuntu,2016-11-24,False,4,60
#ubuntu,2016-11-24,False,5,14
#ubuntu,2016-11-24,False,6,86
#ubuntu,2016-11-24,False,7,130
#ubuntu,2016-11-24,False,8,98
#ubuntu,2016-11-24,False,9,22
#ubuntu,2016-11-24,False,10,58
#ubuntu,2016-11-24,False,11,34
#ubuntu,2016-11-24,False,12,26
#ubuntu,2016-11-24,False,13,59
#ubuntu,2016-11-24,False,14,96
#ubuntu,2016-11-24,False,15,54
#ubuntu,2016-11-24,False,16,33
#ubuntu,2016-11-24,False,17,96
#ubuntu,2016-11-24,False,18,76
#ubuntu,2016-11-24,False,19,27
#ubuntu,2016-11-24,False,20,189
#ubuntu,2016-11-24,False,21,46
#ubuntu,2016-11-24,False,22,38
#ubuntu,2016-11-24,False,23,121
#ubuntu,2016-12-01,False,0,132
#ubuntu,2016-12-01,False,1,74
#ubuntu,2016-12-01,False,2,99
#ubuntu,2016-12-01,False,3,96
#ubuntu,2016-12-01,False,4,147
#ubuntu,2016-12-01,False,5,90
#ubuntu,2016-12-01,False,6,28
#ubuntu,2016-12-01,False,7,66
#ubuntu,2016-12-01,False,8,105
#ubuntu,2016-12-01,False,9,26
#ubuntu,2016-12-01,False,10,9
#ubuntu,2016-12-01,False,11,72
#ubuntu,2016-12-01,False,12,80
#ubuntu,2016-12-01,False,13,38
#ubuntu,2016-12-01,False,14,48
#ubuntu,2016-12-01,False,15,114
#ubuntu,2016-12-01,False,16,105
#ubuntu,2016-12-01,False,17,66
#ubuntu,2016-12-01,False,18,76
#ubuntu,2016-12-01,False,19,102
#ubuntu,2016-12-01,False,20,104
#ubuntu,2016-12-01,False,21,134
#ubuntu,2016-12-01,False,22,66
#ubuntu,2016-12-01,False,23,39
#ubuntu,2016-12-08,False,0,61
#ubuntu,2016-12-08,False,1,95
#ubuntu,2016-12-08,False,2,67
#ubuntu,2016-12-08,False,3,42
#ubuntu,2016-12-08,False,4,50
#ubuntu,2016-12-08,False,5,31
#ubuntu,2016-12-08,False,6,32
#ubuntu,2016-12-08,False,7,24
#ubuntu,2016-12-08,False,8,62
#ubuntu,2016-12-08,False,9,67
#ubuntu,2016-12-08,False,10,55
#ubuntu,2016-12-08,False,11,38
#ubuntu,2016-12-08,False,12,49
#ubuntu,2016-12-08,False,13,10
#ubuntu,2016-12-08,False,14,40
#ubuntu,2016-12-08,False,15,95
#ubuntu,2016-12-08,False,16,111
#ubuntu,2016-12-08,False,17,52
#ubuntu,2016-12-08,False,18,110
#ubuntu,2016-12-08,False,19,188
#ubuntu,2016-12-08,False,20,124
#ubuntu,2016-12-08,False,21,130
#ubuntu,2016-12-08,False,22,80
#ubuntu,2016-12-08,False,23,71
#ubuntu,2016-12-15,False,0,121
#ubuntu,2016-12-15,False,1,73
#ubuntu,2016-12-15,False,2,87
#ubuntu,2016-12-15,False,3,53
#ubuntu,2016-12-15,False,4,57
#ubuntu,2016-12-15,False,5,87
#ubuntu,2016-12-15,False,6,17
#ubuntu,2016-12-15,False,7,50
#ubuntu,2016-12-15,False,8,55
#ubuntu,2016-12-15,False,9,84
#ubuntu,2016-12-15,False,10,17
#ubuntu,2016-12-15,False,11,47
#ubuntu,2016-12-15,False,12,61
#ubuntu,2016-12-15,False,13,85
#ubuntu,2016-12-15,False,14,129
#ubuntu,2016-12-15,False,15,54
#ubuntu,2016-12-15,False,16,70
#ubuntu,2016-12-15,False,17,106
#ubuntu,2016-12-15,False,18,96
#ubuntu,2016-12-15,False,19,84
#ubuntu,2016-12-15,False,20,151
#ubuntu,2016-12-15,False,21,155
#ubuntu,2016-12-15,False,22,247
#ubuntu,2016-12-15,False,23,140
#ubuntu,2016-12-22,False,0,29
#ubuntu,2016-12-22,False,1,63
#ubuntu,2016-12-22,False,2,125
#ubuntu,2016-12-22,False,3,185
#ubuntu,2016-12-22,False,4,133
#ubuntu,2016-12-22,False,5,29
#ubuntu,2016-12-22,False,6,53
#ubuntu,2016-12-22,False,7,7
#ubuntu,2016-12-22,False,8,67
#ubuntu,2016-12-22,False,9,122
#ubuntu,2016-12-22,False,10,34
#ubuntu,2016-12-22,False,11,138
#ubuntu,2016-12-22,False,12,40
#ubuntu,2016-12-22,False,13,159
#ubuntu,2016-12-22,False,14,209
#ubuntu,2016-12-22,False,15,248
#ubuntu,2016-12-22,False,16,36
#ubuntu,2016-12-22,False,17,113
#ubuntu,2016-12-22,False,18,187
#ubuntu,2016-12-22,False,19,84
#ubuntu,2016-12-22,False,20,133
#ubuntu,2016-12-22,False,21,70
#ubuntu,2016-12-22,False,22,70
#ubuntu,2016-12-22,False,23,60
#ubuntu,2016-12-29,False,0,37
#ubuntu,2016-12-29,False,1,14
#ubuntu,2016-12-29,False,2,27
#ubuntu,2016-12-29,False,3,23
#ubuntu,2016-12-29,False,4,32
#ubuntu,2016-12-29,False,5,83
#ubuntu,2016-12-29,False,6,54
#ubuntu,2016-12-29,False,7,40
#ubuntu,2016-12-29,False,8,61
#ubuntu,2016-12-29,False,9,10
#ubuntu,2016-12-29,False,10,70
#ubuntu,2016-12-29,False,11,13
#ubuntu,2016-12-29,False,12,47
#ubuntu,2016-12-29,False,13,46
#ubuntu,2016-12-29,False,14,70
#ubuntu,2016-12-29,False,15,117
#ubuntu,2016-12-29,False,16,206
#ubuntu,2016-12-29,False,17,188
#ubuntu,2016-12-29,False,18,119
#ubuntu,2016-12-29,False,19,144
#ubuntu,2016-12-29,False,20,110
#ubuntu,2016-12-29,False,21,111
#ubuntu,2016-12-29,False,22,100
#ubuntu,2016-12-29,False,23,125
#ubuntu,2017-01-05,False,0,44
#ubuntu,2017-01-05,False,1,48
#ubuntu,2017-01-05,False,2,156
#ubuntu,2017-01-05,False,3,236
#ubuntu,2017-01-05,False,4,96
#ubuntu,2017-01-05,False,5,30
#ubuntu,2017-01-05,False,6,25
#ubuntu,2017-01-05,False,7,99
#ubuntu,2017-01-05,False,8,97
#ubuntu,2017-01-05,False,9,150
#ubuntu,2017-01-05,False,10,181
#ubuntu,2017-01-05,False,11,20
#ubuntu,2017-01-05,False,12,41
#ubuntu,2017-01-05,False,13,114
#ubuntu,2017-01-05,False,14,60
#ubuntu,2017-01-05,False,15,182
#ubuntu,2017-01-05,False,16,89
#ubuntu,2017-01-05,False,17,146
#ubuntu,2017-01-05,False,18,166
#ubuntu,2017-01-05,False,19,141
#ubuntu,2017-01-05,False,20,249
#ubuntu,2017-01-05,False,21,77
#ubuntu,2017-01-05,False,22,53
#ubuntu,2017-01-05,False,23,25
#ubuntu,2017-01-12,False,0,115
#ubuntu,2017-01-12,False,1,76
#ubuntu,2017-01-12,False,2,41
#ubuntu,2017-01-12,False,3,127
#ubuntu,2017-01-12,False,4,146
#ubuntu,2017-01-12,False,5,93
#ubuntu,2017-01-12,False,6,32
#ubuntu,2017-01-12,False,7,62
#ubuntu,2017-01-12,False,8,48
#ubuntu,2017-01-12,False,9,45
#ubuntu,2017-01-12,False,10,93
#ubuntu,2017-01-12,False,11,71
#ubuntu,2017-01-12,False,12,124
#ubuntu,2017-01-12,False,13,136
#ubuntu,2017-01-12,False,14,98
#ubuntu,2017-01-12,False,15,147
#ubuntu,2017-01-12,False,16,84
#ubuntu,2017-01-12,False,17,144
#ubuntu,2017-01-12,False,18,110
#ubuntu,2017-01-12,False,19,77
#ubuntu,2017-01-12,False,20,38
#ubuntu,2017-01-12,False,21,144
#ubuntu,2017-01-12,False,22,40
#ubuntu,2017-01-12,False,23,98
#ubuntu,2017-01-19,False,0,79
#ubuntu,2017-01-19,False,1,89
#ubuntu,2017-01-19,False,2,34
#ubuntu,2017-01-19,False,3,31
#ubuntu,2017-01-19,False,4,33
#ubuntu,2017-01-19,False,5,69
#ubuntu,2017-01-19,False,6,54
#ubuntu,2017-01-19,False,7,4
#ubuntu,2017-01-19,False,8,45
#ubuntu,2017-01-19,False,9,29
#ubuntu,2017-01-19,False,10,82
#ubuntu,2017-01-19,False,11,98
#ubuntu,2017-01-19,False,12,105
#ubuntu,2017-01-19,False,13,126
#ubuntu,2017-01-19,False,14,59
#ubuntu,2017-01-19,False,15,80
#ubuntu,2017-01-19,False,16,86
#ubuntu,2017-01-19,False,17,72
#ubuntu,2017-01-19,False,18,69
#ubuntu,2017-01-19,False,19,91
#ubuntu,2017-01-19,False,20,34
#ubuntu,2017-01-19,False,21,106
#ubuntu,2017-01-19,False,22,32
#ubuntu,2017-01-19,False,23,58
#ubuntu,2017-01-26,False,0,129
#ubuntu,2017-01-26,False,1,143
#ubuntu,2017-01-26,False,2,80
#ubuntu,2017-01-26,False,3,57
#ubuntu,2017-01-26,False,4,76
#ubuntu,2017-01-26,False,5,67
#ubuntu,2017-01-26,False,6,14
#ubuntu,2017-01-26,False,7,58
#ubuntu,2017-01-26,False,8,72
#ubuntu,2017-01-26,False,9,108
#ubuntu,2017-01-26,False,10,31
#ubuntu,2017-01-26,False,11,24
#ubuntu,2017-01-26,False,12,7
#ubuntu,2017-01-26,False,13,30
#ubuntu,2017-01-26,False,14,68
#ubuntu,2017-01-26,False,15,138
#ubuntu,2017-01-26,False,16,55
#ubuntu,2017-01-26,False,17,56
#ubuntu,2017-01-26,False,18,77
#ubuntu,2017-01-26,False,19,85
#ubuntu,2017-01-26,False,20,160
#ubuntu,2017-01-26,False,21,103
#ubuntu,2017-01-26,False,22,127
#ubuntu,2017-01-26,False,23,276
#ubuntu,2017-02-02,False,0,10
#ubuntu,2017-02-02,False,1,12
#ubuntu,2017-02-02,False,2,24
#ubuntu,2017-02-02,False,3,63
#ubuntu,2017-02-02,False,4,50
#ubuntu,2017-02-02,False,5,27
#ubuntu,2017-02-02,False,6,18
#ubuntu,2017-02-02,False,7,32
#ubuntu,2017-02-02,False,8,22
#ubuntu,2017-02-02,False,9,52
#ubuntu,2017-02-02,False,10,22
#ubuntu,2017-02-02,False,11,119
#ubuntu,2017-02-02,False,12,46
#ubuntu,2017-02-02,False,13,65
#ubuntu,2017-02-02,False,14,122
#ubuntu,2017-02-02,False,15,109
#ubuntu,2017-02-02,False,16,113
#ubuntu,2017-02-02,False,17,74
#ubuntu,2017-02-02,False,18,85
#ubuntu,2017-02-02,False,19,162
#ubuntu,2017-02-02,False,20,126
#ubuntu,2017-02-02,False,21,113
#ubuntu,2017-02-02,False,22,134
#ubuntu,2017-02-02,False,23,93
#ubuntu,2017-02-09,False,0,132
#ubuntu,2017-02-09,False,1,104
#ubuntu,2017-02-09,False,2,12
#ubuntu,2017-02-09,False,3,2
#ubuntu,2017-02-09,False,4,99
#ubuntu,2017-02-09,False,5,101
#ubuntu,2017-02-09,False,6,26
#ubuntu,2017-02-09,False,7,28
#ubuntu,2017-02-09,False,8,30
#ubuntu,2017-02-09,False,9,112
#ubuntu,2017-02-09,False,10,72
#ubuntu,2017-02-09,False,11,177
#ubuntu,2017-02-09,False,12,128
#ubuntu,2017-02-09,False,13,116
#ubuntu,2017-02-09,False,14,214
#ubuntu,2017-02-09,False,15,250
#ubuntu,2017-02-09,False,16,82
#ubuntu,2017-02-09,False,17,235
#ubuntu,2017-02-09,False,18,124
#ubuntu,2017-02-09,False,19,128
#ubuntu,2017-02-09,False,20,5
#ubuntu,2017-02-09,False,21,16
#ubuntu,2017-02-09,False,22,198
#ubuntu,2017-02-09,False,23,31
#ubuntu,2017-02-16,False,0,171
#ubuntu,2017-02-16,False,1,176
#ubuntu,2017-02-16,False,2,120
#ubuntu,2017-02-16,False,3,77
#ubuntu,2017-02-16,False,4,73
#ubuntu,2017-02-16,False,5,29
#ubuntu,2017-02-16,False,6,47
#ubuntu,2017-02-16,False,7,99
#ubuntu,2017-02-16,False,8,170
#ubuntu,2017-02-16,False,9,198
#ubuntu,2017-02-16,False,10,121
#ubuntu,2017-02-16,False,11,124
#ubuntu,2017-02-16,False,12,17
#ubuntu,2017-02-16,False,13,109
#ubuntu,2017-02-16,False,14,71
#ubuntu,2017-02-16,False,15,36
#ubuntu,2017-02-16,False,16,112
#ubuntu,2017-02-16,False,17,113
#ubuntu,2017-02-16,False,18,112
#ubuntu,2017-02-16,False,19,116
#ubuntu,2017-02-16,False,20,167
#ubuntu,2017-02-16,False,21,68
#ubuntu,2017-02-16,False,22,26
#ubuntu,2017-02-16,False,23,43
#ubuntu,2017-02-23,False,0,294
#ubuntu,2017-02-23,False,1,61
#ubuntu,2017-02-23,False,2,82
#ubuntu,2017-02-23,False,3,38
#ubuntu,2017-02-23,False,4,22
#ubuntu,2017-02-23,False,5,208
#ubuntu,2017-02-23,False,6,153
#ubuntu,2017-02-23,False,7,43
#ubuntu,2017-02-23,False,8,15
#ubuntu,2017-02-23,False,9,58
#ubuntu,2017-02-23,False,10,100
#ubuntu,2017-02-23,False,11,85
#ubuntu,2017-02-23,False,12,129
#ubuntu,2017-02-23,False,13,276
#ubuntu,2017-02-23,False,14,209
#ubuntu,2017-02-23,False,15,78
#ubuntu,2017-02-23,False,16,84
#ubuntu,2017-02-23,False,17,163
#ubuntu,2017-02-23,False,18,125
#ubuntu,2017-02-23,False,19,93
#ubuntu,2017-02-23,False,20,166
#ubuntu,2017-02-23,False,21,100
#ubuntu,2017-02-23,False,22,55
#ubuntu,2017-02-23,False,23,36
#ubuntu,2017-03-02,False,0,60
#ubuntu,2017-03-02,False,1,131
#ubuntu,2017-03-02,False,2,95
#ubuntu,2017-03-02,False,3,156
#ubuntu,2017-03-02,False,4,28
#ubuntu,2017-03-02,False,5,140
#ubuntu,2017-03-02,False,6,92
#ubuntu,2017-03-02,False,7,34
#ubuntu,2017-03-02,False,8,13
#ubuntu,2017-03-02,False,9,53
#ubuntu,2017-03-02,False,10,97
#ubuntu,2017-03-02,False,11,14
#ubuntu,2017-03-02,False,12,54
#ubuntu,2017-03-02,False,13,89
#ubuntu,2017-03-02,False,14,103
#ubuntu,2017-03-02,False,15,88
#ubuntu,2017-03-02,False,16,44
#ubuntu,2017-03-02,False,17,93
#ubuntu,2017-03-02,False,18,210
#ubuntu,2017-03-02,False,19,191
#ubuntu,2017-03-02,False,20,163
#ubuntu,2017-03-02,False,21,101
#ubuntu,2017-03-02,False,22,137
#ubuntu,2017-03-02,False,23,70
#ubuntu,2017-03-09,False,0,32
#ubuntu,2017-03-09,False,1,64
#ubuntu,2017-03-09,False,2,27
#ubuntu,2017-03-09,False,3,84
#ubuntu,2017-03-09,False,4,132
#ubuntu,2017-03-09,False,5,35
#ubuntu,2017-03-09,False,6,4
#ubuntu,2017-03-09,False,7,50
#ubuntu,2017-03-09,False,8,80
#ubuntu,2017-03-09,False,9,65
#ubuntu,2017-03-09,False,10,42
#ubuntu,2017-03-09,False,11,89
#ubuntu,2017-03-09,False,12,155
#ubuntu,2017-03-09,False,13,158
#ubuntu,2017-03-09,False,14,40
#ubuntu,2017-03-09,False,15,37
#ubuntu,2017-03-09,False,16,185
#ubuntu,2017-03-09,False,17,134
#ubuntu,2017-03-09,False,18,193
#ubuntu,2017-03-09,False,19,236
#ubuntu,2017-03-09,False,20,140
#ubuntu,2017-03-09,False,21,261
#ubuntu,2017-03-09,False,22,57
#ubuntu,2017-03-09,False,23,56
#ubuntu,2017-03-16,False,0,24
#ubuntu,2017-03-16,False,1,133
#ubuntu,2017-03-16,False,2,21
#ubuntu,2017-03-16,False,3,32
#ubuntu,2017-03-16,False,4,17
#ubuntu,2017-03-16,False,5,96
#ubuntu,2017-03-16,False,6,33
#ubuntu,2017-03-16,False,7,47
#ubuntu,2017-03-16,False,8,50
#ubuntu,2017-03-16,False,9,82
#ubuntu,2017-03-16,False,10,91
#ubuntu,2017-03-16,False,11,113
#ubuntu,2017-03-16,False,12,69
#ubuntu,2017-03-16,False,13,89
#ubuntu,2017-03-16,False,14,138
#ubuntu,2017-03-16,False,15,76
#ubuntu,2017-03-16,False,16,93
#ubuntu,2017-03-16,False,17,69
#ubuntu,2017-03-16,False,18,40
#ubuntu,2017-03-16,False,19,74
#ubuntu,2017-03-16,False,20,78
#ubuntu,2017-03-16,False,21,33
#ubuntu,2017-03-16,False,22,114
#ubuntu,2017-03-16,False,23,137
#ubuntu,2017-03-23,False,0,101
#ubuntu,2017-03-23,False,1,142
#ubuntu,2017-03-23,False,2,39
#ubuntu,2017-03-23,False,3,90
#ubuntu,2017-03-23,False,4,12
#ubuntu,2017-03-23,False,5,6
#ubuntu,2017-03-23,False,6,144
#ubuntu,2017-03-23,False,7,54
#ubuntu,2017-03-23,False,8,162
#ubuntu,2017-03-23,False,9,60
#ubuntu,2017-03-23,False,10,96
#ubuntu,2017-03-23,False,11,149
#ubuntu,2017-03-23,False,12,85
#ubuntu,2017-03-23,False,13,79
#ubuntu,2017-03-23,False,14,62
#ubuntu,2017-03-23,False,15,86
#ubuntu,2017-03-23,False,16,218
#ubuntu,2017-03-23,False,17,186
#ubuntu,2017-03-23,False,18,323
#ubuntu,2017-03-23,False,19,167
#ubuntu,2017-03-23,False,20,34
#ubuntu,2017-03-23,False,21,103
#ubuntu,2017-03-23,False,22,29
#ubuntu,2017-03-23,False,23,21
#ubuntu,2017-03-30,False,0,34
#ubuntu,2017-03-30,False,1,81
#ubuntu,2017-03-30,False,2,73
#ubuntu,2017-03-30,False,3,11
#ubuntu,2017-03-30,False,4,32
#ubuntu,2017-03-30,False,5,27
#ubuntu,2017-03-30,False,6,38
#ubuntu,2017-03-30,False,7,44
#ubuntu,2017-03-30,False,8,172
#ubuntu,2017-03-30,False,9,144
#ubuntu,2017-03-30,False,10,108
#ubuntu,2017-03-30,False,11,76
#ubuntu,2017-03-30,False,12,69
#ubuntu,2017-03-30,False,13,160
#ubuntu,2017-03-30,False,14,223
#ubuntu,2017-03-30,False,15,129
#ubuntu,2017-03-30,False,16,133
#ubuntu,2017-03-30,False,17,144
#ubuntu,2017-03-30,False,18,152
#ubuntu,2017-03-30,False,19,199
#ubuntu,2017-03-30,False,20,146
#ubuntu,2017-03-30,False,21,127
#ubuntu,2017-03-30,False,22,77
#ubuntu,2017-03-30,False,23,51
#ubuntu,2017-04-06,False,0,25
#ubuntu,2017-04-06,False,1,35
#ubuntu,2017-04-06,False,2,110
#ubuntu,2017-04-06,False,3,57
#ubuntu,2017-04-06,False,4,9
#ubuntu,2017-04-06,False,5,62
#ubuntu,2017-04-06,False,6,29
#ubuntu,2017-04-06,False,7,50
#ubuntu,2017-04-06,False,8,42
#ubuntu,2017-04-06,False,9,110
#ubuntu,2017-04-06,False,10,54
#ubuntu,2017-04-06,False,11,146
#ubuntu,2017-04-06,False,12,144
#ubuntu,2017-04-06,False,13,77
#ubuntu,2017-04-06,False,14,65
#ubuntu,2017-04-06,False,15,180
#ubuntu,2017-04-06,False,16,102
#ubuntu,2017-04-06,False,17,53
#ubuntu,2017-04-06,False,18,178
#ubuntu,2017-04-06,False,19,185
#ubuntu,2017-04-06,False,20,230
#ubuntu,2017-04-06,False,21,136
#ubuntu,2017-04-06,False,22,80
#ubuntu,2017-04-06,False,23,62
#ubuntu,2017-04-13,True,0,66
#ubuntu,2017-04-13,True,1,32
#ubuntu,2017-04-13,True,2,86
#ubuntu,2017-04-13,True,3,112
#ubuntu,2017-04-13,True,4,42
#ubuntu,2017-04-13,True,5,105
#ubuntu,2017-04-13,True,6,41
#ubuntu,2017-04-13,True,7,78
#ubuntu,2017-04-13,True,8,128
#ubuntu,2017-04-13,True,9,82
#ubuntu,2017-04-13,True,10,106
#ubuntu,2017-04-13,True,11,144
#ubuntu,2017-04-13,True,12,106
#ubuntu,2017-04-13,True,13,138
#ubuntu,2017-04-13,True,14,196
#ubuntu,2017-04-13,True,15,193
#ubuntu,2017-04-13,True,16,118
#ubuntu,2017-04-13,True,17,118
#ubuntu,2017-04-13,True,18,153
#ubuntu,2017-04-13,True,19,188
#ubuntu,2017-04-13,True,20,162
#ubuntu,2017-04-13,True,21,143
#ubuntu,2017-04-13,True,22,50
#ubuntu,2017-04-13,True,23,89
#ubuntu,2017-04-20,False,0,57
#ubuntu,2017-04-20,False,1,173
#ubuntu,2017-04-20,False,2,8
#ubuntu,2017-04-20,False,3,55
#ubuntu,2017-04-20,False,4,36
#ubuntu,2017-04-20,False,5,14
#ubuntu,2017-04-20,False,6,25
#ubuntu,2017-04-20,False,7,30
#ubuntu,2017-04-20,False,8,37
#ubuntu,2017-04-20,False,9,110
#ubuntu,2017-04-20,False,10,91
#ubuntu,2017-04-20,False,11,46
#ubuntu,2017-04-20,False,12,132
#ubuntu,2017-04-20,False,13,78
#ubuntu,2017-04-20,False,14,38
#ubuntu,2017-04-20,False,15,97
#ubuntu,2017-04-20,False,16,200
#ubuntu,2017-04-20,False,17,186
#ubuntu,2017-04-20,False,18,100
#ubuntu,2017-04-20,False,19,97
#ubuntu,2017-04-20,False,20,159
#ubuntu,2017-04-20,False,21,100
#ubuntu,2017-04-20,False,22,132
#ubuntu,2017-04-20,False,23,47
#ubuntu,2017-04-27,False,0,17
#ubuntu,2017-04-27,False,1,60
#ubuntu,2017-04-27,False,2,47
#ubuntu,2017-04-27,False,3,35
#ubuntu,2017-04-27,False,4,14
#ubuntu,2017-04-27,False,5,13
#ubuntu,2017-04-27,False,6,62
#ubuntu,2017-04-27,False,7,133
#ubuntu,2017-04-27,False,8,65
#ubuntu,2017-04-27,False,9,62
#ubuntu,2017-04-27,False,10,49
#ubuntu,2017-04-27,False,11,18
#ubuntu,2017-04-27,False,12,12
#ubuntu,2017-04-27,False,13,118
#ubuntu,2017-04-27,False,14,60
#ubuntu,2017-04-27,False,15,84
#ubuntu,2017-04-27,False,16,74
#ubuntu,2017-04-27,False,17,122
#ubuntu,2017-04-27,False,18,144
#ubuntu,2017-04-27,False,19,257
#ubuntu,2017-04-27,False,20,108
#ubuntu,2017-04-27,False,21,65
#ubuntu,2017-04-27,False,22,45
#ubuntu,2017-04-27,False,23,57
#ubuntu,2017-05-04,False,0,29
#ubuntu,2017-05-04,False,1,49
#ubuntu,2017-05-04,False,2,162
#ubuntu,2017-05-04,False,3,84
#ubuntu,2017-05-04,False,4,41
#ubuntu,2017-05-04,False,5,26
#ubuntu,2017-05-04,False,6,16
#ubuntu,2017-05-04,False,7,3
#ubuntu,2017-05-04,False,8,44
#ubuntu,2017-05-04,False,9,62
#ubuntu,2017-05-04,False,10,111
#ubuntu,2017-05-04,False,11,98
#ubuntu,2017-05-04,False,12,113
#ubuntu,2017-05-04,False,13,205
#ubuntu,2017-05-04,False,14,180
#ubuntu,2017-05-04,False,15,125
#ubuntu,2017-05-04,False,16,83
#ubuntu,2017-05-04,False,17,109
#ubuntu,2017-05-04,False,18,84
#ubuntu,2017-05-04,False,19,121
#ubuntu,2017-05-04,False,20,104
#ubuntu,2017-05-04,False,21,121
#ubuntu,2017-05-04,False,22,109
#ubuntu,2017-05-04,False,23,97
#ubuntu,2017-05-11,False,0,9
#ubuntu,2017-05-11,False,1,0
#ubuntu,2017-05-11,False,2,1
#ubuntu,2017-05-11,False,3,65
#ubuntu,2017-05-11,False,4,1
#ubuntu,2017-05-11,False,5,10
#ubuntu,2017-05-11,False,6,8
#ubuntu,2017-05-11,False,7,12
#ubuntu,2017-05-11,False,8,23
#ubuntu,2017-05-11,False,9,44
#ubuntu,2017-05-11,False,10,92
#ubuntu,2017-05-11,False,11,38
#ubuntu,2017-05-11,False,12,93
#ubuntu,2017-05-11,False,13,106
#ubuntu,2017-05-11,False,14,75
#ubuntu,2017-05-11,False,15,129
#ubuntu,2017-05-11,False,16,74
#ubuntu,2017-05-11,False,17,116
#ubuntu,2017-05-11,False,18,270
#ubuntu,2017-05-11,False,19,237
#ubuntu,2017-05-11,False,20,172
#ubuntu,2017-05-11,False,21,101
#ubuntu,2017-05-11,False,22,32
#ubuntu,2017-05-11,False,23,127
#ubuntu,2017-05-18,False,0,61
#ubuntu,2017-05-18,False,1,80
#ubuntu,2017-05-18,False,2,52
#ubuntu,2017-05-18,False,3,50
#ubuntu,2017-05-18,False,4,172
#ubuntu,2017-05-18,False,5,195
#ubuntu,2017-05-18,False,6,200
#ubuntu,2017-05-18,False,7,67
#ubuntu,2017-05-18,False,8,88
#ubuntu,2017-05-18,False,9,48
#ubuntu,2017-05-18,False,10,28
#ubuntu,2017-05-18,False,11,40
#ubuntu,2017-05-18,False,12,26
#ubuntu,2017-05-18,False,13,22
#ubuntu,2017-05-18,False,14,91
#ubuntu,2017-05-18,False,15,75
#ubuntu,2017-05-18,False,16,81
#ubuntu,2017-05-18,False,17,152
#ubuntu,2017-05-18,False,18,135
#ubuntu,2017-05-18,False,19,138
#ubuntu,2017-05-18,False,20,121
#ubuntu,2017-05-18,False,21,73
#ubuntu,2017-05-18,False,22,209
#ubuntu,2017-05-18,False,23,70
#ubuntu,2017-05-25,False,0,34
#ubuntu,2017-05-25,False,1,66
#ubuntu,2017-05-25,False,2,60
#ubuntu,2017-05-25,False,3,58
#ubuntu,2017-05-25,False,4,24
#ubuntu,2017-05-25,False,5,16
#ubuntu,2017-05-25,False,6,5
#ubuntu,2017-05-25,False,7,29
#ubuntu,2017-05-25,False,8,8
#ubuntu,2017-05-25,False,9,21
#ubuntu,2017-05-25,False,10,47
#ubuntu,2017-05-25,False,11,133
#ubuntu,2017-05-25,False,12,125
#ubuntu,2017-05-25,False,13,141
#ubuntu,2017-05-25,False,14,32
#ubuntu,2017-05-25,False,15,120
#ubuntu,2017-05-25,False,16,129
#ubuntu,2017-05-25,False,17,215
#ubuntu,2017-05-25,False,18,181
#ubuntu,2017-05-25,False,19,347
#ubuntu,2017-05-25,False,20,106
#ubuntu,2017-05-25,False,21,55
#ubuntu,2017-05-25,False,22,28
#ubuntu,2017-05-25,False,23,91
#ubuntu,2017-06-01,False,0,97
#ubuntu,2017-06-01,False,1,15
#ubuntu,2017-06-01,False,2,104
#ubuntu,2017-06-01,False,3,76
#ubuntu,2017-06-01,False,4,47
#ubuntu,2017-06-01,False,5,82
#ubuntu,2017-06-01,False,6,46
#ubuntu,2017-06-01,False,7,24
#ubuntu,2017-06-01,False,8,34
#ubuntu,2017-06-01,False,9,58
#ubuntu,2017-06-01,False,10,54
#ubuntu,2017-06-01,False,11,33
#ubuntu,2017-06-01,False,12,70
#ubuntu,2017-06-01,False,13,129
#ubuntu,2017-06-01,False,14,24
#ubuntu,2017-06-01,False,15,143
#ubuntu,2017-06-01,False,16,104
#ubuntu,2017-06-01,False,17,59
#ubuntu,2017-06-01,False,18,94
#ubuntu,2017-06-01,False,19,98
#ubuntu,2017-06-01,False,20,70
#ubuntu,2017-06-01,False,21,107
#ubuntu,2017-06-01,False,22,93
#ubuntu,2017-06-01,False,23,5
#ubuntu,2017-06-08,False,0,8
#ubuntu,2017-06-08,False,1,9
#ubuntu,2017-06-08,False,2,26
#ubuntu,2017-06-08,False,3,32
#ubuntu,2017-06-08,False,4,9
#ubuntu,2017-06-08,False,5,99
#ubuntu,2017-06-08,False,6,112
#ubuntu,2017-06-08,False,7,67
#ubuntu,2017-06-08,False,8,123
#ubuntu,2017-06-08,False,9,83
#ubuntu,2017-06-08,False,10,46
#ubuntu,2017-06-08,False,11,113
#ubuntu,2017-06-08,False,12,161
#ubuntu,2017-06-08,False,13,57
#ubuntu,2017-06-08,False,14,110
#ubuntu,2017-06-08,False,15,67
#ubuntu,2017-06-08,False,16,54
#ubuntu,2017-06-08,False,17,128
#ubuntu,2017-06-08,False,18,60
#ubuntu,2017-06-08,False,19,143
#ubuntu,2017-06-08,False,20,31
#ubuntu,2017-06-08,False,21,72
#ubuntu,2017-06-08,False,22,34
#ubuntu,2017-06-08,False,23,21
#ubuntu,2017-06-15,False,0,10
#ubuntu,2017-06-15,False,1,14
#ubuntu,2017-06-15,False,2,5
#ubuntu,2017-06-15,False,3,16
#ubuntu,2017-06-15,False,4,30
#ubuntu,2017-06-15,False,5,21
#ubuntu,2017-06-15,False,6,48
#ubuntu,2017-06-15,False,7,33
#ubuntu,2017-06-15,False,8,15
#ubuntu,2017-06-15,False,9,70
#ubuntu,2017-06-15,False,10,140
#ubuntu,2017-06-15,False,11,47
#ubuntu,2017-06-15,False,12,69
#ubuntu,2017-06-15,False,13,134
#ubuntu,2017-06-15,False,14,28
#ubuntu,2017-06-15,False,15,19
#ubuntu,2017-06-15,False,16,42
#ubuntu,2017-06-15,False,17,62
#ubuntu,2017-06-15,False,18,64
#ubuntu,2017-06-15,False,19,55
#ubuntu,2017-06-15,False,20,65
#ubuntu,2017-06-15,False,21,65
#ubuntu,2017-06-15,False,22,12
#ubuntu,2017-06-15,False,23,1
#ubuntu,2017-06-22,False,0,44
#ubuntu,2017-06-22,False,1,29
#ubuntu,2017-06-22,False,2,19
#ubuntu,2017-06-22,False,3,22
#ubuntu,2017-06-22,False,4,0
#ubuntu,2017-06-22,False,5,14
#ubuntu,2017-06-22,False,6,16
#ubuntu,2017-06-22,False,7,22
#ubuntu,2017-06-22,False,8,69
#ubuntu,2017-06-22,False,9,38
#ubuntu,2017-06-22,False,10,20
#ubuntu,2017-06-22,False,11,66
#ubuntu,2017-06-22,False,12,32
#ubuntu,2017-06-22,False,13,14
#ubuntu,2017-06-22,False,14,18
#ubuntu,2017-06-22,False,15,95
#ubuntu,2017-06-22,False,16,78
#ubuntu,2017-06-22,False,17,23
#ubuntu,2017-06-22,False,18,85
#ubuntu,2017-06-22,False,19,161
#ubuntu,2017-06-22,False,20,144
#ubuntu,2017-06-22,False,21,37
#ubuntu,2017-06-22,False,22,99
#ubuntu,2017-06-22,False,23,27
#ubuntu,2017-06-29,False,0,61
#ubuntu,2017-06-29,False,1,25
#ubuntu,2017-06-29,False,2,44
#ubuntu,2017-06-29,False,3,7
#ubuntu,2017-06-29,False,4,0
#ubuntu,2017-06-29,False,5,44
#ubuntu,2017-06-29,False,6,11
#ubuntu,2017-06-29,False,7,37
#ubuntu,2017-06-29,False,8,42
#ubuntu,2017-06-29,False,9,80
#ubuntu,2017-06-29,False,10,31
#ubuntu,2017-06-29,False,11,50
#ubuntu,2017-06-29,False,12,41
#ubuntu,2017-06-29,False,13,73
#ubuntu,2017-06-29,False,14,113
#ubuntu,2017-06-29,False,15,131
#ubuntu,2017-06-29,False,16,44
#ubuntu,2017-06-29,False,17,94
#ubuntu,2017-06-29,False,18,14
#ubuntu,2017-06-29,False,19,75
#ubuntu,2017-06-29,False,20,159
#ubuntu,2017-06-29,False,21,60
#ubuntu,2017-06-29,False,22,15
#ubuntu,2017-06-29,False,23,56
#ubuntu,2017-07-06,False,0,77
#ubuntu,2017-07-06,False,1,40
#ubuntu,2017-07-06,False,2,12
#ubuntu,2017-07-06,False,3,9
#ubuntu,2017-07-06,False,4,7
#ubuntu,2017-07-06,False,5,20
#ubuntu,2017-07-06,False,6,3
#ubuntu,2017-07-06,False,7,1
#ubuntu,2017-07-06,False,8,24
#ubuntu,2017-07-06,False,9,87
#ubuntu,2017-07-06,False,10,74
#ubuntu,2017-07-06,False,11,53
#ubuntu,2017-07-06,False,12,105
#ubuntu,2017-07-06,False,13,17
#ubuntu,2017-07-06,False,14,151
#ubuntu,2017-07-06,False,15,182
#ubuntu,2017-07-06,False,16,89
#ubuntu,2017-07-06,False,17,44
#ubuntu,2017-07-06,False,18,33
#ubuntu,2017-07-06,False,19,133
#ubuntu,2017-07-06,False,20,117
#ubuntu,2017-07-06,False,21,47
#ubuntu,2017-07-06,False,22,1
#ubuntu,2017-07-06,False,23,3
#ubuntu,2017-07-13,False,0,88
#ubuntu,2017-07-13,False,1,26
#ubuntu,2017-07-13,False,2,15
#ubuntu,2017-07-13,False,3,5
#ubuntu,2017-07-13,False,4,13
#ubuntu,2017-07-13,False,5,1
#ubuntu,2017-07-13,False,6,54
#ubuntu,2017-07-13,False,7,3
#ubuntu,2017-07-13,False,8,71
#ubuntu,2017-07-13,False,9,36
#ubuntu,2017-07-13,False,10,109
#ubuntu,2017-07-13,False,11,30
#ubuntu,2017-07-13,False,12,58
#ubuntu,2017-07-13,False,13,90
#ubuntu,2017-07-13,False,14,82
#ubuntu,2017-07-13,False,15,98
#ubuntu,2017-07-13,False,16,35
#ubuntu,2017-07-13,False,17,21
#ubuntu,2017-07-13,False,18,72
#ubuntu,2017-07-13,False,19,31
#ubuntu,2017-07-13,False,20,52
#ubuntu,2017-07-13,False,21,46
#ubuntu,2017-07-13,False,22,24
#ubuntu,2017-07-13,False,23,107
#ubuntu,2017-07-20,False,0,10
#ubuntu,2017-07-20,False,1,0
#ubuntu,2017-07-20,False,2,8
#ubuntu,2017-07-20,False,3,7
#ubuntu,2017-07-20,False,4,51
#ubuntu,2017-07-20,False,5,66
#ubuntu,2017-07-20,False,6,13
#ubuntu,2017-07-20,False,7,8
#ubuntu,2017-07-20,False,8,32
#ubuntu,2017-07-20,False,9,98
#ubuntu,2017-07-20,False,10,77
#ubuntu,2017-07-20,False,11,20
#ubuntu,2017-07-20,False,12,61
#ubuntu,2017-07-20,False,13,90
#ubuntu,2017-07-20,False,14,28
#ubuntu,2017-07-20,False,15,90
#ubuntu,2017-07-20,False,16,73
#ubuntu,2017-07-20,False,17,51
#ubuntu,2017-07-20,False,18,93
#ubuntu,2017-07-20,False,19,188
#ubuntu,2017-07-20,False,20,45
#ubuntu,2017-07-20,False,21,32
#ubuntu,2017-07-20,False,22,41
#ubuntu,2017-07-20,False,23,10
#ubuntu,2017-07-27,False,0,51
#ubuntu,2017-07-27,False,1,108
#ubuntu,2017-07-27,False,2,24
#ubuntu,2017-07-27,False,3,15
#ubuntu,2017-07-27,False,4,13
#ubuntu,2017-07-27,False,5,6
#ubuntu,2017-07-27,False,6,13
#ubuntu,2017-07-27,False,7,21
#ubuntu,2017-07-27,False,8,29
#ubuntu,2017-07-27,False,9,35
#ubuntu,2017-07-27,False,10,25
#ubuntu,2017-07-27,False,11,47
#ubuntu,2017-07-27,False,12,31
#ubuntu,2017-07-27,False,13,57
#ubuntu,2017-07-27,False,14,35
#ubuntu,2017-07-27,False,15,80
#ubuntu,2017-07-27,False,16,5
#ubuntu,2017-07-27,False,17,114
#ubuntu,2017-07-27,False,18,77
#ubuntu,2017-07-27,False,19,90
#ubuntu,2017-07-27,False,20,13
#ubuntu,2017-07-27,False,21,84
#ubuntu,2017-07-27,False,22,68
#ubuntu,2017-07-27,False,23,130
#ubuntu,2017-08-03,False,0,44
#ubuntu,2017-08-03,False,1,21
#ubuntu,2017-08-03,False,2,48
#ubuntu,2017-08-03,False,3,52
#ubuntu,2017-08-03,False,4,70
#ubuntu,2017-08-03,False,5,26
#ubuntu,2017-08-03,False,6,26
#ubuntu,2017-08-03,False,7,1
#ubuntu,2017-08-03,False,8,2
#ubuntu,2017-08-03,False,9,34
#ubuntu,2017-08-03,False,10,4
#ubuntu,2017-08-03,False,11,14
#ubuntu,2017-08-03,False,12,46
#ubuntu,2017-08-03,False,13,181
#ubuntu,2017-08-03,False,14,61
#ubuntu,2017-08-03,False,15,126
#ubuntu,2017-08-03,False,16,127
#ubuntu,2017-08-03,False,17,128
#ubuntu,2017-08-03,False,18,178
#ubuntu,2017-08-03,False,19,218
#ubuntu,2017-08-03,False,20,153
#ubuntu,2017-08-03,False,21,42
#ubuntu,2017-08-03,False,22,83
#ubuntu,2017-08-03,False,23,56
#ubuntu,2017-08-10,False,0,38
#ubuntu,2017-08-10,False,1,34
#ubuntu,2017-08-10,False,2,6
#ubuntu,2017-08-10,False,3,124
#ubuntu,2017-08-10,False,4,81
#ubuntu,2017-08-10,False,5,18
#ubuntu,2017-08-10,False,6,17
#ubuntu,2017-08-10,False,7,29
#ubuntu,2017-08-10,False,8,12
#ubuntu,2017-08-10,False,9,15
#ubuntu,2017-08-10,False,10,39
#ubuntu,2017-08-10,False,11,86
#ubuntu,2017-08-10,False,12,68
#ubuntu,2017-08-10,False,13,77
#ubuntu,2017-08-10,False,14,97
#ubuntu,2017-08-10,False,15,78
#ubuntu,2017-08-10,False,16,45
#ubuntu,2017-08-10,False,17,99
#ubuntu,2017-08-10,False,18,16
#ubuntu,2017-08-10,False,19,33
#ubuntu,2017-08-10,False,20,45
#ubuntu,2017-08-10,False,21,20
#ubuntu,2017-08-10,False,22,64
#ubuntu,2017-08-10,False,23,39
#ubuntu,2017-08-17,False,0,8
#ubuntu,2017-08-17,False,1,3
#ubuntu,2017-08-17,False,2,33
#ubuntu,2017-08-17,False,3,27
#ubuntu,2017-08-17,False,4,15
#ubuntu,2017-08-17,False,5,0
#ubuntu,2017-08-17,False,6,0
#ubuntu,2017-08-17,False,7,0
#ubuntu,2017-08-17,False,8,0
#ubuntu,2017-08-17,False,9,0
#ubuntu,2017-08-17,False,10,0
#ubuntu,2017-08-17,False,11,0
#ubuntu,2017-08-17,False,12,0
#ubuntu,2017-08-17,False,13,0
#ubuntu,2017-08-17,False,14,0
#ubuntu,2017-08-17,False,15,0
#ubuntu,2017-08-17,False,16,0
#ubuntu,2017-08-17,False,17,0
#ubuntu,2017-08-17,False,18,0
#ubuntu,2017-08-17,False,19,0
#ubuntu,2017-08-17,False,20,0
#ubuntu,2017-08-17,False,21,0
#ubuntu,2017-08-17,False,22,0
#ubuntu,2017-08-17,False,23,0
#ubuntu,2017-08-24,False,0,17
#ubuntu,2017-08-24,False,1,23
#ubuntu,2017-08-24,False,2,23
#ubuntu,2017-08-24,False,3,68
#ubuntu,2017-08-24,False,4,79
#ubuntu,2017-08-24,False,5,57
#ubuntu,2017-08-24,False,6,11
#ubuntu,2017-08-24,False,7,34
#ubuntu,2017-08-24,False,8,49
#ubuntu,2017-08-24,False,9,14
#ubuntu,2017-08-24,False,10,9
#ubuntu,2017-08-24,False,11,20
#ubuntu,2017-08-24,False,12,1
#ubuntu,2017-08-24,False,13,35
#ubuntu,2017-08-24,False,14,46
#ubuntu,2017-08-24,False,15,114
#ubuntu,2017-08-24,False,16,28
#ubuntu,2017-08-24,False,17,46
#ubuntu,2017-08-24,False,18,59
#ubuntu,2017-08-24,False,19,92
#ubuntu,2017-08-24,False,20,109
#ubuntu,2017-08-24,False,21,107
#ubuntu,2017-08-24,False,22,21
#ubuntu,2017-08-24,False,23,123
#ubuntu,2017-08-31,False,0,4
#ubuntu,2017-08-31,False,1,20
#ubuntu,2017-08-31,False,2,153
#ubuntu,2017-08-31,False,3,35
#ubuntu,2017-08-31,False,4,56
#ubuntu,2017-08-31,False,5,32
#ubuntu,2017-08-31,False,6,63
#ubuntu,2017-08-31,False,7,4
#ubuntu,2017-08-31,False,8,3
#ubuntu,2017-08-31,False,9,25
#ubuntu,2017-08-31,False,10,4
#ubuntu,2017-08-31,False,11,6
#ubuntu,2017-08-31,False,12,164
#ubuntu,2017-08-31,False,13,94
#ubuntu,2017-08-31,False,14,92
#ubuntu,2017-08-31,False,15,90
#ubuntu,2017-08-31,False,16,57
#ubuntu,2017-08-31,False,17,97
#ubuntu,2017-08-31,False,18,9
#ubuntu,2017-08-31,False,19,37
#ubuntu,2017-08-31,False,20,51
#ubuntu,2017-08-31,False,21,20
#ubuntu,2017-08-31,False,22,12
#ubuntu,2017-08-31,False,23,3
#ubuntu,2017-09-07,False,0,12
#ubuntu,2017-09-07,False,1,2
#ubuntu,2017-09-07,False,2,5
#ubuntu,2017-09-07,False,3,42
#ubuntu,2017-09-07,False,4,20
#ubuntu,2017-09-07,False,5,31
#ubuntu,2017-09-07,False,6,35
#ubuntu,2017-09-07,False,7,0
#ubuntu,2017-09-07,False,8,14
#ubuntu,2017-09-07,False,9,14
#ubuntu,2017-09-07,False,10,46
#ubuntu,2017-09-07,False,11,6
#ubuntu,2017-09-07,False,12,43
#ubuntu,2017-09-07,False,13,42
#ubuntu,2017-09-07,False,14,16
#ubuntu,2017-09-07,False,15,59
#ubuntu,2017-09-07,False,16,61
#ubuntu,2017-09-07,False,17,50
#ubuntu,2017-09-07,False,18,95
#ubuntu,2017-09-07,False,19,53
#ubuntu,2017-09-07,False,20,74
#ubuntu,2017-09-07,False,21,141
#ubuntu,2017-09-07,False,22,94
#ubuntu,2017-09-07,False,23,124
#ubuntu,2017-09-14,False,0,80
#ubuntu,2017-09-14,False,1,32
#ubuntu,2017-09-14,False,2,63
#ubuntu,2017-09-14,False,3,50
#ubuntu,2017-09-14,False,4,17
#ubuntu,2017-09-14,False,5,1
#ubuntu,2017-09-14,False,6,7
#ubuntu,2017-09-14,False,7,33
#ubuntu,2017-09-14,False,8,52
#ubuntu,2017-09-14,False,9,93
#ubuntu,2017-09-14,False,10,97
#ubuntu,2017-09-14,False,11,96
#ubuntu,2017-09-14,False,12,85
#ubuntu,2017-09-14,False,13,51
#ubuntu,2017-09-14,False,14,115
#ubuntu,2017-09-14,False,15,37
#ubuntu,2017-09-14,False,16,41
#ubuntu,2017-09-14,False,17,144
#ubuntu,2017-09-14,False,18,96
#ubuntu,2017-09-14,False,19,14
#ubuntu,2017-09-14,False,20,47
#ubuntu,2017-09-14,False,21,80
#ubuntu,2017-09-14,False,22,23
#ubuntu,2017-09-14,False,23,48
#ubuntu,2017-09-21,False,0,30
#ubuntu,2017-09-21,False,1,41
#ubuntu,2017-09-21,False,2,0
#ubuntu,2017-09-21,False,3,19
#ubuntu,2017-09-21,False,4,86
#ubuntu,2017-09-21,False,5,12
#ubuntu,2017-09-21,False,6,14
#ubuntu,2017-09-21,False,7,29
#ubuntu,2017-09-21,False,8,24
#ubuntu,2017-09-21,False,9,16
#ubuntu,2017-09-21,False,10,19
#ubuntu,2017-09-21,False,11,3
#ubuntu,2017-09-21,False,12,27
#ubuntu,2017-09-21,False,13,21
#ubuntu,2017-09-21,False,14,66
#ubuntu,2017-09-21,False,15,133
#ubuntu,2017-09-21,False,16,138
#ubuntu,2017-09-21,False,17,61
#ubuntu,2017-09-21,False,18,96
#ubuntu,2017-09-21,False,19,41
#ubuntu,2017-09-21,False,20,24
#ubuntu,2017-09-21,False,21,72
#ubuntu,2017-09-21,False,22,56
#ubuntu,2017-09-21,False,23,59
#ubuntu,2017-09-28,False,0,29
#ubuntu,2017-09-28,False,1,19
#ubuntu,2017-09-28,False,2,5
#ubuntu,2017-09-28,False,3,48
#ubuntu,2017-09-28,False,4,3
#ubuntu,2017-09-28,False,5,12
#ubuntu,2017-09-28,False,6,58
#ubuntu,2017-09-28,False,7,3
#ubuntu,2017-09-28,False,8,3
#ubuntu,2017-09-28,False,9,0
#ubuntu,2017-09-28,False,10,36
#ubuntu,2017-09-28,False,11,19
#ubuntu,2017-09-28,False,12,29
#ubuntu,2017-09-28,False,13,1
#ubuntu,2017-09-28,False,14,89
#ubuntu,2017-09-28,False,15,38
#ubuntu,2017-09-28,False,16,30
#ubuntu,2017-09-28,False,17,92
#ubuntu,2017-09-28,False,18,67
#ubuntu,2017-09-28,False,19,68
#ubuntu,2017-09-28,False,20,90
#ubuntu,2017-09-28,False,21,42
#ubuntu,2017-09-28,False,22,53
#ubuntu,2017-09-28,False,23,10
#ubuntu,2017-10-05,False,0,2
#ubuntu,2017-10-05,False,1,5
#ubuntu,2017-10-05,False,2,27
#ubuntu,2017-10-05,False,3,35
#ubuntu,2017-10-05,False,4,65
#ubuntu,2017-10-05,False,5,0
#ubuntu,2017-10-05,False,6,0
#ubuntu,2017-10-05,False,7,0
#ubuntu,2017-10-05,False,8,52
#ubuntu,2017-10-05,False,9,44
#ubuntu,2017-10-05,False,10,33
#ubuntu,2017-10-05,False,11,31
#ubuntu,2017-10-05,False,12,27
#ubuntu,2017-10-05,False,13,111
#ubuntu,2017-10-05,False,14,168
#ubuntu,2017-10-05,False,15,51
#ubuntu,2017-10-05,False,16,116
#ubuntu,2017-10-05,False,17,68
#ubuntu,2017-10-05,False,18,11
#ubuntu,2017-10-05,False,19,34
#ubuntu,2017-10-05,False,20,88
#ubuntu,2017-10-05,False,21,41
#ubuntu,2017-10-05,False,22,1
#ubuntu,2017-10-05,False,23,15
#ubuntu,2017-10-12,False,0,1
#ubuntu,2017-10-12,False,1,2
#ubuntu,2017-10-12,False,2,46
#ubuntu,2017-10-12,False,3,34
#ubuntu,2017-10-12,False,4,10
#ubuntu,2017-10-12,False,5,43
#ubuntu,2017-10-12,False,6,97
#ubuntu,2017-10-12,False,7,39
#ubuntu,2017-10-12,False,8,142
#ubuntu,2017-10-12,False,9,50
#ubuntu,2017-10-12,False,10,103
#ubuntu,2017-10-12,False,11,21
#ubuntu,2017-10-12,False,12,17
#ubuntu,2017-10-12,False,13,107
#ubuntu,2017-10-12,False,14,29
#ubuntu,2017-10-12,False,15,144
#ubuntu,2017-10-12,False,16,119
#ubuntu,2017-10-12,False,17,46
#ubuntu,2017-10-12,False,18,81
#ubuntu,2017-10-12,False,19,68
#ubuntu,2017-10-12,False,20,295
#ubuntu,2017-10-12,False,21,163
#ubuntu,2017-10-12,False,22,29
#ubuntu,2017-10-12,False,23,45
#ubuntu,2017-10-19,True,0,14
#ubuntu,2017-10-19,True,1,37
#ubuntu,2017-10-19,True,2,53
#ubuntu,2017-10-19,True,3,26
#ubuntu,2017-10-19,True,4,163
#ubuntu,2017-10-19,True,5,147
#ubuntu,2017-10-19,True,6,18
#ubuntu,2017-10-19,True,7,7
#ubuntu,2017-10-19,True,8,23
#ubuntu,2017-10-19,True,9,132
#ubuntu,2017-10-19,True,10,117
#ubuntu,2017-10-19,True,11,37
#ubuntu,2017-10-19,True,12,65
#ubuntu,2017-10-19,True,13,177
#ubuntu,2017-10-19,True,14,88
#ubuntu,2017-10-19,True,15,190
#ubuntu,2017-10-19,True,16,209
#ubuntu,2017-10-19,True,17,88
#ubuntu,2017-10-19,True,18,197
#ubuntu,2017-10-19,True,19,261
#ubuntu,2017-10-19,True,20,172
#ubuntu,2017-10-19,True,21,166
#ubuntu,2017-10-19,True,22,50
#ubuntu,2017-10-19,True,23,65
#ubuntu,2017-10-26,False,0,68
#ubuntu,2017-10-26,False,1,132
#ubuntu,2017-10-26,False,2,25
#ubuntu,2017-10-26,False,3,22
#ubuntu,2017-10-26,False,4,109
#ubuntu,2017-10-26,False,5,203
#ubuntu,2017-10-26,False,6,31
#ubuntu,2017-10-26,False,7,86
#ubuntu,2017-10-26,False,8,72
#ubuntu,2017-10-26,False,9,91
#ubuntu,2017-10-26,False,10,46
#ubuntu,2017-10-26,False,11,4
#ubuntu,2017-10-26,False,12,19
#ubuntu,2017-10-26,False,13,98
#ubuntu,2017-10-26,False,14,120
#ubuntu,2017-10-26,False,15,110
#ubuntu,2017-10-26,False,16,214
#ubuntu,2017-10-26,False,17,168
#ubuntu,2017-10-26,False,18,137
#ubuntu,2017-10-26,False,19,46
#ubuntu,2017-10-26,False,20,52
#ubuntu,2017-10-26,False,21,96
#ubuntu,2017-10-26,False,22,18
#ubuntu,2017-10-26,False,23,42
#ubuntu,2017-11-02,False,0,23
#ubuntu,2017-11-02,False,1,34
#ubuntu,2017-11-02,False,2,86
#ubuntu,2017-11-02,False,3,86
#ubuntu,2017-11-02,False,4,24
#ubuntu,2017-11-02,False,5,21
#ubuntu,2017-11-02,False,6,53
#ubuntu,2017-11-02,False,7,58
#ubuntu,2017-11-02,False,8,78
#ubuntu,2017-11-02,False,9,89
#ubuntu,2017-11-02,False,10,89
#ubuntu,2017-11-02,False,11,21
#ubuntu,2017-11-02,False,12,70
#ubuntu,2017-11-02,False,13,92
#ubuntu,2017-11-02,False,14,102
#ubuntu,2017-11-02,False,15,80
#ubuntu,2017-11-02,False,16,73
#ubuntu,2017-11-02,False,17,99
#ubuntu,2017-11-02,False,18,202
#ubuntu,2017-11-02,False,19,250
#ubuntu,2017-11-02,False,20,56
#ubuntu,2017-11-02,False,21,74
#ubuntu,2017-11-02,False,22,53
#ubuntu,2017-11-02,False,23,25
#ubuntu,2017-11-09,False,0,137
#ubuntu,2017-11-09,False,1,39
#ubuntu,2017-11-09,False,2,17
#ubuntu,2017-11-09,False,3,6
#ubuntu,2017-11-09,False,4,1
#ubuntu,2017-11-09,False,5,51
#ubuntu,2017-11-09,False,6,16
#ubuntu,2017-11-09,False,7,21
#ubuntu,2017-11-09,False,8,33
#ubuntu,2017-11-09,False,9,92
#ubuntu,2017-11-09,False,10,91
#ubuntu,2017-11-09,False,11,41
#ubuntu,2017-11-09,False,12,51
#ubuntu,2017-11-09,False,13,13
#ubuntu,2017-11-09,False,14,102
#ubuntu,2017-11-09,False,15,58
#ubuntu,2017-11-09,False,16,95
#ubuntu,2017-11-09,False,17,48
#ubuntu,2017-11-09,False,18,148
#ubuntu,2017-11-09,False,19,329
#ubuntu,2017-11-09,False,20,62
#ubuntu,2017-11-09,False,21,36
#ubuntu,2017-11-09,False,22,79
#ubuntu,2017-11-09,False,23,103
#ubuntu,2017-11-16,False,0,157
#ubuntu,2017-11-16,False,1,21
#ubuntu,2017-11-16,False,2,37
#ubuntu,2017-11-16,False,3,92
#ubuntu,2017-11-16,False,4,106
#ubuntu,2017-11-16,False,5,21
#ubuntu,2017-11-16,False,6,31
#ubuntu,2017-11-16,False,7,54
#ubuntu,2017-11-16,False,8,23
#ubuntu,2017-11-16,False,9,26
#ubuntu,2017-11-16,False,10,32
#ubuntu,2017-11-16,False,11,9
#ubuntu,2017-11-16,False,12,23
#ubuntu,2017-11-16,False,13,84
#ubuntu,2017-11-16,False,14,40
#ubuntu,2017-11-16,False,15,50
#ubuntu,2017-11-16,False,16,90
#ubuntu,2017-11-16,False,17,61
#ubuntu,2017-11-16,False,18,185
#ubuntu,2017-11-16,False,19,137
#ubuntu,2017-11-16,False,20,88
#ubuntu,2017-11-16,False,21,104
#ubuntu,2017-11-16,False,22,121
#ubuntu,2017-11-16,False,23,45
#ubuntu,2017-11-23,False,0,12
#ubuntu,2017-11-23,False,1,0
#ubuntu,2017-11-23,False,2,1
#ubuntu,2017-11-23,False,3,3
#ubuntu,2017-11-23,False,4,21
#ubuntu,2017-11-23,False,5,118
#ubuntu,2017-11-23,False,6,45
#ubuntu,2017-11-23,False,7,3
#ubuntu,2017-11-23,False,8,40
#ubuntu,2017-11-23,False,9,11
#ubuntu,2017-11-23,False,10,25
#ubuntu,2017-11-23,False,11,46
#ubuntu,2017-11-23,False,12,31
#ubuntu,2017-11-23,False,13,36
#ubuntu,2017-11-23,False,14,92
#ubuntu,2017-11-23,False,15,19
#ubuntu,2017-11-23,False,16,71
#ubuntu,2017-11-23,False,17,51
#ubuntu,2017-11-23,False,18,59
#ubuntu,2017-11-23,False,19,6
#ubuntu,2017-11-23,False,20,31
#ubuntu,2017-11-23,False,21,48
#ubuntu,2017-11-23,False,22,63
#ubuntu,2017-11-23,False,23,15
#ubuntu,2017-11-30,False,0,35
#ubuntu,2017-11-30,False,1,91
#ubuntu,2017-11-30,False,2,9
#ubuntu,2017-11-30,False,3,24
#ubuntu,2017-11-30,False,4,62
#ubuntu,2017-11-30,False,5,84
#ubuntu,2017-11-30,False,6,80
#ubuntu,2017-11-30,False,7,105
#ubuntu,2017-11-30,False,8,141
#ubuntu,2017-11-30,False,9,23
#ubuntu,2017-11-30,False,10,12
#ubuntu,2017-11-30,False,11,8
#ubuntu,2017-11-30,False,12,74
#ubuntu,2017-11-30,False,13,9
#ubuntu,2017-11-30,False,14,20
#ubuntu,2017-11-30,False,15,37
#ubuntu,2017-11-30,False,16,89
#ubuntu,2017-11-30,False,17,34
#ubuntu,2017-11-30,False,18,8
#ubuntu,2017-11-30,False,19,75
#ubuntu,2017-11-30,False,20,86
#ubuntu,2017-11-30,False,21,110
#ubuntu,2017-11-30,False,22,80
#ubuntu,2017-11-30,False,23,32
#ubuntu,2017-12-07,False,0,3
#ubuntu,2017-12-07,False,1,3
#ubuntu,2017-12-07,False,2,18
#ubuntu,2017-12-07,False,3,9
#ubuntu,2017-12-07,False,4,1
#ubuntu,2017-12-07,False,5,1
#ubuntu,2017-12-07,False,6,17
#ubuntu,2017-12-07,False,7,7
#ubuntu,2017-12-07,False,8,12
#ubuntu,2017-12-07,False,9,67
#ubuntu,2017-12-07,False,10,47
#ubuntu,2017-12-07,False,11,59
#ubuntu,2017-12-07,False,12,29
#ubuntu,2017-12-07,False,13,33
#ubuntu,2017-12-07,False,14,39
#ubuntu,2017-12-07,False,15,175
#ubuntu,2017-12-07,False,16,82
#ubuntu,2017-12-07,False,17,61
#ubuntu,2017-12-07,False,18,58
#ubuntu,2017-12-07,False,19,70
#ubuntu,2017-12-07,False,20,72
#ubuntu,2017-12-07,False,21,55
#ubuntu,2017-12-07,False,22,19
#ubuntu,2017-12-07,False,23,33
#ubuntu,2017-12-14,False,0,37
#ubuntu,2017-12-14,False,1,5
#ubuntu,2017-12-14,False,2,8
#ubuntu,2017-12-14,False,3,1
#ubuntu,2017-12-14,False,4,9
#ubuntu,2017-12-14,False,5,32
#ubuntu,2017-12-14,False,6,80
#ubuntu,2017-12-14,False,7,5
#ubuntu,2017-12-14,False,8,0
#ubuntu,2017-12-14,False,9,32
#ubuntu,2017-12-14,False,10,52
#ubuntu,2017-12-14,False,11,11
#ubuntu,2017-12-14,False,12,26
#ubuntu,2017-12-14,False,13,24
#ubuntu,2017-12-14,False,14,94
#ubuntu,2017-12-14,False,15,25
#ubuntu,2017-12-14,False,16,26
#ubuntu,2017-12-14,False,17,17
#ubuntu,2017-12-14,False,18,19
#ubuntu,2017-12-14,False,19,60
#ubuntu,2017-12-14,False,20,19
#ubuntu,2017-12-14,False,21,125
#ubuntu,2017-12-14,False,22,21
#ubuntu,2017-12-14,False,23,24
#ubuntu,2017-12-21,False,0,198
#ubuntu,2017-12-21,False,1,39
#ubuntu,2017-12-21,False,2,17
#ubuntu,2017-12-21,False,3,47
#ubuntu,2017-12-21,False,4,36
#ubuntu,2017-12-21,False,5,4
#ubuntu,2017-12-21,False,6,22
#ubuntu,2017-12-21,False,7,25
#ubuntu,2017-12-21,False,8,4
#ubuntu,2017-12-21,False,9,3
#ubuntu,2017-12-21,False,10,2
#ubuntu,2017-12-21,False,11,52
#ubuntu,2017-12-21,False,12,28
#ubuntu,2017-12-21,False,13,8
#ubuntu,2017-12-21,False,14,114
#ubuntu,2017-12-21,False,15,43
#ubuntu,2017-12-21,False,16,40
#ubuntu,2017-12-21,False,17,54
#ubuntu,2017-12-21,False,18,66
#ubuntu,2017-12-21,False,19,24
#ubuntu,2017-12-21,False,20,64
#ubuntu,2017-12-21,False,21,80
#ubuntu,2017-12-21,False,22,44
#ubuntu,2017-12-21,False,23,60
#ubuntu,2017-12-28,False,0,24
#ubuntu,2017-12-28,False,1,220
#ubuntu,2017-12-28,False,2,54
#ubuntu,2017-12-28,False,3,58
#ubuntu,2017-12-28,False,4,24
#ubuntu,2017-12-28,False,5,14
#ubuntu,2017-12-28,False,6,2
#ubuntu,2017-12-28,False,7,13
#ubuntu,2017-12-28,False,8,71
#ubuntu,2017-12-28,False,9,117
#ubuntu,2017-12-28,False,10,86
#ubuntu,2017-12-28,False,11,60
#ubuntu,2017-12-28,False,12,12
#ubuntu,2017-12-28,False,13,82
#ubuntu,2017-12-28,False,14,16
#ubuntu,2017-12-28,False,15,74
#ubuntu,2017-12-28,False,16,86
#ubuntu,2017-12-28,False,17,124
#ubuntu,2017-12-28,False,18,74
#ubuntu,2017-12-28,False,19,143
#ubuntu,2017-12-28,False,20,155
#ubuntu,2017-12-28,False,21,96
#ubuntu,2017-12-28,False,22,60
#ubuntu,2017-12-28,False,23,30
#ubuntu-it,2013-01-03,False,0,0
#ubuntu-it,2013-01-03,False,1,7
#ubuntu-it,2013-01-03,False,2,0
#ubuntu-it,2013-01-03,False,3,0
#ubuntu-it,2013-01-03,False,4,0
#ubuntu-it,2013-01-03,False,5,0
#ubuntu-it,2013-01-03,False,6,0
#ubuntu-it,2013-01-03,False,7,2
#ubuntu-it,2013-01-03,False,8,1
#ubuntu-it,2013-01-03,False,9,37
#ubuntu-it,2013-01-03,False,10,0
#ubuntu-it,2013-01-03,False,11,3
#ubuntu-it,2013-01-03,False,12,35
#ubuntu-it,2013-01-03,False,13,34
#ubuntu-it,2013-01-03,False,14,77
#ubuntu-it,2013-01-03,False,15,68
#ubuntu-it,2013-01-03,False,16,1
#ubuntu-it,2013-01-03,False,17,5
#ubuntu-it,2013-01-03,False,18,0
#ubuntu-it,2013-01-03,False,19,7
#ubuntu-it,2013-01-03,False,20,59
#ubuntu-it,2013-01-03,False,21,7
#ubuntu-it,2013-01-03,False,22,2
#ubuntu-it,2013-01-03,False,23,1
#ubuntu-it,2013-01-10,False,0,0
#ubuntu-it,2013-01-10,False,1,0
#ubuntu-it,2013-01-10,False,2,0
#ubuntu-it,2013-01-10,False,3,0
#ubuntu-it,2013-01-10,False,4,0
#ubuntu-it,2013-01-10,False,5,0
#ubuntu-it,2013-01-10,False,6,0
#ubuntu-it,2013-01-10,False,7,148
#ubuntu-it,2013-01-10,False,8,88
#ubuntu-it,2013-01-10,False,9,1
#ubuntu-it,2013-01-10,False,10,27
#ubuntu-it,2013-01-10,False,11,31
#ubuntu-it,2013-01-10,False,12,3
#ubuntu-it,2013-01-10,False,13,43
#ubuntu-it,2013-01-10,False,14,75
#ubuntu-it,2013-01-10,False,15,44
#ubuntu-it,2013-01-10,False,16,188
#ubuntu-it,2013-01-10,False,17,120
#ubuntu-it,2013-01-10,False,18,82
#ubuntu-it,2013-01-10,False,19,10
#ubuntu-it,2013-01-10,False,20,56
#ubuntu-it,2013-01-10,False,21,30
#ubuntu-it,2013-01-10,False,22,26
#ubuntu-it,2013-01-10,False,23,178
#ubuntu-it,2013-01-17,False,0,3
#ubuntu-it,2013-01-17,False,1,0
#ubuntu-it,2013-01-17,False,2,0
#ubuntu-it,2013-01-17,False,3,0
#ubuntu-it,2013-01-17,False,4,0
#ubuntu-it,2013-01-17,False,5,0
#ubuntu-it,2013-01-17,False,6,0
#ubuntu-it,2013-01-17,False,7,1
#ubuntu-it,2013-01-17,False,8,7
#ubuntu-it,2013-01-17,False,9,6
#ubuntu-it,2013-01-17,False,10,51
#ubuntu-it,2013-01-17,False,11,58
#ubuntu-it,2013-01-17,False,12,2
#ubuntu-it,2013-01-17,False,13,29
#ubuntu-it,2013-01-17,False,14,25
#ubuntu-it,2013-01-17,False,15,35
#ubuntu-it,2013-01-17,False,16,4
#ubuntu-it,2013-01-17,False,17,52
#ubuntu-it,2013-01-17,False,18,22
#ubuntu-it,2013-01-17,False,19,0
#ubuntu-it,2013-01-17,False,20,3
#ubuntu-it,2013-01-17,False,21,3
#ubuntu-it,2013-01-17,False,22,4
#ubuntu-it,2013-01-17,False,23,3
#ubuntu-it,2013-01-24,False,0,0
#ubuntu-it,2013-01-24,False,1,0
#ubuntu-it,2013-01-24,False,2,0
#ubuntu-it,2013-01-24,False,3,0
#ubuntu-it,2013-01-24,False,4,0
#ubuntu-it,2013-01-24,False,5,0
#ubuntu-it,2013-01-24,False,6,0
#ubuntu-it,2013-01-24,False,7,1
#ubuntu-it,2013-01-24,False,8,15
#ubuntu-it,2013-01-24,False,9,0
#ubuntu-it,2013-01-24,False,10,1
#ubuntu-it,2013-01-24,False,11,0
#ubuntu-it,2013-01-24,False,12,205
#ubuntu-it,2013-01-24,False,13,61
#ubuntu-it,2013-01-24,False,14,35
#ubuntu-it,2013-01-24,False,15,0
#ubuntu-it,2013-01-24,False,16,101
#ubuntu-it,2013-01-24,False,17,68
#ubuntu-it,2013-01-24,False,18,144
#ubuntu-it,2013-01-24,False,19,207
#ubuntu-it,2013-01-24,False,20,133
#ubuntu-it,2013-01-24,False,21,62
#ubuntu-it,2013-01-24,False,22,166
#ubuntu-it,2013-01-24,False,23,38
#ubuntu-it,2013-01-31,False,0,2
#ubuntu-it,2013-01-31,False,1,0
#ubuntu-it,2013-01-31,False,2,0
#ubuntu-it,2013-01-31,False,3,0
#ubuntu-it,2013-01-31,False,4,0
#ubuntu-it,2013-01-31,False,5,0
#ubuntu-it,2013-01-31,False,6,1
#ubuntu-it,2013-01-31,False,7,21
#ubuntu-it,2013-01-31,False,8,23
#ubuntu-it,2013-01-31,False,9,68
#ubuntu-it,2013-01-31,False,10,56
#ubuntu-it,2013-01-31,False,11,29
#ubuntu-it,2013-01-31,False,12,13
#ubuntu-it,2013-01-31,False,13,59
#ubuntu-it,2013-01-31,False,14,108
#ubuntu-it,2013-01-31,False,15,65
#ubuntu-it,2013-01-31,False,16,89
#ubuntu-it,2013-01-31,False,17,88
#ubuntu-it,2013-01-31,False,18,140
#ubuntu-it,2013-01-31,False,19,120
#ubuntu-it,2013-01-31,False,20,11
#ubuntu-it,2013-01-31,False,21,19
#ubuntu-it,2013-01-31,False,22,23
#ubuntu-it,2013-01-31,False,23,0
#ubuntu-it,2013-02-07,False,0,9
#ubuntu-it,2013-02-07,False,1,163
#ubuntu-it,2013-02-07,False,2,4
#ubuntu-it,2013-02-07,False,3,0
#ubuntu-it,2013-02-07,False,4,0
#ubuntu-it,2013-02-07,False,5,0
#ubuntu-it,2013-02-07,False,6,0
#ubuntu-it,2013-02-07,False,7,2
#ubuntu-it,2013-02-07,False,8,35
#ubuntu-it,2013-02-07,False,9,3
#ubuntu-it,2013-02-07,False,10,107
#ubuntu-it,2013-02-07,False,11,11
#ubuntu-it,2013-02-07,False,12,5
#ubuntu-it,2013-02-07,False,13,70
#ubuntu-it,2013-02-07,False,14,199
#ubuntu-it,2013-02-07,False,15,93
#ubuntu-it,2013-02-07,False,16,12
#ubuntu-it,2013-02-07,False,17,71
#ubuntu-it,2013-02-07,False,18,39
#ubuntu-it,2013-02-07,False,19,49
#ubuntu-it,2013-02-07,False,20,7
#ubuntu-it,2013-02-07,False,21,32
#ubuntu-it,2013-02-07,False,22,9
#ubuntu-it,2013-02-07,False,23,0
#ubuntu-it,2013-02-14,False,0,3
#ubuntu-it,2013-02-14,False,1,0
#ubuntu-it,2013-02-14,False,2,0
#ubuntu-it,2013-02-14,False,3,0
#ubuntu-it,2013-02-14,False,4,0
#ubuntu-it,2013-02-14,False,5,0
#ubuntu-it,2013-02-14,False,6,0
#ubuntu-it,2013-02-14,False,7,0
#ubuntu-it,2013-02-14,False,8,2
#ubuntu-it,2013-02-14,False,9,34
#ubuntu-it,2013-02-14,False,10,125
#ubuntu-it,2013-02-14,False,11,146
#ubuntu-it,2013-02-14,False,12,0
#ubuntu-it,2013-02-14,False,13,66
#ubuntu-it,2013-02-14,False,14,65
#ubuntu-it,2013-02-14,False,15,255
#ubuntu-it,2013-02-14,False,16,166
#ubuntu-it,2013-02-14,False,17,8
#ubuntu-it,2013-02-14,False,18,5
#ubuntu-it,2013-02-14,False,19,29
#ubuntu-it,2013-02-14,False,20,58
#ubuntu-it,2013-02-14,False,21,125
#ubuntu-it,2013-02-14,False,22,110
#ubuntu-it,2013-02-14,False,23,4
#ubuntu-it,2013-02-21,False,0,1
#ubuntu-it,2013-02-21,False,1,0
#ubuntu-it,2013-02-21,False,2,0
#ubuntu-it,2013-02-21,False,3,0
#ubuntu-it,2013-02-21,False,4,0
#ubuntu-it,2013-02-21,False,5,0
#ubuntu-it,2013-02-21,False,6,0
#ubuntu-it,2013-02-21,False,7,2
#ubuntu-it,2013-02-21,False,8,6
#ubuntu-it,2013-02-21,False,9,4
#ubuntu-it,2013-02-21,False,10,0
#ubuntu-it,2013-02-21,False,11,20
#ubuntu-it,2013-02-21,False,12,0
#ubuntu-it,2013-02-21,False,13,1
#ubuntu-it,2013-02-21,False,14,1
#ubuntu-it,2013-02-21,False,15,91
#ubuntu-it,2013-02-21,False,16,77
#ubuntu-it,2013-02-21,False,17,83
#ubuntu-it,2013-02-21,False,18,53
#ubuntu-it,2013-02-21,False,19,3
#ubuntu-it,2013-02-21,False,20,2
#ubuntu-it,2013-02-21,False,21,0
#ubuntu-it,2013-02-21,False,22,3
#ubuntu-it,2013-02-21,False,23,2
#ubuntu-it,2013-02-28,False,0,0
#ubuntu-it,2013-02-28,False,1,0
#ubuntu-it,2013-02-28,False,2,0
#ubuntu-it,2013-02-28,False,3,0
#ubuntu-it,2013-02-28,False,4,0
#ubuntu-it,2013-02-28,False,5,0
#ubuntu-it,2013-02-28,False,6,0
#ubuntu-it,2013-02-28,False,7,1
#ubuntu-it,2013-02-28,False,8,2
#ubuntu-it,2013-02-28,False,9,4
#ubuntu-it,2013-02-28,False,10,87
#ubuntu-it,2013-02-28,False,11,141
#ubuntu-it,2013-02-28,False,12,54
#ubuntu-it,2013-02-28,False,13,4
#ubuntu-it,2013-02-28,False,14,26
#ubuntu-it,2013-02-28,False,15,25
#ubuntu-it,2013-02-28,False,16,1
#ubuntu-it,2013-02-28,False,17,49
#ubuntu-it,2013-02-28,False,18,89
#ubuntu-it,2013-02-28,False,19,135
#ubuntu-it,2013-02-28,False,20,22
#ubuntu-it,2013-02-28,False,21,12
#ubuntu-it,2013-02-28,False,22,8
#ubuntu-it,2013-02-28,False,23,1
#ubuntu-it,2013-03-07,False,0,1
#ubuntu-it,2013-03-07,False,1,0
#ubuntu-it,2013-03-07,False,2,0
#ubuntu-it,2013-03-07,False,3,0
#ubuntu-it,2013-03-07,False,4,0
#ubuntu-it,2013-03-07,False,5,0
#ubuntu-it,2013-03-07,False,6,0
#ubuntu-it,2013-03-07,False,7,0
#ubuntu-it,2013-03-07,False,8,0
#ubuntu-it,2013-03-07,False,9,1
#ubuntu-it,2013-03-07,False,10,29
#ubuntu-it,2013-03-07,False,11,61
#ubuntu-it,2013-03-07,False,12,94
#ubuntu-it,2013-03-07,False,13,55
#ubuntu-it,2013-03-07,False,14,38
#ubuntu-it,2013-03-07,False,15,2
#ubuntu-it,2013-03-07,False,16,94
#ubuntu-it,2013-03-07,False,17,90
#ubuntu-it,2013-03-07,False,18,150
#ubuntu-it,2013-03-07,False,19,57
#ubuntu-it,2013-03-07,False,20,108
#ubuntu-it,2013-03-07,False,21,39
#ubuntu-it,2013-03-07,False,22,142
#ubuntu-it,2013-03-07,False,23,90
#ubuntu-it,2013-03-14,False,0,0
#ubuntu-it,2013-03-14,False,1,0
#ubuntu-it,2013-03-14,False,2,0
#ubuntu-it,2013-03-14,False,3,0
#ubuntu-it,2013-03-14,False,4,0
#ubuntu-it,2013-03-14,False,5,0
#ubuntu-it,2013-03-14,False,6,0
#ubuntu-it,2013-03-14,False,7,0
#ubuntu-it,2013-03-14,False,8,1
#ubuntu-it,2013-03-14,False,9,1
#ubuntu-it,2013-03-14,False,10,54
#ubuntu-it,2013-03-14,False,11,146
#ubuntu-it,2013-03-14,False,12,63
#ubuntu-it,2013-03-14,False,13,132
#ubuntu-it,2013-03-14,False,14,39
#ubuntu-it,2013-03-14,False,15,217
#ubuntu-it,2013-03-14,False,16,115
#ubuntu-it,2013-03-14,False,17,80
#ubuntu-it,2013-03-14,False,18,52
#ubuntu-it,2013-03-14,False,19,21
#ubuntu-it,2013-03-14,False,20,179
#ubuntu-it,2013-03-14,False,21,45
#ubuntu-it,2013-03-14,False,22,0
#ubuntu-it,2013-03-14,False,23,0
#ubuntu-it,2013-03-21,False,0,28
#ubuntu-it,2013-03-21,False,1,26
#ubuntu-it,2013-03-21,False,2,38
#ubuntu-it,2013-03-21,False,3,5
#ubuntu-it,2013-03-21,False,4,0
#ubuntu-it,2013-03-21,False,5,0
#ubuntu-it,2013-03-21,False,6,0
#ubuntu-it,2013-03-21,False,7,12
#ubuntu-it,2013-03-21,False,8,0
#ubuntu-it,2013-03-21,False,9,1
#ubuntu-it,2013-03-21,False,10,58
#ubuntu-it,2013-03-21,False,11,31
#ubuntu-it,2013-03-21,False,12,24
#ubuntu-it,2013-03-21,False,13,37
#ubuntu-it,2013-03-21,False,14,77
#ubuntu-it,2013-03-21,False,15,60
#ubuntu-it,2013-03-21,False,16,7
#ubuntu-it,2013-03-21,False,17,80
#ubuntu-it,2013-03-21,False,18,27
#ubuntu-it,2013-03-21,False,19,1
#ubuntu-it,2013-03-21,False,20,21
#ubuntu-it,2013-03-21,False,21,12
#ubuntu-it,2013-03-21,False,22,4
#ubuntu-it,2013-03-21,False,23,12
#ubuntu-it,2013-03-28,False,0,0
#ubuntu-it,2013-03-28,False,1,0
#ubuntu-it,2013-03-28,False,2,0
#ubuntu-it,2013-03-28,False,3,0
#ubuntu-it,2013-03-28,False,4,0
#ubuntu-it,2013-03-28,False,5,0
#ubuntu-it,2013-03-28,False,6,0
#ubuntu-it,2013-03-28,False,7,2
#ubuntu-it,2013-03-28,False,8,10
#ubuntu-it,2013-03-28,False,9,10
#ubuntu-it,2013-03-28,False,10,43
#ubuntu-it,2013-03-28,False,11,127
#ubuntu-it,2013-03-28,False,12,104
#ubuntu-it,2013-03-28,False,13,13
#ubuntu-it,2013-03-28,False,14,2
#ubuntu-it,2013-03-28,False,15,52
#ubuntu-it,2013-03-28,False,16,12
#ubuntu-it,2013-03-28,False,17,32
#ubuntu-it,2013-03-28,False,18,15
#ubuntu-it,2013-03-28,False,19,73
#ubuntu-it,2013-03-28,False,20,97
#ubuntu-it,2013-03-28,False,21,5
#ubuntu-it,2013-03-28,False,22,5
#ubuntu-it,2013-03-28,False,23,61
#ubuntu-it,2013-04-04,False,0,0
#ubuntu-it,2013-04-04,False,1,0
#ubuntu-it,2013-04-04,False,2,0
#ubuntu-it,2013-04-04,False,3,0
#ubuntu-it,2013-04-04,False,4,0
#ubuntu-it,2013-04-04,False,5,0
#ubuntu-it,2013-04-04,False,6,1
#ubuntu-it,2013-04-04,False,7,53
#ubuntu-it,2013-04-04,False,8,88
#ubuntu-it,2013-04-04,False,9,147
#ubuntu-it,2013-04-04,False,10,76
#ubuntu-it,2013-04-04,False,11,15
#ubuntu-it,2013-04-04,False,12,32
#ubuntu-it,2013-04-04,False,13,13
#ubuntu-it,2013-04-04,False,14,90
#ubuntu-it,2013-04-04,False,15,159
#ubuntu-it,2013-04-04,False,16,116
#ubuntu-it,2013-04-04,False,17,70
#ubuntu-it,2013-04-04,False,18,41
#ubuntu-it,2013-04-04,False,19,112
#ubuntu-it,2013-04-04,False,20,14
#ubuntu-it,2013-04-04,False,21,49
#ubuntu-it,2013-04-04,False,22,1
#ubuntu-it,2013-04-04,False,23,13
#ubuntu-it,2013-04-11,False,0,0
#ubuntu-it,2013-04-11,False,1,1
#ubuntu-it,2013-04-11,False,2,0
#ubuntu-it,2013-04-11,False,3,0
#ubuntu-it,2013-04-11,False,4,0
#ubuntu-it,2013-04-11,False,5,0
#ubuntu-it,2013-04-11,False,6,14
#ubuntu-it,2013-04-11,False,7,3
#ubuntu-it,2013-04-11,False,8,45
#ubuntu-it,2013-04-11,False,9,151
#ubuntu-it,2013-04-11,False,10,126
#ubuntu-it,2013-04-11,False,11,55
#ubuntu-it,2013-04-11,False,12,90
#ubuntu-it,2013-04-11,False,13,137
#ubuntu-it,2013-04-11,False,14,3
#ubuntu-it,2013-04-11,False,15,1
#ubuntu-it,2013-04-11,False,16,138
#ubuntu-it,2013-04-11,False,17,54
#ubuntu-it,2013-04-11,False,18,38
#ubuntu-it,2013-04-11,False,19,15
#ubuntu-it,2013-04-11,False,20,43
#ubuntu-it,2013-04-11,False,21,27
#ubuntu-it,2013-04-11,False,22,1
#ubuntu-it,2013-04-11,False,23,0
#ubuntu-it,2013-04-18,False,0,27
#ubuntu-it,2013-04-18,False,1,3
#ubuntu-it,2013-04-18,False,2,0
#ubuntu-it,2013-04-18,False,3,0
#ubuntu-it,2013-04-18,False,4,0
#ubuntu-it,2013-04-18,False,5,0
#ubuntu-it,2013-04-18,False,6,6
#ubuntu-it,2013-04-18,False,7,15
#ubuntu-it,2013-04-18,False,8,0
#ubuntu-it,2013-04-18,False,9,97
#ubuntu-it,2013-04-18,False,10,135
#ubuntu-it,2013-04-18,False,11,20
#ubuntu-it,2013-04-18,False,12,54
#ubuntu-it,2013-04-18,False,13,96
#ubuntu-it,2013-04-18,False,14,7
#ubuntu-it,2013-04-18,False,15,7
#ubuntu-it,2013-04-18,False,16,109
#ubuntu-it,2013-04-18,False,17,22
#ubuntu-it,2013-04-18,False,18,14
#ubuntu-it,2013-04-18,False,19,9
#ubuntu-it,2013-04-18,False,20,52
#ubuntu-it,2013-04-18,False,21,10
#ubuntu-it,2013-04-18,False,22,0
#ubuntu-it,2013-04-18,False,23,2
#ubuntu-it,2013-04-25,True,0,151
#ubuntu-it,2013-04-25,True,1,229
#ubuntu-it,2013-04-25,True,2,64
#ubuntu-it,2013-04-25,True,3,0
#ubuntu-it,2013-04-25,True,4,0
#ubuntu-it,2013-04-25,True,5,0
#ubuntu-it,2013-04-25,True,6,0
#ubuntu-it,2013-04-25,True,7,1
#ubuntu-it,2013-04-25,True,8,3
#ubuntu-it,2013-04-25,True,9,3
#ubuntu-it,2013-04-25,True,10,8
#ubuntu-it,2013-04-25,True,11,28
#ubuntu-it,2013-04-25,True,12,44
#ubuntu-it,2013-04-25,True,13,71
#ubuntu-it,2013-04-25,True,14,152
#ubuntu-it,2013-04-25,True,15,204
#ubuntu-it,2013-04-25,True,16,275
#ubuntu-it,2013-04-25,True,17,118
#ubuntu-it,2013-04-25,True,18,113
#ubuntu-it,2013-04-25,True,19,37
#ubuntu-it,2013-04-25,True,20,132
#ubuntu-it,2013-04-25,True,21,114
#ubuntu-it,2013-04-25,True,22,84
#ubuntu-it,2013-04-25,True,23,8
#ubuntu-it,2013-05-02,False,0,51
#ubuntu-it,2013-05-02,False,1,0
#ubuntu-it,2013-05-02,False,2,0
#ubuntu-it,2013-05-02,False,3,0
#ubuntu-it,2013-05-02,False,4,0
#ubuntu-it,2013-05-02,False,5,1
#ubuntu-it,2013-05-02,False,6,5
#ubuntu-it,2013-05-02,False,7,2
#ubuntu-it,2013-05-02,False,8,109
#ubuntu-it,2013-05-02,False,9,23
#ubuntu-it,2013-05-02,False,10,36
#ubuntu-it,2013-05-02,False,11,95
#ubuntu-it,2013-05-02,False,12,60
#ubuntu-it,2013-05-02,False,13,18
#ubuntu-it,2013-05-02,False,14,10
#ubuntu-it,2013-05-02,False,15,97
#ubuntu-it,2013-05-02,False,16,64
#ubuntu-it,2013-05-02,False,17,212
#ubuntu-it,2013-05-02,False,18,43
#ubuntu-it,2013-05-02,False,19,125
#ubuntu-it,2013-05-02,False,20,189
#ubuntu-it,2013-05-02,False,21,25
#ubuntu-it,2013-05-02,False,22,0
#ubuntu-it,2013-05-02,False,23,0
#ubuntu-it,2013-05-09,False,0,126
#ubuntu-it,2013-05-09,False,1,0
#ubuntu-it,2013-05-09,False,2,3
#ubuntu-it,2013-05-09,False,3,0
#ubuntu-it,2013-05-09,False,4,0
#ubuntu-it,2013-05-09,False,5,0
#ubuntu-it,2013-05-09,False,6,2
#ubuntu-it,2013-05-09,False,7,0
#ubuntu-it,2013-05-09,False,8,6
#ubuntu-it,2013-05-09,False,9,56
#ubuntu-it,2013-05-09,False,10,79
#ubuntu-it,2013-05-09,False,11,72
#ubuntu-it,2013-05-09,False,12,7
#ubuntu-it,2013-05-09,False,13,27
#ubuntu-it,2013-05-09,False,14,65
#ubuntu-it,2013-05-09,False,15,19
#ubuntu-it,2013-05-09,False,16,64
#ubuntu-it,2013-05-09,False,17,95
#ubuntu-it,2013-05-09,False,18,96
#ubuntu-it,2013-05-09,False,19,50
#ubuntu-it,2013-05-09,False,20,15
#ubuntu-it,2013-05-09,False,21,15
#ubuntu-it,2013-05-09,False,22,5
#ubuntu-it,2013-05-09,False,23,0
#ubuntu-it,2013-05-16,False,0,1
#ubuntu-it,2013-05-16,False,1,0
#ubuntu-it,2013-05-16,False,2,0
#ubuntu-it,2013-05-16,False,3,0
#ubuntu-it,2013-05-16,False,4,0
#ubuntu-it,2013-05-16,False,5,0
#ubuntu-it,2013-05-16,False,6,23
#ubuntu-it,2013-05-16,False,7,76
#ubuntu-it,2013-05-16,False,8,77
#ubuntu-it,2013-05-16,False,9,11
#ubuntu-it,2013-05-16,False,10,56
#ubuntu-it,2013-05-16,False,11,83
#ubuntu-it,2013-05-16,False,12,29
#ubuntu-it,2013-05-16,False,13,25
#ubuntu-it,2013-05-16,False,14,14
#ubuntu-it,2013-05-16,False,15,54
#ubuntu-it,2013-05-16,False,16,51
#ubuntu-it,2013-05-16,False,17,91
#ubuntu-it,2013-05-16,False,18,19
#ubuntu-it,2013-05-16,False,19,127
#ubuntu-it,2013-05-16,False,20,103
#ubuntu-it,2013-05-16,False,21,137
#ubuntu-it,2013-05-16,False,22,0
#ubuntu-it,2013-05-16,False,23,0
#ubuntu-it,2013-05-23,False,0,0
#ubuntu-it,2013-05-23,False,1,0
#ubuntu-it,2013-05-23,False,2,0
#ubuntu-it,2013-05-23,False,3,0
#ubuntu-it,2013-05-23,False,4,0
#ubuntu-it,2013-05-23,False,5,0
#ubuntu-it,2013-05-23,False,6,1
#ubuntu-it,2013-05-23,False,7,2
#ubuntu-it,2013-05-23,False,8,84
#ubuntu-it,2013-05-23,False,9,74
#ubuntu-it,2013-05-23,False,10,92
#ubuntu-it,2013-05-23,False,11,18
#ubuntu-it,2013-05-23,False,12,87
#ubuntu-it,2013-05-23,False,13,199
#ubuntu-it,2013-05-23,False,14,231
#ubuntu-it,2013-05-23,False,15,281
#ubuntu-it,2013-05-23,False,16,43
#ubuntu-it,2013-05-23,False,17,79
#ubuntu-it,2013-05-23,False,18,31
#ubuntu-it,2013-05-23,False,19,12
#ubuntu-it,2013-05-23,False,20,31
#ubuntu-it,2013-05-23,False,21,13
#ubuntu-it,2013-05-23,False,22,47
#ubuntu-it,2013-05-23,False,23,1
#ubuntu-it,2013-05-30,False,0,0
#ubuntu-it,2013-05-30,False,1,0
#ubuntu-it,2013-05-30,False,2,0
#ubuntu-it,2013-05-30,False,3,0
#ubuntu-it,2013-05-30,False,4,0
#ubuntu-it,2013-05-30,False,5,0
#ubuntu-it,2013-05-30,False,6,1
#ubuntu-it,2013-05-30,False,7,3
#ubuntu-it,2013-05-30,False,8,39
#ubuntu-it,2013-05-30,False,9,174
#ubuntu-it,2013-05-30,False,10,137
#ubuntu-it,2013-05-30,False,11,14
#ubuntu-it,2013-05-30,False,12,3
#ubuntu-it,2013-05-30,False,13,31
#ubuntu-it,2013-05-30,False,14,116
#ubuntu-it,2013-05-30,False,15,181
#ubuntu-it,2013-05-30,False,16,13
#ubuntu-it,2013-05-30,False,17,18
#ubuntu-it,2013-05-30,False,18,8
#ubuntu-it,2013-05-30,False,19,0
#ubuntu-it,2013-05-30,False,20,11
#ubuntu-it,2013-05-30,False,21,88
#ubuntu-it,2013-05-30,False,22,153
#ubuntu-it,2013-05-30,False,23,96
#ubuntu-it,2013-06-06,False,0,2
#ubuntu-it,2013-06-06,False,1,0
#ubuntu-it,2013-06-06,False,2,0
#ubuntu-it,2013-06-06,False,3,0
#ubuntu-it,2013-06-06,False,4,0
#ubuntu-it,2013-06-06,False,5,1
#ubuntu-it,2013-06-06,False,6,3
#ubuntu-it,2013-06-06,False,7,44
#ubuntu-it,2013-06-06,False,8,52
#ubuntu-it,2013-06-06,False,9,65
#ubuntu-it,2013-06-06,False,10,73
#ubuntu-it,2013-06-06,False,11,40
#ubuntu-it,2013-06-06,False,12,79
#ubuntu-it,2013-06-06,False,13,9
#ubuntu-it,2013-06-06,False,14,9
#ubuntu-it,2013-06-06,False,15,4
#ubuntu-it,2013-06-06,False,16,31
#ubuntu-it,2013-06-06,False,17,42
#ubuntu-it,2013-06-06,False,18,7
#ubuntu-it,2013-06-06,False,19,6
#ubuntu-it,2013-06-06,False,20,2
#ubuntu-it,2013-06-06,False,21,104
#ubuntu-it,2013-06-06,False,22,127
#ubuntu-it,2013-06-06,False,23,90
#ubuntu-it,2013-06-13,False,0,15
#ubuntu-it,2013-06-13,False,1,0
#ubuntu-it,2013-06-13,False,2,0
#ubuntu-it,2013-06-13,False,3,0
#ubuntu-it,2013-06-13,False,4,0
#ubuntu-it,2013-06-13,False,5,0
#ubuntu-it,2013-06-13,False,6,0
#ubuntu-it,2013-06-13,False,7,17
#ubuntu-it,2013-06-13,False,8,47
#ubuntu-it,2013-06-13,False,9,66
#ubuntu-it,2013-06-13,False,10,100
#ubuntu-it,2013-06-13,False,11,2
#ubuntu-it,2013-06-13,False,12,3
#ubuntu-it,2013-06-13,False,13,70
#ubuntu-it,2013-06-13,False,14,65
#ubuntu-it,2013-06-13,False,15,137
#ubuntu-it,2013-06-13,False,16,54
#ubuntu-it,2013-06-13,False,17,69
#ubuntu-it,2013-06-13,False,18,6
#ubuntu-it,2013-06-13,False,19,12
#ubuntu-it,2013-06-13,False,20,21
#ubuntu-it,2013-06-13,False,21,0
#ubuntu-it,2013-06-13,False,22,57
#ubuntu-it,2013-06-13,False,23,0
#ubuntu-it,2013-06-20,False,0,1
#ubuntu-it,2013-06-20,False,1,0
#ubuntu-it,2013-06-20,False,2,0
#ubuntu-it,2013-06-20,False,3,0
#ubuntu-it,2013-06-20,False,4,0
#ubuntu-it,2013-06-20,False,5,5
#ubuntu-it,2013-06-20,False,6,0
#ubuntu-it,2013-06-20,False,7,1
#ubuntu-it,2013-06-20,False,8,5
#ubuntu-it,2013-06-20,False,9,3
#ubuntu-it,2013-06-20,False,10,35
#ubuntu-it,2013-06-20,False,11,1
#ubuntu-it,2013-06-20,False,12,15
#ubuntu-it,2013-06-20,False,13,78
#ubuntu-it,2013-06-20,False,14,67
#ubuntu-it,2013-06-20,False,15,31
#ubuntu-it,2013-06-20,False,16,28
#ubuntu-it,2013-06-20,False,17,59
#ubuntu-it,2013-06-20,False,18,31
#ubuntu-it,2013-06-20,False,19,117
#ubuntu-it,2013-06-20,False,20,75
#ubuntu-it,2013-06-20,False,21,197
#ubuntu-it,2013-06-20,False,22,42
#ubuntu-it,2013-06-20,False,23,11
#ubuntu-it,2013-06-27,False,0,0
#ubuntu-it,2013-06-27,False,1,0
#ubuntu-it,2013-06-27,False,2,0
#ubuntu-it,2013-06-27,False,3,0
#ubuntu-it,2013-06-27,False,4,0
#ubuntu-it,2013-06-27,False,5,1
#ubuntu-it,2013-06-27,False,6,0
#ubuntu-it,2013-06-27,False,7,54
#ubuntu-it,2013-06-27,False,8,23
#ubuntu-it,2013-06-27,False,9,32
#ubuntu-it,2013-06-27,False,10,77
#ubuntu-it,2013-06-27,False,11,74
#ubuntu-it,2013-06-27,False,12,34
#ubuntu-it,2013-06-27,False,13,155
#ubuntu-it,2013-06-27,False,14,54
#ubuntu-it,2013-06-27,False,15,154
#ubuntu-it,2013-06-27,False,16,31
#ubuntu-it,2013-06-27,False,17,17
#ubuntu-it,2013-06-27,False,18,25
#ubuntu-it,2013-06-27,False,19,67
#ubuntu-it,2013-06-27,False,20,17
#ubuntu-it,2013-06-27,False,21,66
#ubuntu-it,2013-06-27,False,22,0
#ubuntu-it,2013-06-27,False,23,0
#ubuntu-it,2013-07-04,False,0,0
#ubuntu-it,2013-07-04,False,1,0
#ubuntu-it,2013-07-04,False,2,0
#ubuntu-it,2013-07-04,False,3,0
#ubuntu-it,2013-07-04,False,4,0
#ubuntu-it,2013-07-04,False,5,2
#ubuntu-it,2013-07-04,False,6,1
#ubuntu-it,2013-07-04,False,7,26
#ubuntu-it,2013-07-04,False,8,5
#ubuntu-it,2013-07-04,False,9,1
#ubuntu-it,2013-07-04,False,10,1
#ubuntu-it,2013-07-04,False,11,4
#ubuntu-it,2013-07-04,False,12,16
#ubuntu-it,2013-07-04,False,13,26
#ubuntu-it,2013-07-04,False,14,14
#ubuntu-it,2013-07-04,False,15,0
#ubuntu-it,2013-07-04,False,16,50
#ubuntu-it,2013-07-04,False,17,173
#ubuntu-it,2013-07-04,False,18,162
#ubuntu-it,2013-07-04,False,19,89
#ubuntu-it,2013-07-04,False,20,95
#ubuntu-it,2013-07-04,False,21,107
#ubuntu-it,2013-07-04,False,22,76
#ubuntu-it,2013-07-04,False,23,0
#ubuntu-it,2013-07-11,False,0,0
#ubuntu-it,2013-07-11,False,1,1
#ubuntu-it,2013-07-11,False,2,0
#ubuntu-it,2013-07-11,False,3,0
#ubuntu-it,2013-07-11,False,4,0
#ubuntu-it,2013-07-11,False,5,3
#ubuntu-it,2013-07-11,False,6,42
#ubuntu-it,2013-07-11,False,7,43
#ubuntu-it,2013-07-11,False,8,52
#ubuntu-it,2013-07-11,False,9,31
#ubuntu-it,2013-07-11,False,10,0
#ubuntu-it,2013-07-11,False,11,26
#ubuntu-it,2013-07-11,False,12,1
#ubuntu-it,2013-07-11,False,13,75
#ubuntu-it,2013-07-11,False,14,29
#ubuntu-it,2013-07-11,False,15,43
#ubuntu-it,2013-07-11,False,16,51
#ubuntu-it,2013-07-11,False,17,2
#ubuntu-it,2013-07-11,False,18,0
#ubuntu-it,2013-07-11,False,19,21
#ubuntu-it,2013-07-11,False,20,0
#ubuntu-it,2013-07-11,False,21,9
#ubuntu-it,2013-07-11,False,22,12
#ubuntu-it,2013-07-11,False,23,0
#ubuntu-it,2013-07-18,False,0,0
#ubuntu-it,2013-07-18,False,1,0
#ubuntu-it,2013-07-18,False,2,0
#ubuntu-it,2013-07-18,False,3,0
#ubuntu-it,2013-07-18,False,4,0
#ubuntu-it,2013-07-18,False,5,0
#ubuntu-it,2013-07-18,False,6,4
#ubuntu-it,2013-07-18,False,7,11
#ubuntu-it,2013-07-18,False,8,6
#ubuntu-it,2013-07-18,False,9,29
#ubuntu-it,2013-07-18,False,10,0
#ubuntu-it,2013-07-18,False,11,6
#ubuntu-it,2013-07-18,False,12,38
#ubuntu-it,2013-07-18,False,13,75
#ubuntu-it,2013-07-18,False,14,68
#ubuntu-it,2013-07-18,False,15,90
#ubuntu-it,2013-07-18,False,16,132
#ubuntu-it,2013-07-18,False,17,52
#ubuntu-it,2013-07-18,False,18,189
#ubuntu-it,2013-07-18,False,19,21
#ubuntu-it,2013-07-18,False,20,206
#ubuntu-it,2013-07-18,False,21,156
#ubuntu-it,2013-07-18,False,22,175
#ubuntu-it,2013-07-18,False,23,38
#ubuntu-it,2013-07-25,False,0,0
#ubuntu-it,2013-07-25,False,1,0
#ubuntu-it,2013-07-25,False,2,0
#ubuntu-it,2013-07-25,False,3,0
#ubuntu-it,2013-07-25,False,4,0
#ubuntu-it,2013-07-25,False,5,1
#ubuntu-it,2013-07-25,False,6,18
#ubuntu-it,2013-07-25,False,7,19
#ubuntu-it,2013-07-25,False,8,49
#ubuntu-it,2013-07-25,False,9,109
#ubuntu-it,2013-07-25,False,10,10
#ubuntu-it,2013-07-25,False,11,6
#ubuntu-it,2013-07-25,False,12,43
#ubuntu-it,2013-07-25,False,13,108
#ubuntu-it,2013-07-25,False,14,67
#ubuntu-it,2013-07-25,False,15,0
#ubuntu-it,2013-07-25,False,16,2
#ubuntu-it,2013-07-25,False,17,80
#ubuntu-it,2013-07-25,False,18,30
#ubuntu-it,2013-07-25,False,19,0
#ubuntu-it,2013-07-25,False,20,0
#ubuntu-it,2013-07-25,False,21,4
#ubuntu-it,2013-07-25,False,22,1
#ubuntu-it,2013-07-25,False,23,1
#ubuntu-it,2013-08-01,False,0,0
#ubuntu-it,2013-08-01,False,1,0
#ubuntu-it,2013-08-01,False,2,0
#ubuntu-it,2013-08-01,False,3,0
#ubuntu-it,2013-08-01,False,4,0
#ubuntu-it,2013-08-01,False,5,1
#ubuntu-it,2013-08-01,False,6,9
#ubuntu-it,2013-08-01,False,7,88
#ubuntu-it,2013-08-01,False,8,1
#ubuntu-it,2013-08-01,False,9,25
#ubuntu-it,2013-08-01,False,10,17
#ubuntu-it,2013-08-01,False,11,69
#ubuntu-it,2013-08-01,False,12,21
#ubuntu-it,2013-08-01,False,13,62
#ubuntu-it,2013-08-01,False,14,45
#ubuntu-it,2013-08-01,False,15,0
#ubuntu-it,2013-08-01,False,16,13
#ubuntu-it,2013-08-01,False,17,41
#ubuntu-it,2013-08-01,False,18,10
#ubuntu-it,2013-08-01,False,19,1
#ubuntu-it,2013-08-01,False,20,0
#ubuntu-it,2013-08-01,False,21,53
#ubuntu-it,2013-08-01,False,22,5
#ubuntu-it,2013-08-01,False,23,0
#ubuntu-it,2013-08-08,False,0,1
#ubuntu-it,2013-08-08,False,1,0
#ubuntu-it,2013-08-08,False,2,0
#ubuntu-it,2013-08-08,False,3,0
#ubuntu-it,2013-08-08,False,4,0
#ubuntu-it,2013-08-08,False,5,0
#ubuntu-it,2013-08-08,False,6,2
#ubuntu-it,2013-08-08,False,7,2
#ubuntu-it,2013-08-08,False,8,0
#ubuntu-it,2013-08-08,False,9,59
#ubuntu-it,2013-08-08,False,10,1
#ubuntu-it,2013-08-08,False,11,38
#ubuntu-it,2013-08-08,False,12,70
#ubuntu-it,2013-08-08,False,13,151
#ubuntu-it,2013-08-08,False,14,51
#ubuntu-it,2013-08-08,False,15,8
#ubuntu-it,2013-08-08,False,16,5
#ubuntu-it,2013-08-08,False,17,0
#ubuntu-it,2013-08-08,False,18,3
#ubuntu-it,2013-08-08,False,19,24
#ubuntu-it,2013-08-08,False,20,14
#ubuntu-it,2013-08-08,False,21,10
#ubuntu-it,2013-08-08,False,22,8
#ubuntu-it,2013-08-08,False,23,0
#ubuntu-it,2013-08-15,False,0,1
#ubuntu-it,2013-08-15,False,1,0
#ubuntu-it,2013-08-15,False,2,0
#ubuntu-it,2013-08-15,False,3,0
#ubuntu-it,2013-08-15,False,4,0
#ubuntu-it,2013-08-15,False,5,0
#ubuntu-it,2013-08-15,False,6,2
#ubuntu-it,2013-08-15,False,7,10
#ubuntu-it,2013-08-15,False,8,2
#ubuntu-it,2013-08-15,False,9,2
#ubuntu-it,2013-08-15,False,10,171
#ubuntu-it,2013-08-15,False,11,36
#ubuntu-it,2013-08-15,False,12,54
#ubuntu-it,2013-08-15,False,13,50
#ubuntu-it,2013-08-15,False,14,161
#ubuntu-it,2013-08-15,False,15,169
#ubuntu-it,2013-08-15,False,16,171
#ubuntu-it,2013-08-15,False,17,192
#ubuntu-it,2013-08-15,False,18,117
#ubuntu-it,2013-08-15,False,19,9
#ubuntu-it,2013-08-15,False,20,1
#ubuntu-it,2013-08-15,False,21,3
#ubuntu-it,2013-08-15,False,22,0
#ubuntu-it,2013-08-15,False,23,0
#ubuntu-it,2013-08-22,False,0,0
#ubuntu-it,2013-08-22,False,1,0
#ubuntu-it,2013-08-22,False,2,0
#ubuntu-it,2013-08-22,False,3,0
#ubuntu-it,2013-08-22,False,4,4
#ubuntu-it,2013-08-22,False,5,10
#ubuntu-it,2013-08-22,False,6,2
#ubuntu-it,2013-08-22,False,7,0
#ubuntu-it,2013-08-22,False,8,23
#ubuntu-it,2013-08-22,False,9,30
#ubuntu-it,2013-08-22,False,10,21
#ubuntu-it,2013-08-22,False,11,79
#ubuntu-it,2013-08-22,False,12,37
#ubuntu-it,2013-08-22,False,13,4
#ubuntu-it,2013-08-22,False,14,27
#ubuntu-it,2013-08-22,False,15,1
#ubuntu-it,2013-08-22,False,16,0
#ubuntu-it,2013-08-22,False,17,0
#ubuntu-it,2013-08-22,False,18,0
#ubuntu-it,2013-08-22,False,19,40
#ubuntu-it,2013-08-22,False,20,68
#ubuntu-it,2013-08-22,False,21,63
#ubuntu-it,2013-08-22,False,22,1
#ubuntu-it,2013-08-22,False,23,0
#ubuntu-it,2013-08-29,False,0,0
#ubuntu-it,2013-08-29,False,1,0
#ubuntu-it,2013-08-29,False,2,0
#ubuntu-it,2013-08-29,False,3,0
#ubuntu-it,2013-08-29,False,4,0
#ubuntu-it,2013-08-29,False,5,1
#ubuntu-it,2013-08-29,False,6,0
#ubuntu-it,2013-08-29,False,7,0
#ubuntu-it,2013-08-29,False,8,0
#ubuntu-it,2013-08-29,False,9,0
#ubuntu-it,2013-08-29,False,10,2
#ubuntu-it,2013-08-29,False,11,18
#ubuntu-it,2013-08-29,False,12,70
#ubuntu-it,2013-08-29,False,13,92
#ubuntu-it,2013-08-29,False,14,77
#ubuntu-it,2013-08-29,False,15,1
#ubuntu-it,2013-08-29,False,16,21
#ubuntu-it,2013-08-29,False,17,41
#ubuntu-it,2013-08-29,False,18,1
#ubuntu-it,2013-08-29,False,19,38
#ubuntu-it,2013-08-29,False,20,87
#ubuntu-it,2013-08-29,False,21,165
#ubuntu-it,2013-08-29,False,22,37
#ubuntu-it,2013-08-29,False,23,0
#ubuntu-it,2013-09-05,False,0,0
#ubuntu-it,2013-09-05,False,1,0
#ubuntu-it,2013-09-05,False,2,0
#ubuntu-it,2013-09-05,False,3,0
#ubuntu-it,2013-09-05,False,4,0
#ubuntu-it,2013-09-05,False,5,1
#ubuntu-it,2013-09-05,False,6,34
#ubuntu-it,2013-09-05,False,7,56
#ubuntu-it,2013-09-05,False,8,292
#ubuntu-it,2013-09-05,False,9,116
#ubuntu-it,2013-09-05,False,10,27
#ubuntu-it,2013-09-05,False,11,31
#ubuntu-it,2013-09-05,False,12,158
#ubuntu-it,2013-09-05,False,13,144
#ubuntu-it,2013-09-05,False,14,230
#ubuntu-it,2013-09-05,False,15,33
#ubuntu-it,2013-09-05,False,16,0
#ubuntu-it,2013-09-05,False,17,17
#ubuntu-it,2013-09-05,False,18,8
#ubuntu-it,2013-09-05,False,19,12
#ubuntu-it,2013-09-05,False,20,220
#ubuntu-it,2013-09-05,False,21,78
#ubuntu-it,2013-09-05,False,22,131
#ubuntu-it,2013-09-05,False,23,22
#ubuntu-it,2013-09-12,False,0,0
#ubuntu-it,2013-09-12,False,1,0
#ubuntu-it,2013-09-12,False,2,0
#ubuntu-it,2013-09-12,False,3,0
#ubuntu-it,2013-09-12,False,4,0
#ubuntu-it,2013-09-12,False,5,0
#ubuntu-it,2013-09-12,False,6,1
#ubuntu-it,2013-09-12,False,7,30
#ubuntu-it,2013-09-12,False,8,4
#ubuntu-it,2013-09-12,False,9,49
#ubuntu-it,2013-09-12,False,10,22
#ubuntu-it,2013-09-12,False,11,70
#ubuntu-it,2013-09-12,False,12,84
#ubuntu-it,2013-09-12,False,13,128
#ubuntu-it,2013-09-12,False,14,126
#ubuntu-it,2013-09-12,False,15,119
#ubuntu-it,2013-09-12,False,16,67
#ubuntu-it,2013-09-12,False,17,215
#ubuntu-it,2013-09-12,False,18,78
#ubuntu-it,2013-09-12,False,19,59
#ubuntu-it,2013-09-12,False,20,3
#ubuntu-it,2013-09-12,False,21,0
#ubuntu-it,2013-09-12,False,22,1
#ubuntu-it,2013-09-12,False,23,0
#ubuntu-it,2013-09-19,False,0,0
#ubuntu-it,2013-09-19,False,1,0
#ubuntu-it,2013-09-19,False,2,4
#ubuntu-it,2013-09-19,False,3,0
#ubuntu-it,2013-09-19,False,4,0
#ubuntu-it,2013-09-19,False,5,0
#ubuntu-it,2013-09-19,False,6,3
#ubuntu-it,2013-09-19,False,7,24
#ubuntu-it,2013-09-19,False,8,37
#ubuntu-it,2013-09-19,False,9,34
#ubuntu-it,2013-09-19,False,10,81
#ubuntu-it,2013-09-19,False,11,16
#ubuntu-it,2013-09-19,False,12,146
#ubuntu-it,2013-09-19,False,13,101
#ubuntu-it,2013-09-19,False,14,62
#ubuntu-it,2013-09-19,False,15,1
#ubuntu-it,2013-09-19,False,16,8
#ubuntu-it,2013-09-19,False,17,13
#ubuntu-it,2013-09-19,False,18,6
#ubuntu-it,2013-09-19,False,19,53
#ubuntu-it,2013-09-19,False,20,53
#ubuntu-it,2013-09-19,False,21,0
#ubuntu-it,2013-09-19,False,22,0
#ubuntu-it,2013-09-19,False,23,0
#ubuntu-it,2013-09-26,False,0,0
#ubuntu-it,2013-09-26,False,1,0
#ubuntu-it,2013-09-26,False,2,0
#ubuntu-it,2013-09-26,False,3,0
#ubuntu-it,2013-09-26,False,4,0
#ubuntu-it,2013-09-26,False,5,1
#ubuntu-it,2013-09-26,False,6,22
#ubuntu-it,2013-09-26,False,7,12
#ubuntu-it,2013-09-26,False,8,7
#ubuntu-it,2013-09-26,False,9,68
#ubuntu-it,2013-09-26,False,10,130
#ubuntu-it,2013-09-26,False,11,3
#ubuntu-it,2013-09-26,False,12,21
#ubuntu-it,2013-09-26,False,13,30
#ubuntu-it,2013-09-26,False,14,14
#ubuntu-it,2013-09-26,False,15,38
#ubuntu-it,2013-09-26,False,16,54
#ubuntu-it,2013-09-26,False,17,70
#ubuntu-it,2013-09-26,False,18,52
#ubuntu-it,2013-09-26,False,19,11
#ubuntu-it,2013-09-26,False,20,9
#ubuntu-it,2013-09-26,False,21,4
#ubuntu-it,2013-09-26,False,22,0
#ubuntu-it,2013-09-26,False,23,0
#ubuntu-it,2013-10-03,False,0,0
#ubuntu-it,2013-10-03,False,1,0
#ubuntu-it,2013-10-03,False,2,0
#ubuntu-it,2013-10-03,False,3,0
#ubuntu-it,2013-10-03,False,4,0
#ubuntu-it,2013-10-03,False,5,0
#ubuntu-it,2013-10-03,False,6,2
#ubuntu-it,2013-10-03,False,7,26
#ubuntu-it,2013-10-03,False,8,20
#ubuntu-it,2013-10-03,False,9,20
#ubuntu-it,2013-10-03,False,10,62
#ubuntu-it,2013-10-03,False,11,0
#ubuntu-it,2013-10-03,False,12,7
#ubuntu-it,2013-10-03,False,13,36
#ubuntu-it,2013-10-03,False,14,17
#ubuntu-it,2013-10-03,False,15,21
#ubuntu-it,2013-10-03,False,16,16
#ubuntu-it,2013-10-03,False,17,99
#ubuntu-it,2013-10-03,False,18,91
#ubuntu-it,2013-10-03,False,19,151
#ubuntu-it,2013-10-03,False,20,35
#ubuntu-it,2013-10-03,False,21,39
#ubuntu-it,2013-10-03,False,22,5
#ubuntu-it,2013-10-03,False,23,1
#ubuntu-it,2013-10-10,False,0,0
#ubuntu-it,2013-10-10,False,1,0
#ubuntu-it,2013-10-10,False,2,0
#ubuntu-it,2013-10-10,False,3,0
#ubuntu-it,2013-10-10,False,4,0
#ubuntu-it,2013-10-10,False,5,0
#ubuntu-it,2013-10-10,False,6,3
#ubuntu-it,2013-10-10,False,7,2
#ubuntu-it,2013-10-10,False,8,54
#ubuntu-it,2013-10-10,False,9,62
#ubuntu-it,2013-10-10,False,10,1
#ubuntu-it,2013-10-10,False,11,192
#ubuntu-it,2013-10-10,False,12,236
#ubuntu-it,2013-10-10,False,13,194
#ubuntu-it,2013-10-10,False,14,60
#ubuntu-it,2013-10-10,False,15,29
#ubuntu-it,2013-10-10,False,16,65
#ubuntu-it,2013-10-10,False,17,41
#ubuntu-it,2013-10-10,False,18,7
#ubuntu-it,2013-10-10,False,19,16
#ubuntu-it,2013-10-10,False,20,93
#ubuntu-it,2013-10-10,False,21,49
#ubuntu-it,2013-10-10,False,22,2
#ubuntu-it,2013-10-10,False,23,2
#ubuntu-it,2013-10-17,True,0,0
#ubuntu-it,2013-10-17,True,1,0
#ubuntu-it,2013-10-17,True,2,0
#ubuntu-it,2013-10-17,True,3,0
#ubuntu-it,2013-10-17,True,4,0
#ubuntu-it,2013-10-17,True,5,0
#ubuntu-it,2013-10-17,True,6,0
#ubuntu-it,2013-10-17,True,7,2
#ubuntu-it,2013-10-17,True,8,19
#ubuntu-it,2013-10-17,True,9,115
#ubuntu-it,2013-10-17,True,10,25
#ubuntu-it,2013-10-17,True,11,4
#ubuntu-it,2013-10-17,True,12,34
#ubuntu-it,2013-10-17,True,13,8
#ubuntu-it,2013-10-17,True,14,1
#ubuntu-it,2013-10-17,True,15,20
#ubuntu-it,2013-10-17,True,16,33
#ubuntu-it,2013-10-17,True,17,22
#ubuntu-it,2013-10-17,True,18,74
#ubuntu-it,2013-10-17,True,19,66
#ubuntu-it,2013-10-17,True,20,155
#ubuntu-it,2013-10-17,True,21,50
#ubuntu-it,2013-10-17,True,22,2
#ubuntu-it,2013-10-17,True,23,5
#ubuntu-it,2013-10-24,False,0,0
#ubuntu-it,2013-10-24,False,1,0
#ubuntu-it,2013-10-24,False,2,0
#ubuntu-it,2013-10-24,False,3,0
#ubuntu-it,2013-10-24,False,4,0
#ubuntu-it,2013-10-24,False,5,2
#ubuntu-it,2013-10-24,False,6,4
#ubuntu-it,2013-10-24,False,7,49
#ubuntu-it,2013-10-24,False,8,134
#ubuntu-it,2013-10-24,False,9,77
#ubuntu-it,2013-10-24,False,10,55
#ubuntu-it,2013-10-24,False,11,127
#ubuntu-it,2013-10-24,False,12,108
#ubuntu-it,2013-10-24,False,13,3
#ubuntu-it,2013-10-24,False,14,26
#ubuntu-it,2013-10-24,False,15,55
#ubuntu-it,2013-10-24,False,16,53
#ubuntu-it,2013-10-24,False,17,118
#ubuntu-it,2013-10-24,False,18,208
#ubuntu-it,2013-10-24,False,19,82
#ubuntu-it,2013-10-24,False,20,18
#ubuntu-it,2013-10-24,False,21,17
#ubuntu-it,2013-10-24,False,22,1
#ubuntu-it,2013-10-24,False,23,2
#ubuntu-it,2013-10-31,False,0,0
#ubuntu-it,2013-10-31,False,1,0
#ubuntu-it,2013-10-31,False,2,28
#ubuntu-it,2013-10-31,False,3,0
#ubuntu-it,2013-10-31,False,4,0
#ubuntu-it,2013-10-31,False,5,1
#ubuntu-it,2013-10-31,False,6,0
#ubuntu-it,2013-10-31,False,7,4
#ubuntu-it,2013-10-31,False,8,7
#ubuntu-it,2013-10-31,False,9,85
#ubuntu-it,2013-10-31,False,10,81
#ubuntu-it,2013-10-31,False,11,60
#ubuntu-it,2013-10-31,False,12,39
#ubuntu-it,2013-10-31,False,13,90
#ubuntu-it,2013-10-31,False,14,53
#ubuntu-it,2013-10-31,False,15,68
#ubuntu-it,2013-10-31,False,16,16
#ubuntu-it,2013-10-31,False,17,73
#ubuntu-it,2013-10-31,False,18,58
#ubuntu-it,2013-10-31,False,19,41
#ubuntu-it,2013-10-31,False,20,7
#ubuntu-it,2013-10-31,False,21,3
#ubuntu-it,2013-10-31,False,22,81
#ubuntu-it,2013-10-31,False,23,8
#ubuntu-it,2013-11-07,False,0,38
#ubuntu-it,2013-11-07,False,1,2
#ubuntu-it,2013-11-07,False,2,0
#ubuntu-it,2013-11-07,False,3,0
#ubuntu-it,2013-11-07,False,4,0
#ubuntu-it,2013-11-07,False,5,0
#ubuntu-it,2013-11-07,False,6,1
#ubuntu-it,2013-11-07,False,7,1
#ubuntu-it,2013-11-07,False,8,64
#ubuntu-it,2013-11-07,False,9,26
#ubuntu-it,2013-11-07,False,10,71
#ubuntu-it,2013-11-07,False,11,117
#ubuntu-it,2013-11-07,False,12,8
#ubuntu-it,2013-11-07,False,13,0
#ubuntu-it,2013-11-07,False,14,32
#ubuntu-it,2013-11-07,False,15,2
#ubuntu-it,2013-11-07,False,16,83
#ubuntu-it,2013-11-07,False,17,175
#ubuntu-it,2013-11-07,False,18,100
#ubuntu-it,2013-11-07,False,19,155
#ubuntu-it,2013-11-07,False,20,91
#ubuntu-it,2013-11-07,False,21,98
#ubuntu-it,2013-11-07,False,22,144
#ubuntu-it,2013-11-07,False,23,62
#ubuntu-it,2013-11-14,False,0,7
#ubuntu-it,2013-11-14,False,1,75
#ubuntu-it,2013-11-14,False,2,0
#ubuntu-it,2013-11-14,False,3,0
#ubuntu-it,2013-11-14,False,4,0
#ubuntu-it,2013-11-14,False,5,0
#ubuntu-it,2013-11-14,False,6,0
#ubuntu-it,2013-11-14,False,7,1
#ubuntu-it,2013-11-14,False,8,21
#ubuntu-it,2013-11-14,False,9,46
#ubuntu-it,2013-11-14,False,10,26
#ubuntu-it,2013-11-14,False,11,94
#ubuntu-it,2013-11-14,False,12,128
#ubuntu-it,2013-11-14,False,13,106
#ubuntu-it,2013-11-14,False,14,11
#ubuntu-it,2013-11-14,False,15,24
#ubuntu-it,2013-11-14,False,16,86
#ubuntu-it,2013-11-14,False,17,72
#ubuntu-it,2013-11-14,False,18,6
#ubuntu-it,2013-11-14,False,19,36
#ubuntu-it,2013-11-14,False,20,139
#ubuntu-it,2013-11-14,False,21,92
#ubuntu-it,2013-11-14,False,22,62
#ubuntu-it,2013-11-14,False,23,0
#ubuntu-it,2013-11-21,False,0,169
#ubuntu-it,2013-11-21,False,1,1
#ubuntu-it,2013-11-21,False,2,0
#ubuntu-it,2013-11-21,False,3,0
#ubuntu-it,2013-11-21,False,4,0
#ubuntu-it,2013-11-21,False,5,0
#ubuntu-it,2013-11-21,False,6,1
#ubuntu-it,2013-11-21,False,7,0
#ubuntu-it,2013-11-21,False,8,2
#ubuntu-it,2013-11-21,False,9,71
#ubuntu-it,2013-11-21,False,10,137
#ubuntu-it,2013-11-21,False,11,3
#ubuntu-it,2013-11-21,False,12,55
#ubuntu-it,2013-11-21,False,13,31
#ubuntu-it,2013-11-21,False,14,26
#ubuntu-it,2013-11-21,False,15,81
#ubuntu-it,2013-11-21,False,16,48
#ubuntu-it,2013-11-21,False,17,95
#ubuntu-it,2013-11-21,False,18,1
#ubuntu-it,2013-11-21,False,19,9
#ubuntu-it,2013-11-21,False,20,18
#ubuntu-it,2013-11-21,False,21,67
#ubuntu-it,2013-11-21,False,22,80
#ubuntu-it,2013-11-21,False,23,179
#ubuntu-it,2013-11-28,False,0,0
#ubuntu-it,2013-11-28,False,1,0
#ubuntu-it,2013-11-28,False,2,0
#ubuntu-it,2013-11-28,False,3,0
#ubuntu-it,2013-11-28,False,4,0
#ubuntu-it,2013-11-28,False,5,0
#ubuntu-it,2013-11-28,False,6,0
#ubuntu-it,2013-11-28,False,7,0
#ubuntu-it,2013-11-28,False,8,1
#ubuntu-it,2013-11-28,False,9,3
#ubuntu-it,2013-11-28,False,10,84
#ubuntu-it,2013-11-28,False,11,31
#ubuntu-it,2013-11-28,False,12,1
#ubuntu-it,2013-11-28,False,13,22
#ubuntu-it,2013-11-28,False,14,69
#ubuntu-it,2013-11-28,False,15,10
#ubuntu-it,2013-11-28,False,16,1
#ubuntu-it,2013-11-28,False,17,15
#ubuntu-it,2013-11-28,False,18,71
#ubuntu-it,2013-11-28,False,19,77
#ubuntu-it,2013-11-28,False,20,94
#ubuntu-it,2013-11-28,False,21,28
#ubuntu-it,2013-11-28,False,22,0
#ubuntu-it,2013-11-28,False,23,5
#ubuntu-it,2013-12-05,False,0,1
#ubuntu-it,2013-12-05,False,1,1
#ubuntu-it,2013-12-05,False,2,0
#ubuntu-it,2013-12-05,False,3,0
#ubuntu-it,2013-12-05,False,4,0
#ubuntu-it,2013-12-05,False,5,0
#ubuntu-it,2013-12-05,False,6,0
#ubuntu-it,2013-12-05,False,7,1
#ubuntu-it,2013-12-05,False,8,2
#ubuntu-it,2013-12-05,False,9,69
#ubuntu-it,2013-12-05,False,10,120
#ubuntu-it,2013-12-05,False,11,28
#ubuntu-it,2013-12-05,False,12,32
#ubuntu-it,2013-12-05,False,13,2
#ubuntu-it,2013-12-05,False,14,97
#ubuntu-it,2013-12-05,False,15,108
#ubuntu-it,2013-12-05,False,16,16
#ubuntu-it,2013-12-05,False,17,67
#ubuntu-it,2013-12-05,False,18,98
#ubuntu-it,2013-12-05,False,19,10
#ubuntu-it,2013-12-05,False,20,10
#ubuntu-it,2013-12-05,False,21,0
#ubuntu-it,2013-12-05,False,22,53
#ubuntu-it,2013-12-05,False,23,35
#ubuntu-it,2013-12-12,False,0,113
#ubuntu-it,2013-12-12,False,1,23
#ubuntu-it,2013-12-12,False,2,0
#ubuntu-it,2013-12-12,False,3,0
#ubuntu-it,2013-12-12,False,4,0
#ubuntu-it,2013-12-12,False,5,0
#ubuntu-it,2013-12-12,False,6,1
#ubuntu-it,2013-12-12,False,7,0
#ubuntu-it,2013-12-12,False,8,21
#ubuntu-it,2013-12-12,False,9,1
#ubuntu-it,2013-12-12,False,10,96
#ubuntu-it,2013-12-12,False,11,171
#ubuntu-it,2013-12-12,False,12,92
#ubuntu-it,2013-12-12,False,13,0
#ubuntu-it,2013-12-12,False,14,34
#ubuntu-it,2013-12-12,False,15,45
#ubuntu-it,2013-12-12,False,16,1
#ubuntu-it,2013-12-12,False,17,16
#ubuntu-it,2013-12-12,False,18,18
#ubuntu-it,2013-12-12,False,19,12
#ubuntu-it,2013-12-12,False,20,23
#ubuntu-it,2013-12-12,False,21,27
#ubuntu-it,2013-12-12,False,22,12
#ubuntu-it,2013-12-12,False,23,1
#ubuntu-it,2013-12-19,False,0,6
#ubuntu-it,2013-12-19,False,1,0
#ubuntu-it,2013-12-19,False,2,0
#ubuntu-it,2013-12-19,False,3,0
#ubuntu-it,2013-12-19,False,4,0
#ubuntu-it,2013-12-19,False,5,0
#ubuntu-it,2013-12-19,False,6,1
#ubuntu-it,2013-12-19,False,7,0
#ubuntu-it,2013-12-19,False,8,1
#ubuntu-it,2013-12-19,False,9,0
#ubuntu-it,2013-12-19,False,10,25
#ubuntu-it,2013-12-19,False,11,0
#ubuntu-it,2013-12-19,False,12,1
#ubuntu-it,2013-12-19,False,13,0
#ubuntu-it,2013-12-19,False,14,3
#ubuntu-it,2013-12-19,False,15,5
#ubuntu-it,2013-12-19,False,16,30
#ubuntu-it,2013-12-19,False,17,51
#ubuntu-it,2013-12-19,False,18,111
#ubuntu-it,2013-12-19,False,19,31
#ubuntu-it,2013-12-19,False,20,2
#ubuntu-it,2013-12-19,False,21,7
#ubuntu-it,2013-12-19,False,22,11
#ubuntu-it,2013-12-19,False,23,0
#ubuntu-it,2013-12-26,False,0,1
#ubuntu-it,2013-12-26,False,1,0
#ubuntu-it,2013-12-26,False,2,0
#ubuntu-it,2013-12-26,False,3,0
#ubuntu-it,2013-12-26,False,4,0
#ubuntu-it,2013-12-26,False,5,0
#ubuntu-it,2013-12-26,False,6,0
#ubuntu-it,2013-12-26,False,7,0
#ubuntu-it,2013-12-26,False,8,0
#ubuntu-it,2013-12-26,False,9,2
#ubuntu-it,2013-12-26,False,10,1
#ubuntu-it,2013-12-26,False,11,2
#ubuntu-it,2013-12-26,False,12,0
#ubuntu-it,2013-12-26,False,13,43
#ubuntu-it,2013-12-26,False,14,15
#ubuntu-it,2013-12-26,False,15,41
#ubuntu-it,2013-12-26,False,16,37
#ubuntu-it,2013-12-26,False,17,15
#ubuntu-it,2013-12-26,False,18,70
#ubuntu-it,2013-12-26,False,19,121
#ubuntu-it,2013-12-26,False,20,59
#ubuntu-it,2013-12-26,False,21,173
#ubuntu-it,2013-12-26,False,22,42
#ubuntu-it,2013-12-26,False,23,0
#ubuntu-it,2014-01-02,False,0,0
#ubuntu-it,2014-01-02,False,1,0
#ubuntu-it,2014-01-02,False,2,0
#ubuntu-it,2014-01-02,False,3,0
#ubuntu-it,2014-01-02,False,4,0
#ubuntu-it,2014-01-02,False,5,0
#ubuntu-it,2014-01-02,False,6,0
#ubuntu-it,2014-01-02,False,7,2
#ubuntu-it,2014-01-02,False,8,67
#ubuntu-it,2014-01-02,False,9,127
#ubuntu-it,2014-01-02,False,10,101
#ubuntu-it,2014-01-02,False,11,31
#ubuntu-it,2014-01-02,False,12,61
#ubuntu-it,2014-01-02,False,13,119
#ubuntu-it,2014-01-02,False,14,39
#ubuntu-it,2014-01-02,False,15,7
#ubuntu-it,2014-01-02,False,16,176
#ubuntu-it,2014-01-02,False,17,124
#ubuntu-it,2014-01-02,False,18,67
#ubuntu-it,2014-01-02,False,19,16
#ubuntu-it,2014-01-02,False,20,47
#ubuntu-it,2014-01-02,False,21,1
#ubuntu-it,2014-01-02,False,22,18
#ubuntu-it,2014-01-02,False,23,43
#ubuntu-it,2014-01-09,False,0,17
#ubuntu-it,2014-01-09,False,1,0
#ubuntu-it,2014-01-09,False,2,0
#ubuntu-it,2014-01-09,False,3,0
#ubuntu-it,2014-01-09,False,4,0
#ubuntu-it,2014-01-09,False,5,0
#ubuntu-it,2014-01-09,False,6,1
#ubuntu-it,2014-01-09,False,7,2
#ubuntu-it,2014-01-09,False,8,0
#ubuntu-it,2014-01-09,False,9,2
#ubuntu-it,2014-01-09,False,10,47
#ubuntu-it,2014-01-09,False,11,14
#ubuntu-it,2014-01-09,False,12,44
#ubuntu-it,2014-01-09,False,13,62
#ubuntu-it,2014-01-09,False,14,1
#ubuntu-it,2014-01-09,False,15,0
#ubuntu-it,2014-01-09,False,16,26
#ubuntu-it,2014-01-09,False,17,24
#ubuntu-it,2014-01-09,False,18,0
#ubuntu-it,2014-01-09,False,19,17
#ubuntu-it,2014-01-09,False,20,123
#ubuntu-it,2014-01-09,False,21,16
#ubuntu-it,2014-01-09,False,22,0
#ubuntu-it,2014-01-09,False,23,2
#ubuntu-it,2014-01-16,False,0,45
#ubuntu-it,2014-01-16,False,1,118
#ubuntu-it,2014-01-16,False,2,19
#ubuntu-it,2014-01-16,False,3,0
#ubuntu-it,2014-01-16,False,4,0
#ubuntu-it,2014-01-16,False,5,0
#ubuntu-it,2014-01-16,False,6,1
#ubuntu-it,2014-01-16,False,7,1
#ubuntu-it,2014-01-16,False,8,2
#ubuntu-it,2014-01-16,False,9,26
#ubuntu-it,2014-01-16,False,10,45
#ubuntu-it,2014-01-16,False,11,58
#ubuntu-it,2014-01-16,False,12,13
#ubuntu-it,2014-01-16,False,13,8
#ubuntu-it,2014-01-16,False,14,87
#ubuntu-it,2014-01-16,False,15,117
#ubuntu-it,2014-01-16,False,16,104
#ubuntu-it,2014-01-16,False,17,32
#ubuntu-it,2014-01-16,False,18,1
#ubuntu-it,2014-01-16,False,19,21
#ubuntu-it,2014-01-16,False,20,6
#ubuntu-it,2014-01-16,False,21,121
#ubuntu-it,2014-01-16,False,22,16
#ubuntu-it,2014-01-16,False,23,10
#ubuntu-it,2014-01-23,False,0,0
#ubuntu-it,2014-01-23,False,1,0
#ubuntu-it,2014-01-23,False,2,0
#ubuntu-it,2014-01-23,False,3,0
#ubuntu-it,2014-01-23,False,4,0
#ubuntu-it,2014-01-23,False,5,0
#ubuntu-it,2014-01-23,False,6,0
#ubuntu-it,2014-01-23,False,7,13
#ubuntu-it,2014-01-23,False,8,30
#ubuntu-it,2014-01-23,False,9,12
#ubuntu-it,2014-01-23,False,10,69
#ubuntu-it,2014-01-23,False,11,56
#ubuntu-it,2014-01-23,False,12,0
#ubuntu-it,2014-01-23,False,13,1
#ubuntu-it,2014-01-23,False,14,8
#ubuntu-it,2014-01-23,False,15,51
#ubuntu-it,2014-01-23,False,16,4
#ubuntu-it,2014-01-23,False,17,77
#ubuntu-it,2014-01-23,False,18,93
#ubuntu-it,2014-01-23,False,19,166
#ubuntu-it,2014-01-23,False,20,59
#ubuntu-it,2014-01-23,False,21,136
#ubuntu-it,2014-01-23,False,22,11
#ubuntu-it,2014-01-23,False,23,4
#ubuntu-it,2014-01-30,False,0,16
#ubuntu-it,2014-01-30,False,1,2
#ubuntu-it,2014-01-30,False,2,0
#ubuntu-it,2014-01-30,False,3,0
#ubuntu-it,2014-01-30,False,4,0
#ubuntu-it,2014-01-30,False,5,0
#ubuntu-it,2014-01-30,False,6,0
#ubuntu-it,2014-01-30,False,7,16
#ubuntu-it,2014-01-30,False,8,13
#ubuntu-it,2014-01-30,False,9,0
#ubuntu-it,2014-01-30,False,10,40
#ubuntu-it,2014-01-30,False,11,57
#ubuntu-it,2014-01-30,False,12,58
#ubuntu-it,2014-01-30,False,13,69
#ubuntu-it,2014-01-30,False,14,16
#ubuntu-it,2014-01-30,False,15,32
#ubuntu-it,2014-01-30,False,16,28
#ubuntu-it,2014-01-30,False,17,80
#ubuntu-it,2014-01-30,False,18,37
#ubuntu-it,2014-01-30,False,19,1
#ubuntu-it,2014-01-30,False,20,4
#ubuntu-it,2014-01-30,False,21,14
#ubuntu-it,2014-01-30,False,22,50
#ubuntu-it,2014-01-30,False,23,0
#ubuntu-it,2014-02-06,False,0,31
#ubuntu-it,2014-02-06,False,1,0
#ubuntu-it,2014-02-06,False,2,0
#ubuntu-it,2014-02-06,False,3,0
#ubuntu-it,2014-02-06,False,4,0
#ubuntu-it,2014-02-06,False,5,0
#ubuntu-it,2014-02-06,False,6,1
#ubuntu-it,2014-02-06,False,7,0
#ubuntu-it,2014-02-06,False,8,5
#ubuntu-it,2014-02-06,False,9,15
#ubuntu-it,2014-02-06,False,10,62
#ubuntu-it,2014-02-06,False,11,1
#ubuntu-it,2014-02-06,False,12,0
#ubuntu-it,2014-02-06,False,13,0
#ubuntu-it,2014-02-06,False,14,1
#ubuntu-it,2014-02-06,False,15,22
#ubuntu-it,2014-02-06,False,16,0
#ubuntu-it,2014-02-06,False,17,2
#ubuntu-it,2014-02-06,False,18,12
#ubuntu-it,2014-02-06,False,19,3
#ubuntu-it,2014-02-06,False,20,94
#ubuntu-it,2014-02-06,False,21,90
#ubuntu-it,2014-02-06,False,22,161
#ubuntu-it,2014-02-06,False,23,150
#ubuntu-it,2014-02-13,False,0,0
#ubuntu-it,2014-02-13,False,1,0
#ubuntu-it,2014-02-13,False,2,0
#ubuntu-it,2014-02-13,False,3,0
#ubuntu-it,2014-02-13,False,4,0
#ubuntu-it,2014-02-13,False,5,0
#ubuntu-it,2014-02-13,False,6,1
#ubuntu-it,2014-02-13,False,7,0
#ubuntu-it,2014-02-13,False,8,8
#ubuntu-it,2014-02-13,False,9,6
#ubuntu-it,2014-02-13,False,10,73
#ubuntu-it,2014-02-13,False,11,54
#ubuntu-it,2014-02-13,False,12,21
#ubuntu-it,2014-02-13,False,13,5
#ubuntu-it,2014-02-13,False,14,93
#ubuntu-it,2014-02-13,False,15,151
#ubuntu-it,2014-02-13,False,16,91
#ubuntu-it,2014-02-13,False,17,160
#ubuntu-it,2014-02-13,False,18,79
#ubuntu-it,2014-02-13,False,19,44
#ubuntu-it,2014-02-13,False,20,139
#ubuntu-it,2014-02-13,False,21,62
#ubuntu-it,2014-02-13,False,22,28
#ubuntu-it,2014-02-13,False,23,0
#ubuntu-it,2014-02-20,False,0,0
#ubuntu-it,2014-02-20,False,1,4
#ubuntu-it,2014-02-20,False,2,0
#ubuntu-it,2014-02-20,False,3,0
#ubuntu-it,2014-02-20,False,4,0
#ubuntu-it,2014-02-20,False,5,0
#ubuntu-it,2014-02-20,False,6,0
#ubuntu-it,2014-02-20,False,7,1
#ubuntu-it,2014-02-20,False,8,38
#ubuntu-it,2014-02-20,False,9,129
#ubuntu-it,2014-02-20,False,10,55
#ubuntu-it,2014-02-20,False,11,14
#ubuntu-it,2014-02-20,False,12,12
#ubuntu-it,2014-02-20,False,13,47
#ubuntu-it,2014-02-20,False,14,148
#ubuntu-it,2014-02-20,False,15,78
#ubuntu-it,2014-02-20,False,16,0
#ubuntu-it,2014-02-20,False,17,161
#ubuntu-it,2014-02-20,False,18,83
#ubuntu-it,2014-02-20,False,19,49
#ubuntu-it,2014-02-20,False,20,185
#ubuntu-it,2014-02-20,False,21,57
#ubuntu-it,2014-02-20,False,22,70
#ubuntu-it,2014-02-20,False,23,225
#ubuntu-it,2014-02-27,False,0,1
#ubuntu-it,2014-02-27,False,1,0
#ubuntu-it,2014-02-27,False,2,0
#ubuntu-it,2014-02-27,False,3,0
#ubuntu-it,2014-02-27,False,4,0
#ubuntu-it,2014-02-27,False,5,0
#ubuntu-it,2014-02-27,False,6,1
#ubuntu-it,2014-02-27,False,7,0
#ubuntu-it,2014-02-27,False,8,11
#ubuntu-it,2014-02-27,False,9,0
#ubuntu-it,2014-02-27,False,10,27
#ubuntu-it,2014-02-27,False,11,124
#ubuntu-it,2014-02-27,False,12,84
#ubuntu-it,2014-02-27,False,13,0
#ubuntu-it,2014-02-27,False,14,9
#ubuntu-it,2014-02-27,False,15,40
#ubuntu-it,2014-02-27,False,16,13
#ubuntu-it,2014-02-27,False,17,0
#ubuntu-it,2014-02-27,False,18,17
#ubuntu-it,2014-02-27,False,19,42
#ubuntu-it,2014-02-27,False,20,7
#ubuntu-it,2014-02-27,False,21,81
#ubuntu-it,2014-02-27,False,22,0
#ubuntu-it,2014-02-27,False,23,0
#ubuntu-it,2014-03-06,False,0,0
#ubuntu-it,2014-03-06,False,1,0
#ubuntu-it,2014-03-06,False,2,0
#ubuntu-it,2014-03-06,False,3,0
#ubuntu-it,2014-03-06,False,4,0
#ubuntu-it,2014-03-06,False,5,0
#ubuntu-it,2014-03-06,False,6,1
#ubuntu-it,2014-03-06,False,7,0
#ubuntu-it,2014-03-06,False,8,2
#ubuntu-it,2014-03-06,False,9,44
#ubuntu-it,2014-03-06,False,10,122
#ubuntu-it,2014-03-06,False,11,153
#ubuntu-it,2014-03-06,False,12,132
#ubuntu-it,2014-03-06,False,13,42
#ubuntu-it,2014-03-06,False,14,13
#ubuntu-it,2014-03-06,False,15,35
#ubuntu-it,2014-03-06,False,16,64
#ubuntu-it,2014-03-06,False,17,129
#ubuntu-it,2014-03-06,False,18,225
#ubuntu-it,2014-03-06,False,19,242
#ubuntu-it,2014-03-06,False,20,30
#ubuntu-it,2014-03-06,False,21,15
#ubuntu-it,2014-03-06,False,22,5
#ubuntu-it,2014-03-06,False,23,0
#ubuntu-it,2014-03-13,False,0,0
#ubuntu-it,2014-03-13,False,1,0
#ubuntu-it,2014-03-13,False,2,0
#ubuntu-it,2014-03-13,False,3,0
#ubuntu-it,2014-03-13,False,4,0
#ubuntu-it,2014-03-13,False,5,0
#ubuntu-it,2014-03-13,False,6,3
#ubuntu-it,2014-03-13,False,7,9
#ubuntu-it,2014-03-13,False,8,1
#ubuntu-it,2014-03-13,False,9,1
#ubuntu-it,2014-03-13,False,10,8
#ubuntu-it,2014-03-13,False,11,43
#ubuntu-it,2014-03-13,False,12,105
#ubuntu-it,2014-03-13,False,13,55
#ubuntu-it,2014-03-13,False,14,36
#ubuntu-it,2014-03-13,False,15,160
#ubuntu-it,2014-03-13,False,16,96
#ubuntu-it,2014-03-13,False,17,148
#ubuntu-it,2014-03-13,False,18,118
#ubuntu-it,2014-03-13,False,19,61
#ubuntu-it,2014-03-13,False,20,128
#ubuntu-it,2014-03-13,False,21,141
#ubuntu-it,2014-03-13,False,22,56
#ubuntu-it,2014-03-13,False,23,155
#ubuntu-it,2014-03-20,False,0,9
#ubuntu-it,2014-03-20,False,1,1
#ubuntu-it,2014-03-20,False,2,0
#ubuntu-it,2014-03-20,False,3,0
#ubuntu-it,2014-03-20,False,4,0
#ubuntu-it,2014-03-20,False,5,0
#ubuntu-it,2014-03-20,False,6,1
#ubuntu-it,2014-03-20,False,7,1
#ubuntu-it,2014-03-20,False,8,0
#ubuntu-it,2014-03-20,False,9,0
#ubuntu-it,2014-03-20,False,10,0
#ubuntu-it,2014-03-20,False,11,8
#ubuntu-it,2014-03-20,False,12,4
#ubuntu-it,2014-03-20,False,13,23
#ubuntu-it,2014-03-20,False,14,0
#ubuntu-it,2014-03-20,False,15,20
#ubuntu-it,2014-03-20,False,16,35
#ubuntu-it,2014-03-20,False,17,2
#ubuntu-it,2014-03-20,False,18,18
#ubuntu-it,2014-03-20,False,19,10
#ubuntu-it,2014-03-20,False,20,33
#ubuntu-it,2014-03-20,False,21,12
#ubuntu-it,2014-03-20,False,22,1
#ubuntu-it,2014-03-20,False,23,1
#ubuntu-it,2014-03-27,False,0,0
#ubuntu-it,2014-03-27,False,1,0
#ubuntu-it,2014-03-27,False,2,0
#ubuntu-it,2014-03-27,False,3,0
#ubuntu-it,2014-03-27,False,4,0
#ubuntu-it,2014-03-27,False,5,0
#ubuntu-it,2014-03-27,False,6,0
#ubuntu-it,2014-03-27,False,7,1
#ubuntu-it,2014-03-27,False,8,20
#ubuntu-it,2014-03-27,False,9,29
#ubuntu-it,2014-03-27,False,10,12
#ubuntu-it,2014-03-27,False,11,91
#ubuntu-it,2014-03-27,False,12,75
#ubuntu-it,2014-03-27,False,13,0
#ubuntu-it,2014-03-27,False,14,8
#ubuntu-it,2014-03-27,False,15,56
#ubuntu-it,2014-03-27,False,16,104
#ubuntu-it,2014-03-27,False,17,12
#ubuntu-it,2014-03-27,False,18,0
#ubuntu-it,2014-03-27,False,19,5
#ubuntu-it,2014-03-27,False,20,1
#ubuntu-it,2014-03-27,False,21,34
#ubuntu-it,2014-03-27,False,22,20
#ubuntu-it,2014-03-27,False,23,0
#ubuntu-it,2014-04-03,False,0,6
#ubuntu-it,2014-04-03,False,1,0
#ubuntu-it,2014-04-03,False,2,0
#ubuntu-it,2014-04-03,False,3,0
#ubuntu-it,2014-04-03,False,4,0
#ubuntu-it,2014-04-03,False,5,1
#ubuntu-it,2014-04-03,False,6,0
#ubuntu-it,2014-04-03,False,7,15
#ubuntu-it,2014-04-03,False,8,53
#ubuntu-it,2014-04-03,False,9,29
#ubuntu-it,2014-04-03,False,10,35
#ubuntu-it,2014-04-03,False,11,23
#ubuntu-it,2014-04-03,False,12,4
#ubuntu-it,2014-04-03,False,13,0
#ubuntu-it,2014-04-03,False,14,5
#ubuntu-it,2014-04-03,False,15,63
#ubuntu-it,2014-04-03,False,16,44
#ubuntu-it,2014-04-03,False,17,17
#ubuntu-it,2014-04-03,False,18,30
#ubuntu-it,2014-04-03,False,19,36
#ubuntu-it,2014-04-03,False,20,81
#ubuntu-it,2014-04-03,False,21,9
#ubuntu-it,2014-04-03,False,22,29
#ubuntu-it,2014-04-03,False,23,1
#ubuntu-it,2014-04-10,False,0,9
#ubuntu-it,2014-04-10,False,1,0
#ubuntu-it,2014-04-10,False,2,0
#ubuntu-it,2014-04-10,False,3,0
#ubuntu-it,2014-04-10,False,4,0
#ubuntu-it,2014-04-10,False,5,1
#ubuntu-it,2014-04-10,False,6,0
#ubuntu-it,2014-04-10,False,7,0
#ubuntu-it,2014-04-10,False,8,32
#ubuntu-it,2014-04-10,False,9,42
#ubuntu-it,2014-04-10,False,10,4
#ubuntu-it,2014-04-10,False,11,0
#ubuntu-it,2014-04-10,False,12,100
#ubuntu-it,2014-04-10,False,13,26
#ubuntu-it,2014-04-10,False,14,0
#ubuntu-it,2014-04-10,False,15,41
#ubuntu-it,2014-04-10,False,16,84
#ubuntu-it,2014-04-10,False,17,117
#ubuntu-it,2014-04-10,False,18,14
#ubuntu-it,2014-04-10,False,19,2
#ubuntu-it,2014-04-10,False,20,70
#ubuntu-it,2014-04-10,False,21,8
#ubuntu-it,2014-04-10,False,22,0
#ubuntu-it,2014-04-10,False,23,0
#ubuntu-it,2014-04-17,True,0,3
#ubuntu-it,2014-04-17,True,1,0
#ubuntu-it,2014-04-17,True,2,0
#ubuntu-it,2014-04-17,True,3,0
#ubuntu-it,2014-04-17,True,4,0
#ubuntu-it,2014-04-17,True,5,3
#ubuntu-it,2014-04-17,True,6,13
#ubuntu-it,2014-04-17,True,7,17
#ubuntu-it,2014-04-17,True,8,58
#ubuntu-it,2014-04-17,True,9,37
#ubuntu-it,2014-04-17,True,10,2
#ubuntu-it,2014-04-17,True,11,19
#ubuntu-it,2014-04-17,True,12,27
#ubuntu-it,2014-04-17,True,13,19
#ubuntu-it,2014-04-17,True,14,7
#ubuntu-it,2014-04-17,True,15,38
#ubuntu-it,2014-04-17,True,16,78
#ubuntu-it,2014-04-17,True,17,45
#ubuntu-it,2014-04-17,True,18,58
#ubuntu-it,2014-04-17,True,19,162
#ubuntu-it,2014-04-17,True,20,84
#ubuntu-it,2014-04-17,True,21,237
#ubuntu-it,2014-04-17,True,22,163
#ubuntu-it,2014-04-17,True,23,40
#ubuntu-it,2014-04-24,False,0,0
#ubuntu-it,2014-04-24,False,1,0
#ubuntu-it,2014-04-24,False,2,0
#ubuntu-it,2014-04-24,False,3,0
#ubuntu-it,2014-04-24,False,4,0
#ubuntu-it,2014-04-24,False,5,1
#ubuntu-it,2014-04-24,False,6,6
#ubuntu-it,2014-04-24,False,7,0
#ubuntu-it,2014-04-24,False,8,69
#ubuntu-it,2014-04-24,False,9,76
#ubuntu-it,2014-04-24,False,10,13
#ubuntu-it,2014-04-24,False,11,69
#ubuntu-it,2014-04-24,False,12,92
#ubuntu-it,2014-04-24,False,13,82
#ubuntu-it,2014-04-24,False,14,11
#ubuntu-it,2014-04-24,False,15,11
#ubuntu-it,2014-04-24,False,16,3
#ubuntu-it,2014-04-24,False,17,89
#ubuntu-it,2014-04-24,False,18,117
#ubuntu-it,2014-04-24,False,19,58
#ubuntu-it,2014-04-24,False,20,89
#ubuntu-it,2014-04-24,False,21,50
#ubuntu-it,2014-04-24,False,22,34
#ubuntu-it,2014-04-24,False,23,33
#ubuntu-it,2014-05-01,False,0,27
#ubuntu-it,2014-05-01,False,1,0
#ubuntu-it,2014-05-01,False,2,0
#ubuntu-it,2014-05-01,False,3,0
#ubuntu-it,2014-05-01,False,4,1
#ubuntu-it,2014-05-01,False,5,2
#ubuntu-it,2014-05-01,False,6,0
#ubuntu-it,2014-05-01,False,7,4
#ubuntu-it,2014-05-01,False,8,71
#ubuntu-it,2014-05-01,False,9,48
#ubuntu-it,2014-05-01,False,10,2
#ubuntu-it,2014-05-01,False,11,1
#ubuntu-it,2014-05-01,False,12,46
#ubuntu-it,2014-05-01,False,13,141
#ubuntu-it,2014-05-01,False,14,92
#ubuntu-it,2014-05-01,False,15,135
#ubuntu-it,2014-05-01,False,16,127
#ubuntu-it,2014-05-01,False,17,172
#ubuntu-it,2014-05-01,False,18,187
#ubuntu-it,2014-05-01,False,19,204
#ubuntu-it,2014-05-01,False,20,185
#ubuntu-it,2014-05-01,False,21,85
#ubuntu-it,2014-05-01,False,22,61
#ubuntu-it,2014-05-01,False,23,18
#ubuntu-it,2014-05-08,False,0,188
#ubuntu-it,2014-05-08,False,1,77
#ubuntu-it,2014-05-08,False,2,0
#ubuntu-it,2014-05-08,False,3,0
#ubuntu-it,2014-05-08,False,4,0
#ubuntu-it,2014-05-08,False,5,0
#ubuntu-it,2014-05-08,False,6,1
#ubuntu-it,2014-05-08,False,7,11
#ubuntu-it,2014-05-08,False,8,0
#ubuntu-it,2014-05-08,False,9,8
#ubuntu-it,2014-05-08,False,10,90
#ubuntu-it,2014-05-08,False,11,32
#ubuntu-it,2014-05-08,False,12,13
#ubuntu-it,2014-05-08,False,13,122
#ubuntu-it,2014-05-08,False,14,103
#ubuntu-it,2014-05-08,False,15,99
#ubuntu-it,2014-05-08,False,16,10
#ubuntu-it,2014-05-08,False,17,5
#ubuntu-it,2014-05-08,False,18,19
#ubuntu-it,2014-05-08,False,19,69
#ubuntu-it,2014-05-08,False,20,115
#ubuntu-it,2014-05-08,False,21,143
#ubuntu-it,2014-05-08,False,22,52
#ubuntu-it,2014-05-08,False,23,122
#ubuntu-it,2014-05-15,False,0,0
#ubuntu-it,2014-05-15,False,1,2
#ubuntu-it,2014-05-15,False,2,0
#ubuntu-it,2014-05-15,False,3,0
#ubuntu-it,2014-05-15,False,4,0
#ubuntu-it,2014-05-15,False,5,1
#ubuntu-it,2014-05-15,False,6,7
#ubuntu-it,2014-05-15,False,7,9
#ubuntu-it,2014-05-15,False,8,23
#ubuntu-it,2014-05-15,False,9,24
#ubuntu-it,2014-05-15,False,10,0
#ubuntu-it,2014-05-15,False,11,0
#ubuntu-it,2014-05-15,False,12,2
#ubuntu-it,2014-05-15,False,13,1
#ubuntu-it,2014-05-15,False,14,10
#ubuntu-it,2014-05-15,False,15,85
#ubuntu-it,2014-05-15,False,16,79
#ubuntu-it,2014-05-15,False,17,19
#ubuntu-it,2014-05-15,False,18,1
#ubuntu-it,2014-05-15,False,19,101
#ubuntu-it,2014-05-15,False,20,174
#ubuntu-it,2014-05-15,False,21,116
#ubuntu-it,2014-05-15,False,22,23
#ubuntu-it,2014-05-15,False,23,0
#ubuntu-it,2014-05-22,False,0,1
#ubuntu-it,2014-05-22,False,1,22
#ubuntu-it,2014-05-22,False,2,3
#ubuntu-it,2014-05-22,False,3,0
#ubuntu-it,2014-05-22,False,4,0
#ubuntu-it,2014-05-22,False,5,1
#ubuntu-it,2014-05-22,False,6,0
#ubuntu-it,2014-05-22,False,7,0
#ubuntu-it,2014-05-22,False,8,104
#ubuntu-it,2014-05-22,False,9,52
#ubuntu-it,2014-05-22,False,10,143
#ubuntu-it,2014-05-22,False,11,20
#ubuntu-it,2014-05-22,False,12,6
#ubuntu-it,2014-05-22,False,13,9
#ubuntu-it,2014-05-22,False,14,6
#ubuntu-it,2014-05-22,False,15,54
#ubuntu-it,2014-05-22,False,16,0
#ubuntu-it,2014-05-22,False,17,5
#ubuntu-it,2014-05-22,False,18,43
#ubuntu-it,2014-05-22,False,19,39
#ubuntu-it,2014-05-22,False,20,75
#ubuntu-it,2014-05-22,False,21,20
#ubuntu-it,2014-05-22,False,22,6
#ubuntu-it,2014-05-22,False,23,0
#ubuntu-it,2014-05-29,False,0,10
#ubuntu-it,2014-05-29,False,1,0
#ubuntu-it,2014-05-29,False,2,0
#ubuntu-it,2014-05-29,False,3,0
#ubuntu-it,2014-05-29,False,4,0
#ubuntu-it,2014-05-29,False,5,1
#ubuntu-it,2014-05-29,False,6,11
#ubuntu-it,2014-05-29,False,7,9
#ubuntu-it,2014-05-29,False,8,67
#ubuntu-it,2014-05-29,False,9,27
#ubuntu-it,2014-05-29,False,10,126
#ubuntu-it,2014-05-29,False,11,112
#ubuntu-it,2014-05-29,False,12,32
#ubuntu-it,2014-05-29,False,13,30
#ubuntu-it,2014-05-29,False,14,148
#ubuntu-it,2014-05-29,False,15,5
#ubuntu-it,2014-05-29,False,16,5
#ubuntu-it,2014-05-29,False,17,8
#ubuntu-it,2014-05-29,False,18,9
#ubuntu-it,2014-05-29,False,19,97
#ubuntu-it,2014-05-29,False,20,0
#ubuntu-it,2014-05-29,False,21,13
#ubuntu-it,2014-05-29,False,22,113
#ubuntu-it,2014-05-29,False,23,17
#ubuntu-it,2014-06-05,False,0,0
#ubuntu-it,2014-06-05,False,1,0
#ubuntu-it,2014-06-05,False,2,0
#ubuntu-it,2014-06-05,False,3,0
#ubuntu-it,2014-06-05,False,4,0
#ubuntu-it,2014-06-05,False,5,0
#ubuntu-it,2014-06-05,False,6,0
#ubuntu-it,2014-06-05,False,7,43
#ubuntu-it,2014-06-05,False,8,31
#ubuntu-it,2014-06-05,False,9,0
#ubuntu-it,2014-06-05,False,10,0
#ubuntu-it,2014-06-05,False,11,0
#ubuntu-it,2014-06-05,False,12,0
#ubuntu-it,2014-06-05,False,13,1
#ubuntu-it,2014-06-05,False,14,19
#ubuntu-it,2014-06-05,False,15,5
#ubuntu-it,2014-06-05,False,16,8
#ubuntu-it,2014-06-05,False,17,46
#ubuntu-it,2014-06-05,False,18,41
#ubuntu-it,2014-06-05,False,19,1
#ubuntu-it,2014-06-05,False,20,72
#ubuntu-it,2014-06-05,False,21,18
#ubuntu-it,2014-06-05,False,22,0
#ubuntu-it,2014-06-05,False,23,0
#ubuntu-it,2014-06-12,False,0,0
#ubuntu-it,2014-06-12,False,1,0
#ubuntu-it,2014-06-12,False,2,0
#ubuntu-it,2014-06-12,False,3,0
#ubuntu-it,2014-06-12,False,4,0
#ubuntu-it,2014-06-12,False,5,1
#ubuntu-it,2014-06-12,False,6,1
#ubuntu-it,2014-06-12,False,7,1
#ubuntu-it,2014-06-12,False,8,21
#ubuntu-it,2014-06-12,False,9,52
#ubuntu-it,2014-06-12,False,10,3
#ubuntu-it,2014-06-12,False,11,13
#ubuntu-it,2014-06-12,False,12,67
#ubuntu-it,2014-06-12,False,13,73
#ubuntu-it,2014-06-12,False,14,0
#ubuntu-it,2014-06-12,False,15,14
#ubuntu-it,2014-06-12,False,16,107
#ubuntu-it,2014-06-12,False,17,26
#ubuntu-it,2014-06-12,False,18,1
#ubuntu-it,2014-06-12,False,19,0
#ubuntu-it,2014-06-12,False,20,0
#ubuntu-it,2014-06-12,False,21,0
#ubuntu-it,2014-06-12,False,22,26
#ubuntu-it,2014-06-12,False,23,70
#ubuntu-it,2014-06-19,False,0,22
#ubuntu-it,2014-06-19,False,1,3
#ubuntu-it,2014-06-19,False,2,7
#ubuntu-it,2014-06-19,False,3,0
#ubuntu-it,2014-06-19,False,4,2
#ubuntu-it,2014-06-19,False,5,11
#ubuntu-it,2014-06-19,False,6,6
#ubuntu-it,2014-06-19,False,7,38
#ubuntu-it,2014-06-19,False,8,38
#ubuntu-it,2014-06-19,False,9,13
#ubuntu-it,2014-06-19,False,10,11
#ubuntu-it,2014-06-19,False,11,1
#ubuntu-it,2014-06-19,False,12,31
#ubuntu-it,2014-06-19,False,13,93
#ubuntu-it,2014-06-19,False,14,16
#ubuntu-it,2014-06-19,False,15,108
#ubuntu-it,2014-06-19,False,16,5
#ubuntu-it,2014-06-19,False,17,16
#ubuntu-it,2014-06-19,False,18,4
#ubuntu-it,2014-06-19,False,19,2
#ubuntu-it,2014-06-19,False,20,6
#ubuntu-it,2014-06-19,False,21,0
#ubuntu-it,2014-06-19,False,22,0
#ubuntu-it,2014-06-19,False,23,0
#ubuntu-it,2014-06-26,False,0,0
#ubuntu-it,2014-06-26,False,1,0
#ubuntu-it,2014-06-26,False,2,0
#ubuntu-it,2014-06-26,False,3,0
#ubuntu-it,2014-06-26,False,4,0
#ubuntu-it,2014-06-26,False,5,0
#ubuntu-it,2014-06-26,False,6,7
#ubuntu-it,2014-06-26,False,7,8
#ubuntu-it,2014-06-26,False,8,77
#ubuntu-it,2014-06-26,False,9,176
#ubuntu-it,2014-06-26,False,10,68
#ubuntu-it,2014-06-26,False,11,53
#ubuntu-it,2014-06-26,False,12,20
#ubuntu-it,2014-06-26,False,13,12
#ubuntu-it,2014-06-26,False,14,2
#ubuntu-it,2014-06-26,False,15,16
#ubuntu-it,2014-06-26,False,16,98
#ubuntu-it,2014-06-26,False,17,40
#ubuntu-it,2014-06-26,False,18,106
#ubuntu-it,2014-06-26,False,19,64
#ubuntu-it,2014-06-26,False,20,32
#ubuntu-it,2014-06-26,False,21,7
#ubuntu-it,2014-06-26,False,22,7
#ubuntu-it,2014-06-26,False,23,18
#ubuntu-it,2014-07-03,False,0,0
#ubuntu-it,2014-07-03,False,1,0
#ubuntu-it,2014-07-03,False,2,0
#ubuntu-it,2014-07-03,False,3,0
#ubuntu-it,2014-07-03,False,4,0
#ubuntu-it,2014-07-03,False,5,1
#ubuntu-it,2014-07-03,False,6,3
#ubuntu-it,2014-07-03,False,7,1
#ubuntu-it,2014-07-03,False,8,60
#ubuntu-it,2014-07-03,False,9,45
#ubuntu-it,2014-07-03,False,10,51
#ubuntu-it,2014-07-03,False,11,166
#ubuntu-it,2014-07-03,False,12,47
#ubuntu-it,2014-07-03,False,13,13
#ubuntu-it,2014-07-03,False,14,38
#ubuntu-it,2014-07-03,False,15,86
#ubuntu-it,2014-07-03,False,16,5
#ubuntu-it,2014-07-03,False,17,1
#ubuntu-it,2014-07-03,False,18,0
#ubuntu-it,2014-07-03,False,19,2
#ubuntu-it,2014-07-03,False,20,55
#ubuntu-it,2014-07-03,False,21,42
#ubuntu-it,2014-07-03,False,22,190
#ubuntu-it,2014-07-03,False,23,373
#ubuntu-it,2014-07-10,False,0,0
#ubuntu-it,2014-07-10,False,1,0
#ubuntu-it,2014-07-10,False,2,0
#ubuntu-it,2014-07-10,False,3,0
#ubuntu-it,2014-07-10,False,4,0
#ubuntu-it,2014-07-10,False,5,0
#ubuntu-it,2014-07-10,False,6,0
#ubuntu-it,2014-07-10,False,7,16
#ubuntu-it,2014-07-10,False,8,16
#ubuntu-it,2014-07-10,False,9,0
#ubuntu-it,2014-07-10,False,10,27
#ubuntu-it,2014-07-10,False,11,0
#ubuntu-it,2014-07-10,False,12,6
#ubuntu-it,2014-07-10,False,13,3
#ubuntu-it,2014-07-10,False,14,4
#ubuntu-it,2014-07-10,False,15,8
#ubuntu-it,2014-07-10,False,16,1
#ubuntu-it,2014-07-10,False,17,3
#ubuntu-it,2014-07-10,False,18,1
#ubuntu-it,2014-07-10,False,19,11
#ubuntu-it,2014-07-10,False,20,77
#ubuntu-it,2014-07-10,False,21,10
#ubuntu-it,2014-07-10,False,22,0
#ubuntu-it,2014-07-10,False,23,0
#ubuntu-it,2014-07-17,False,0,0
#ubuntu-it,2014-07-17,False,1,0
#ubuntu-it,2014-07-17,False,2,0
#ubuntu-it,2014-07-17,False,3,0
#ubuntu-it,2014-07-17,False,4,0
#ubuntu-it,2014-07-17,False,5,1
#ubuntu-it,2014-07-17,False,6,0
#ubuntu-it,2014-07-17,False,7,0
#ubuntu-it,2014-07-17,False,8,110
#ubuntu-it,2014-07-17,False,9,87
#ubuntu-it,2014-07-17,False,10,113
#ubuntu-it,2014-07-17,False,11,46
#ubuntu-it,2014-07-17,False,12,61
#ubuntu-it,2014-07-17,False,13,71
#ubuntu-it,2014-07-17,False,14,94
#ubuntu-it,2014-07-17,False,15,1
#ubuntu-it,2014-07-17,False,16,18
#ubuntu-it,2014-07-17,False,17,0
#ubuntu-it,2014-07-17,False,18,43
#ubuntu-it,2014-07-17,False,19,0
#ubuntu-it,2014-07-17,False,20,69
#ubuntu-it,2014-07-17,False,21,4
#ubuntu-it,2014-07-17,False,22,0
#ubuntu-it,2014-07-17,False,23,0
#ubuntu-it,2014-07-24,False,0,0
#ubuntu-it,2014-07-24,False,1,3
#ubuntu-it,2014-07-24,False,2,0
#ubuntu-it,2014-07-24,False,3,0
#ubuntu-it,2014-07-24,False,4,0
#ubuntu-it,2014-07-24,False,5,0
#ubuntu-it,2014-07-24,False,6,2
#ubuntu-it,2014-07-24,False,7,6
#ubuntu-it,2014-07-24,False,8,9
#ubuntu-it,2014-07-24,False,9,139
#ubuntu-it,2014-07-24,False,10,80
#ubuntu-it,2014-07-24,False,11,76
#ubuntu-it,2014-07-24,False,12,108
#ubuntu-it,2014-07-24,False,13,103
#ubuntu-it,2014-07-24,False,14,57
#ubuntu-it,2014-07-24,False,15,73
#ubuntu-it,2014-07-24,False,16,118
#ubuntu-it,2014-07-24,False,17,117
#ubuntu-it,2014-07-24,False,18,163
#ubuntu-it,2014-07-24,False,19,1
#ubuntu-it,2014-07-24,False,20,83
#ubuntu-it,2014-07-24,False,21,141
#ubuntu-it,2014-07-24,False,22,12
#ubuntu-it,2014-07-24,False,23,0
#ubuntu-it,2014-07-31,False,0,0
#ubuntu-it,2014-07-31,False,1,0
#ubuntu-it,2014-07-31,False,2,0
#ubuntu-it,2014-07-31,False,3,0
#ubuntu-it,2014-07-31,False,4,0
#ubuntu-it,2014-07-31,False,5,0
#ubuntu-it,2014-07-31,False,6,0
#ubuntu-it,2014-07-31,False,7,1
#ubuntu-it,2014-07-31,False,8,1
#ubuntu-it,2014-07-31,False,9,0
#ubuntu-it,2014-07-31,False,10,37
#ubuntu-it,2014-07-31,False,11,103
#ubuntu-it,2014-07-31,False,12,101
#ubuntu-it,2014-07-31,False,13,42
#ubuntu-it,2014-07-31,False,14,72
#ubuntu-it,2014-07-31,False,15,0
#ubuntu-it,2014-07-31,False,16,13
#ubuntu-it,2014-07-31,False,17,62
#ubuntu-it,2014-07-31,False,18,2
#ubuntu-it,2014-07-31,False,19,75
#ubuntu-it,2014-07-31,False,20,80
#ubuntu-it,2014-07-31,False,21,45
#ubuntu-it,2014-07-31,False,22,21
#ubuntu-it,2014-07-31,False,23,1
#ubuntu-it,2014-08-07,False,0,33
#ubuntu-it,2014-08-07,False,1,0
#ubuntu-it,2014-08-07,False,2,0
#ubuntu-it,2014-08-07,False,3,0
#ubuntu-it,2014-08-07,False,4,0
#ubuntu-it,2014-08-07,False,5,3
#ubuntu-it,2014-08-07,False,6,49
#ubuntu-it,2014-08-07,False,7,73
#ubuntu-it,2014-08-07,False,8,124
#ubuntu-it,2014-08-07,False,9,108
#ubuntu-it,2014-08-07,False,10,98
#ubuntu-it,2014-08-07,False,11,88
#ubuntu-it,2014-08-07,False,12,14
#ubuntu-it,2014-08-07,False,13,147
#ubuntu-it,2014-08-07,False,14,63
#ubuntu-it,2014-08-07,False,15,11
#ubuntu-it,2014-08-07,False,16,91
#ubuntu-it,2014-08-07,False,17,18
#ubuntu-it,2014-08-07,False,18,4
#ubuntu-it,2014-08-07,False,19,32
#ubuntu-it,2014-08-07,False,20,24
#ubuntu-it,2014-08-07,False,21,13
#ubuntu-it,2014-08-07,False,22,4
#ubuntu-it,2014-08-07,False,23,0
#ubuntu-it,2014-08-14,False,0,0
#ubuntu-it,2014-08-14,False,1,0
#ubuntu-it,2014-08-14,False,2,0
#ubuntu-it,2014-08-14,False,3,0
#ubuntu-it,2014-08-14,False,4,0
#ubuntu-it,2014-08-14,False,5,0
#ubuntu-it,2014-08-14,False,6,3
#ubuntu-it,2014-08-14,False,7,74
#ubuntu-it,2014-08-14,False,8,84
#ubuntu-it,2014-08-14,False,9,73
#ubuntu-it,2014-08-14,False,10,110
#ubuntu-it,2014-08-14,False,11,37
#ubuntu-it,2014-08-14,False,12,3
#ubuntu-it,2014-08-14,False,13,27
#ubuntu-it,2014-08-14,False,14,20
#ubuntu-it,2014-08-14,False,15,0
#ubuntu-it,2014-08-14,False,16,24
#ubuntu-it,2014-08-14,False,17,64
#ubuntu-it,2014-08-14,False,18,125
#ubuntu-it,2014-08-14,False,19,69
#ubuntu-it,2014-08-14,False,20,73
#ubuntu-it,2014-08-14,False,21,1
#ubuntu-it,2014-08-14,False,22,24
#ubuntu-it,2014-08-14,False,23,9
#ubuntu-it,2014-08-21,False,0,0
#ubuntu-it,2014-08-21,False,1,0
#ubuntu-it,2014-08-21,False,2,0
#ubuntu-it,2014-08-21,False,3,0
#ubuntu-it,2014-08-21,False,4,0
#ubuntu-it,2014-08-21,False,5,0
#ubuntu-it,2014-08-21,False,6,5
#ubuntu-it,2014-08-21,False,7,74
#ubuntu-it,2014-08-21,False,8,73
#ubuntu-it,2014-08-21,False,9,70
#ubuntu-it,2014-08-21,False,10,40
#ubuntu-it,2014-08-21,False,11,36
#ubuntu-it,2014-08-21,False,12,6
#ubuntu-it,2014-08-21,False,13,56
#ubuntu-it,2014-08-21,False,14,1
#ubuntu-it,2014-08-21,False,15,58
#ubuntu-it,2014-08-21,False,16,71
#ubuntu-it,2014-08-21,False,17,2
#ubuntu-it,2014-08-21,False,18,1
#ubuntu-it,2014-08-21,False,19,75
#ubuntu-it,2014-08-21,False,20,59
#ubuntu-it,2014-08-21,False,21,137
#ubuntu-it,2014-08-21,False,22,150
#ubuntu-it,2014-08-21,False,23,14
#ubuntu-it,2014-08-28,False,0,0
#ubuntu-it,2014-08-28,False,1,0
#ubuntu-it,2014-08-28,False,2,0
#ubuntu-it,2014-08-28,False,3,0
#ubuntu-it,2014-08-28,False,4,0
#ubuntu-it,2014-08-28,False,5,2
#ubuntu-it,2014-08-28,False,6,6
#ubuntu-it,2014-08-28,False,7,18
#ubuntu-it,2014-08-28,False,8,43
#ubuntu-it,2014-08-28,False,9,51
#ubuntu-it,2014-08-28,False,10,60
#ubuntu-it,2014-08-28,False,11,113
#ubuntu-it,2014-08-28,False,12,39
#ubuntu-it,2014-08-28,False,13,22
#ubuntu-it,2014-08-28,False,14,20
#ubuntu-it,2014-08-28,False,15,26
#ubuntu-it,2014-08-28,False,16,16
#ubuntu-it,2014-08-28,False,17,30
#ubuntu-it,2014-08-28,False,18,16
#ubuntu-it,2014-08-28,False,19,58
#ubuntu-it,2014-08-28,False,20,2
#ubuntu-it,2014-08-28,False,21,0
#ubuntu-it,2014-08-28,False,22,17
#ubuntu-it,2014-08-28,False,23,0
#ubuntu-it,2014-09-04,False,0,0
#ubuntu-it,2014-09-04,False,1,0
#ubuntu-it,2014-09-04,False,2,0
#ubuntu-it,2014-09-04,False,3,0
#ubuntu-it,2014-09-04,False,4,0
#ubuntu-it,2014-09-04,False,5,1
#ubuntu-it,2014-09-04,False,6,1
#ubuntu-it,2014-09-04,False,7,32
#ubuntu-it,2014-09-04,False,8,0
#ubuntu-it,2014-09-04,False,9,5
#ubuntu-it,2014-09-04,False,10,5
#ubuntu-it,2014-09-04,False,11,0
#ubuntu-it,2014-09-04,False,12,3
#ubuntu-it,2014-09-04,False,13,0
#ubuntu-it,2014-09-04,False,14,1
#ubuntu-it,2014-09-04,False,15,0
#ubuntu-it,2014-09-04,False,16,20
#ubuntu-it,2014-09-04,False,17,25
#ubuntu-it,2014-09-04,False,18,50
#ubuntu-it,2014-09-04,False,19,35
#ubuntu-it,2014-09-04,False,20,62
#ubuntu-it,2014-09-04,False,21,31
#ubuntu-it,2014-09-04,False,22,74
#ubuntu-it,2014-09-04,False,23,44
#ubuntu-it,2014-09-11,False,0,0
#ubuntu-it,2014-09-11,False,1,0
#ubuntu-it,2014-09-11,False,2,0
#ubuntu-it,2014-09-11,False,3,0
#ubuntu-it,2014-09-11,False,4,0
#ubuntu-it,2014-09-11,False,5,0
#ubuntu-it,2014-09-11,False,6,2
#ubuntu-it,2014-09-11,False,7,0
#ubuntu-it,2014-09-11,False,8,24
#ubuntu-it,2014-09-11,False,9,28
#ubuntu-it,2014-09-11,False,10,49
#ubuntu-it,2014-09-11,False,11,84
#ubuntu-it,2014-09-11,False,12,18
#ubuntu-it,2014-09-11,False,13,49
#ubuntu-it,2014-09-11,False,14,24
#ubuntu-it,2014-09-11,False,15,28
#ubuntu-it,2014-09-11,False,16,54
#ubuntu-it,2014-09-11,False,17,33
#ubuntu-it,2014-09-11,False,18,96
#ubuntu-it,2014-09-11,False,19,95
#ubuntu-it,2014-09-11,False,20,13
#ubuntu-it,2014-09-11,False,21,32
#ubuntu-it,2014-09-11,False,22,121
#ubuntu-it,2014-09-11,False,23,55
#ubuntu-it,2014-09-18,False,0,2
#ubuntu-it,2014-09-18,False,1,0
#ubuntu-it,2014-09-18,False,2,0
#ubuntu-it,2014-09-18,False,3,0
#ubuntu-it,2014-09-18,False,4,0
#ubuntu-it,2014-09-18,False,5,0
#ubuntu-it,2014-09-18,False,6,2
#ubuntu-it,2014-09-18,False,7,11
#ubuntu-it,2014-09-18,False,8,30
#ubuntu-it,2014-09-18,False,9,72
#ubuntu-it,2014-09-18,False,10,38
#ubuntu-it,2014-09-18,False,11,2
#ubuntu-it,2014-09-18,False,12,72
#ubuntu-it,2014-09-18,False,13,12
#ubuntu-it,2014-09-18,False,14,19
#ubuntu-it,2014-09-18,False,15,7
#ubuntu-it,2014-09-18,False,16,0
#ubuntu-it,2014-09-18,False,17,52
#ubuntu-it,2014-09-18,False,18,31
#ubuntu-it,2014-09-18,False,19,50
#ubuntu-it,2014-09-18,False,20,0
#ubuntu-it,2014-09-18,False,21,0
#ubuntu-it,2014-09-18,False,22,0
#ubuntu-it,2014-09-18,False,23,1
#ubuntu-it,2014-09-25,False,0,0
#ubuntu-it,2014-09-25,False,1,0
#ubuntu-it,2014-09-25,False,2,0
#ubuntu-it,2014-09-25,False,3,0
#ubuntu-it,2014-09-25,False,4,0
#ubuntu-it,2014-09-25,False,5,1
#ubuntu-it,2014-09-25,False,6,1
#ubuntu-it,2014-09-25,False,7,24
#ubuntu-it,2014-09-25,False,8,49
#ubuntu-it,2014-09-25,False,9,71
#ubuntu-it,2014-09-25,False,10,0
#ubuntu-it,2014-09-25,False,11,0
#ubuntu-it,2014-09-25,False,12,75
#ubuntu-it,2014-09-25,False,13,78
#ubuntu-it,2014-09-25,False,14,24
#ubuntu-it,2014-09-25,False,15,78
#ubuntu-it,2014-09-25,False,16,46
#ubuntu-it,2014-09-25,False,17,15
#ubuntu-it,2014-09-25,False,18,81
#ubuntu-it,2014-09-25,False,19,13
#ubuntu-it,2014-09-25,False,20,8
#ubuntu-it,2014-09-25,False,21,19
#ubuntu-it,2014-09-25,False,22,15
#ubuntu-it,2014-09-25,False,23,2
#ubuntu-it,2014-10-02,False,0,0
#ubuntu-it,2014-10-02,False,1,3
#ubuntu-it,2014-10-02,False,2,0
#ubuntu-it,2014-10-02,False,3,0
#ubuntu-it,2014-10-02,False,4,1
#ubuntu-it,2014-10-02,False,5,4
#ubuntu-it,2014-10-02,False,6,17
#ubuntu-it,2014-10-02,False,7,52
#ubuntu-it,2014-10-02,False,8,0
#ubuntu-it,2014-10-02,False,9,61
#ubuntu-it,2014-10-02,False,10,61
#ubuntu-it,2014-10-02,False,11,13
#ubuntu-it,2014-10-02,False,12,19
#ubuntu-it,2014-10-02,False,13,4
#ubuntu-it,2014-10-02,False,14,31
#ubuntu-it,2014-10-02,False,15,69
#ubuntu-it,2014-10-02,False,16,164
#ubuntu-it,2014-10-02,False,17,4
#ubuntu-it,2014-10-02,False,18,8
#ubuntu-it,2014-10-02,False,19,0
#ubuntu-it,2014-10-02,False,20,0
#ubuntu-it,2014-10-02,False,21,21
#ubuntu-it,2014-10-02,False,22,1
#ubuntu-it,2014-10-02,False,23,4
#ubuntu-it,2014-10-09,False,0,3
#ubuntu-it,2014-10-09,False,1,1
#ubuntu-it,2014-10-09,False,2,0
#ubuntu-it,2014-10-09,False,3,0
#ubuntu-it,2014-10-09,False,4,0
#ubuntu-it,2014-10-09,False,5,1
#ubuntu-it,2014-10-09,False,6,1
#ubuntu-it,2014-10-09,False,7,39
#ubuntu-it,2014-10-09,False,8,31
#ubuntu-it,2014-10-09,False,9,54
#ubuntu-it,2014-10-09,False,10,209
#ubuntu-it,2014-10-09,False,11,185
#ubuntu-it,2014-10-09,False,12,126
#ubuntu-it,2014-10-09,False,13,133
#ubuntu-it,2014-10-09,False,14,46
#ubuntu-it,2014-10-09,False,15,32
#ubuntu-it,2014-10-09,False,16,1
#ubuntu-it,2014-10-09,False,17,1
#ubuntu-it,2014-10-09,False,18,26
#ubuntu-it,2014-10-09,False,19,41
#ubuntu-it,2014-10-09,False,20,99
#ubuntu-it,2014-10-09,False,21,97
#ubuntu-it,2014-10-09,False,22,71
#ubuntu-it,2014-10-09,False,23,4
#ubuntu-it,2014-10-16,False,0,0
#ubuntu-it,2014-10-16,False,1,0
#ubuntu-it,2014-10-16,False,2,0
#ubuntu-it,2014-10-16,False,3,0
#ubuntu-it,2014-10-16,False,4,0
#ubuntu-it,2014-10-16,False,5,2
#ubuntu-it,2014-10-16,False,6,9
#ubuntu-it,2014-10-16,False,7,3
#ubuntu-it,2014-10-16,False,8,1
#ubuntu-it,2014-10-16,False,9,146
#ubuntu-it,2014-10-16,False,10,170
#ubuntu-it,2014-10-16,False,11,198
#ubuntu-it,2014-10-16,False,12,27
#ubuntu-it,2014-10-16,False,13,7
#ubuntu-it,2014-10-16,False,14,53
#ubuntu-it,2014-10-16,False,15,117
#ubuntu-it,2014-10-16,False,16,8
#ubuntu-it,2014-10-16,False,17,25
#ubuntu-it,2014-10-16,False,18,112
#ubuntu-it,2014-10-16,False,19,63
#ubuntu-it,2014-10-16,False,20,14
#ubuntu-it,2014-10-16,False,21,40
#ubuntu-it,2014-10-16,False,22,110
#ubuntu-it,2014-10-16,False,23,3
#ubuntu-it,2014-10-23,True,0,0
#ubuntu-it,2014-10-23,True,1,0
#ubuntu-it,2014-10-23,True,2,0
#ubuntu-it,2014-10-23,True,3,0
#ubuntu-it,2014-10-23,True,4,0
#ubuntu-it,2014-10-23,True,5,3
#ubuntu-it,2014-10-23,True,6,1
#ubuntu-it,2014-10-23,True,7,37
#ubuntu-it,2014-10-23,True,8,0
#ubuntu-it,2014-10-23,True,9,2
#ubuntu-it,2014-10-23,True,10,50
#ubuntu-it,2014-10-23,True,11,85
#ubuntu-it,2014-10-23,True,12,73
#ubuntu-it,2014-10-23,True,13,102
#ubuntu-it,2014-10-23,True,14,27
#ubuntu-it,2014-10-23,True,15,116
#ubuntu-it,2014-10-23,True,16,49
#ubuntu-it,2014-10-23,True,17,16
#ubuntu-it,2014-10-23,True,18,33
#ubuntu-it,2014-10-23,True,19,35
#ubuntu-it,2014-10-23,True,20,228
#ubuntu-it,2014-10-23,True,21,61
#ubuntu-it,2014-10-23,True,22,128
#ubuntu-it,2014-10-23,True,23,0
#ubuntu-it,2014-10-30,False,0,16
#ubuntu-it,2014-10-30,False,1,0
#ubuntu-it,2014-10-30,False,2,0
#ubuntu-it,2014-10-30,False,3,0
#ubuntu-it,2014-10-30,False,4,0
#ubuntu-it,2014-10-30,False,5,0
#ubuntu-it,2014-10-30,False,6,4
#ubuntu-it,2014-10-30,False,7,0
#ubuntu-it,2014-10-30,False,8,2
#ubuntu-it,2014-10-30,False,9,3
#ubuntu-it,2014-10-30,False,10,26
#ubuntu-it,2014-10-30,False,11,32
#ubuntu-it,2014-10-30,False,12,6
#ubuntu-it,2014-10-30,False,13,0
#ubuntu-it,2014-10-30,False,14,0
#ubuntu-it,2014-10-30,False,15,7
#ubuntu-it,2014-10-30,False,16,6
#ubuntu-it,2014-10-30,False,17,22
#ubuntu-it,2014-10-30,False,18,8
#ubuntu-it,2014-10-30,False,19,22
#ubuntu-it,2014-10-30,False,20,9
#ubuntu-it,2014-10-30,False,21,63
#ubuntu-it,2014-10-30,False,22,83
#ubuntu-it,2014-10-30,False,23,0
#ubuntu-it,2014-11-06,False,0,5
#ubuntu-it,2014-11-06,False,1,0
#ubuntu-it,2014-11-06,False,2,0
#ubuntu-it,2014-11-06,False,3,0
#ubuntu-it,2014-11-06,False,4,0
#ubuntu-it,2014-11-06,False,5,0
#ubuntu-it,2014-11-06,False,6,1
#ubuntu-it,2014-11-06,False,7,4
#ubuntu-it,2014-11-06,False,8,24
#ubuntu-it,2014-11-06,False,9,179
#ubuntu-it,2014-11-06,False,10,214
#ubuntu-it,2014-11-06,False,11,208
#ubuntu-it,2014-11-06,False,12,87
#ubuntu-it,2014-11-06,False,13,146
#ubuntu-it,2014-11-06,False,14,155
#ubuntu-it,2014-11-06,False,15,39
#ubuntu-it,2014-11-06,False,16,63
#ubuntu-it,2014-11-06,False,17,166
#ubuntu-it,2014-11-06,False,18,35
#ubuntu-it,2014-11-06,False,19,114
#ubuntu-it,2014-11-06,False,20,44
#ubuntu-it,2014-11-06,False,21,101
#ubuntu-it,2014-11-06,False,22,138
#ubuntu-it,2014-11-06,False,23,74
#ubuntu-it,2014-11-13,False,0,3
#ubuntu-it,2014-11-13,False,1,0
#ubuntu-it,2014-11-13,False,2,0
#ubuntu-it,2014-11-13,False,3,0
#ubuntu-it,2014-11-13,False,4,0
#ubuntu-it,2014-11-13,False,5,0
#ubuntu-it,2014-11-13,False,6,0
#ubuntu-it,2014-11-13,False,7,1
#ubuntu-it,2014-11-13,False,8,98
#ubuntu-it,2014-11-13,False,9,150
#ubuntu-it,2014-11-13,False,10,99
#ubuntu-it,2014-11-13,False,11,65
#ubuntu-it,2014-11-13,False,12,156
#ubuntu-it,2014-11-13,False,13,107
#ubuntu-it,2014-11-13,False,14,96
#ubuntu-it,2014-11-13,False,15,58
#ubuntu-it,2014-11-13,False,16,28
#ubuntu-it,2014-11-13,False,17,72
#ubuntu-it,2014-11-13,False,18,40
#ubuntu-it,2014-11-13,False,19,91
#ubuntu-it,2014-11-13,False,20,56
#ubuntu-it,2014-11-13,False,21,89
#ubuntu-it,2014-11-13,False,22,50
#ubuntu-it,2014-11-13,False,23,8
#ubuntu-it,2014-11-20,False,0,6
#ubuntu-it,2014-11-20,False,1,0
#ubuntu-it,2014-11-20,False,2,0
#ubuntu-it,2014-11-20,False,3,0
#ubuntu-it,2014-11-20,False,4,0
#ubuntu-it,2014-11-20,False,5,0
#ubuntu-it,2014-11-20,False,6,1
#ubuntu-it,2014-11-20,False,7,1
#ubuntu-it,2014-11-20,False,8,0
#ubuntu-it,2014-11-20,False,9,111
#ubuntu-it,2014-11-20,False,10,69
#ubuntu-it,2014-11-20,False,11,115
#ubuntu-it,2014-11-20,False,12,1
#ubuntu-it,2014-11-20,False,13,110
#ubuntu-it,2014-11-20,False,14,61
#ubuntu-it,2014-11-20,False,15,16
#ubuntu-it,2014-11-20,False,16,62
#ubuntu-it,2014-11-20,False,17,66
#ubuntu-it,2014-11-20,False,18,30
#ubuntu-it,2014-11-20,False,19,16
#ubuntu-it,2014-11-20,False,20,35
#ubuntu-it,2014-11-20,False,21,26
#ubuntu-it,2014-11-20,False,22,33
#ubuntu-it,2014-11-20,False,23,6
#ubuntu-it,2014-11-27,False,0,39
#ubuntu-it,2014-11-27,False,1,0
#ubuntu-it,2014-11-27,False,2,1
#ubuntu-it,2014-11-27,False,3,0
#ubuntu-it,2014-11-27,False,4,1
#ubuntu-it,2014-11-27,False,5,0
#ubuntu-it,2014-11-27,False,6,1
#ubuntu-it,2014-11-27,False,7,1
#ubuntu-it,2014-11-27,False,8,8
#ubuntu-it,2014-11-27,False,9,71
#ubuntu-it,2014-11-27,False,10,89
#ubuntu-it,2014-11-27,False,11,14
#ubuntu-it,2014-11-27,False,12,0
#ubuntu-it,2014-11-27,False,13,16
#ubuntu-it,2014-11-27,False,14,53
#ubuntu-it,2014-11-27,False,15,4
#ubuntu-it,2014-11-27,False,16,109
#ubuntu-it,2014-11-27,False,17,244
#ubuntu-it,2014-11-27,False,18,32
#ubuntu-it,2014-11-27,False,19,37
#ubuntu-it,2014-11-27,False,20,20
#ubuntu-it,2014-11-27,False,21,58
#ubuntu-it,2014-11-27,False,22,0
#ubuntu-it,2014-11-27,False,23,26
#ubuntu-it,2014-12-04,False,0,0
#ubuntu-it,2014-12-04,False,1,0
#ubuntu-it,2014-12-04,False,2,0
#ubuntu-it,2014-12-04,False,3,0
#ubuntu-it,2014-12-04,False,4,0
#ubuntu-it,2014-12-04,False,5,0
#ubuntu-it,2014-12-04,False,6,0
#ubuntu-it,2014-12-04,False,7,2
#ubuntu-it,2014-12-04,False,8,0
#ubuntu-it,2014-12-04,False,9,50
#ubuntu-it,2014-12-04,False,10,50
#ubuntu-it,2014-12-04,False,11,40
#ubuntu-it,2014-12-04,False,12,58
#ubuntu-it,2014-12-04,False,13,51
#ubuntu-it,2014-12-04,False,14,0
#ubuntu-it,2014-12-04,False,15,2
#ubuntu-it,2014-12-04,False,16,0
#ubuntu-it,2014-12-04,False,17,113
#ubuntu-it,2014-12-04,False,18,73
#ubuntu-it,2014-12-04,False,19,13
#ubuntu-it,2014-12-04,False,20,80
#ubuntu-it,2014-12-04,False,21,130
#ubuntu-it,2014-12-04,False,22,21
#ubuntu-it,2014-12-04,False,23,0
#ubuntu-it,2014-12-11,False,0,0
#ubuntu-it,2014-12-11,False,1,0
#ubuntu-it,2014-12-11,False,2,0
#ubuntu-it,2014-12-11,False,3,0
#ubuntu-it,2014-12-11,False,4,0
#ubuntu-it,2014-12-11,False,5,0
#ubuntu-it,2014-12-11,False,6,0
#ubuntu-it,2014-12-11,False,7,1
#ubuntu-it,2014-12-11,False,8,2
#ubuntu-it,2014-12-11,False,9,108
#ubuntu-it,2014-12-11,False,10,12
#ubuntu-it,2014-12-11,False,11,91
#ubuntu-it,2014-12-11,False,12,133
#ubuntu-it,2014-12-11,False,13,78
#ubuntu-it,2014-12-11,False,14,144
#ubuntu-it,2014-12-11,False,15,113
#ubuntu-it,2014-12-11,False,16,110
#ubuntu-it,2014-12-11,False,17,34
#ubuntu-it,2014-12-11,False,18,10
#ubuntu-it,2014-12-11,False,19,47
#ubuntu-it,2014-12-11,False,20,25
#ubuntu-it,2014-12-11,False,21,51
#ubuntu-it,2014-12-11,False,22,0
#ubuntu-it,2014-12-11,False,23,2
#ubuntu-it,2014-12-18,False,0,20
#ubuntu-it,2014-12-18,False,1,0
#ubuntu-it,2014-12-18,False,2,0
#ubuntu-it,2014-12-18,False,3,0
#ubuntu-it,2014-12-18,False,4,0
#ubuntu-it,2014-12-18,False,5,0
#ubuntu-it,2014-12-18,False,6,2
#ubuntu-it,2014-12-18,False,7,0
#ubuntu-it,2014-12-18,False,8,23
#ubuntu-it,2014-12-18,False,9,31
#ubuntu-it,2014-12-18,False,10,52
#ubuntu-it,2014-12-18,False,11,41
#ubuntu-it,2014-12-18,False,12,10
#ubuntu-it,2014-12-18,False,13,39
#ubuntu-it,2014-12-18,False,14,15
#ubuntu-it,2014-12-18,False,15,58
#ubuntu-it,2014-12-18,False,16,145
#ubuntu-it,2014-12-18,False,17,91
#ubuntu-it,2014-12-18,False,18,145
#ubuntu-it,2014-12-18,False,19,10
#ubuntu-it,2014-12-18,False,20,80
#ubuntu-it,2014-12-18,False,21,95
#ubuntu-it,2014-12-18,False,22,26
#ubuntu-it,2014-12-18,False,23,30
#ubuntu-it,2014-12-25,False,0,0
#ubuntu-it,2014-12-25,False,1,0
#ubuntu-it,2014-12-25,False,2,0
#ubuntu-it,2014-12-25,False,3,0
#ubuntu-it,2014-12-25,False,4,0
#ubuntu-it,2014-12-25,False,5,0
#ubuntu-it,2014-12-25,False,6,0
#ubuntu-it,2014-12-25,False,7,1
#ubuntu-it,2014-12-25,False,8,0
#ubuntu-it,2014-12-25,False,9,0
#ubuntu-it,2014-12-25,False,10,44
#ubuntu-it,2014-12-25,False,11,152
#ubuntu-it,2014-12-25,False,12,68
#ubuntu-it,2014-12-25,False,13,0
#ubuntu-it,2014-12-25,False,14,1
#ubuntu-it,2014-12-25,False,15,0
#ubuntu-it,2014-12-25,False,16,0
#ubuntu-it,2014-12-25,False,17,6
#ubuntu-it,2014-12-25,False,18,0
#ubuntu-it,2014-12-25,False,19,1
#ubuntu-it,2014-12-25,False,20,7
#ubuntu-it,2014-12-25,False,21,0
#ubuntu-it,2014-12-25,False,22,68
#ubuntu-it,2014-12-25,False,23,7
#ubuntu-it,2015-01-01,False,0,0
#ubuntu-it,2015-01-01,False,1,0
#ubuntu-it,2015-01-01,False,2,0
#ubuntu-it,2015-01-01,False,3,0
#ubuntu-it,2015-01-01,False,4,0
#ubuntu-it,2015-01-01,False,5,0
#ubuntu-it,2015-01-01,False,6,0
#ubuntu-it,2015-01-01,False,7,0
#ubuntu-it,2015-01-01,False,8,0
#ubuntu-it,2015-01-01,False,9,0
#ubuntu-it,2015-01-01,False,10,2
#ubuntu-it,2015-01-01,False,11,25
#ubuntu-it,2015-01-01,False,12,1
#ubuntu-it,2015-01-01,False,13,1
#ubuntu-it,2015-01-01,False,14,4
#ubuntu-it,2015-01-01,False,15,13
#ubuntu-it,2015-01-01,False,16,48
#ubuntu-it,2015-01-01,False,17,4
#ubuntu-it,2015-01-01,False,18,0
#ubuntu-it,2015-01-01,False,19,8
#ubuntu-it,2015-01-01,False,20,80
#ubuntu-it,2015-01-01,False,21,6
#ubuntu-it,2015-01-01,False,22,16
#ubuntu-it,2015-01-01,False,23,2
#ubuntu-it,2015-01-08,False,0,0
#ubuntu-it,2015-01-08,False,1,8
#ubuntu-it,2015-01-08,False,2,0
#ubuntu-it,2015-01-08,False,3,0
#ubuntu-it,2015-01-08,False,4,0
#ubuntu-it,2015-01-08,False,5,0
#ubuntu-it,2015-01-08,False,6,0
#ubuntu-it,2015-01-08,False,7,0
#ubuntu-it,2015-01-08,False,8,13
#ubuntu-it,2015-01-08,False,9,2
#ubuntu-it,2015-01-08,False,10,0
#ubuntu-it,2015-01-08,False,11,25
#ubuntu-it,2015-01-08,False,12,0
#ubuntu-it,2015-01-08,False,13,38
#ubuntu-it,2015-01-08,False,14,1
#ubuntu-it,2015-01-08,False,15,7
#ubuntu-it,2015-01-08,False,16,15
#ubuntu-it,2015-01-08,False,17,174
#ubuntu-it,2015-01-08,False,18,208
#ubuntu-it,2015-01-08,False,19,20
#ubuntu-it,2015-01-08,False,20,6
#ubuntu-it,2015-01-08,False,21,25
#ubuntu-it,2015-01-08,False,22,28
#ubuntu-it,2015-01-08,False,23,5
#ubuntu-it,2015-01-15,False,0,3
#ubuntu-it,2015-01-15,False,1,0
#ubuntu-it,2015-01-15,False,2,0
#ubuntu-it,2015-01-15,False,3,0
#ubuntu-it,2015-01-15,False,4,0
#ubuntu-it,2015-01-15,False,5,0
#ubuntu-it,2015-01-15,False,6,1
#ubuntu-it,2015-01-15,False,7,1
#ubuntu-it,2015-01-15,False,8,0
#ubuntu-it,2015-01-15,False,9,1
#ubuntu-it,2015-01-15,False,10,14
#ubuntu-it,2015-01-15,False,11,28
#ubuntu-it,2015-01-15,False,12,0
#ubuntu-it,2015-01-15,False,13,8
#ubuntu-it,2015-01-15,False,14,1
#ubuntu-it,2015-01-15,False,15,26
#ubuntu-it,2015-01-15,False,16,0
#ubuntu-it,2015-01-15,False,17,3
#ubuntu-it,2015-01-15,False,18,9
#ubuntu-it,2015-01-15,False,19,46
#ubuntu-it,2015-01-15,False,20,0
#ubuntu-it,2015-01-15,False,21,62
#ubuntu-it,2015-01-15,False,22,61
#ubuntu-it,2015-01-15,False,23,0
#ubuntu-it,2015-01-22,False,0,55
#ubuntu-it,2015-01-22,False,1,150
#ubuntu-it,2015-01-22,False,2,4
#ubuntu-it,2015-01-22,False,3,0
#ubuntu-it,2015-01-22,False,4,0
#ubuntu-it,2015-01-22,False,5,0
#ubuntu-it,2015-01-22,False,6,1
#ubuntu-it,2015-01-22,False,7,5
#ubuntu-it,2015-01-22,False,8,0
#ubuntu-it,2015-01-22,False,9,1
#ubuntu-it,2015-01-22,False,10,55
#ubuntu-it,2015-01-22,False,11,0
#ubuntu-it,2015-01-22,False,12,0
#ubuntu-it,2015-01-22,False,13,20
#ubuntu-it,2015-01-22,False,14,5
#ubuntu-it,2015-01-22,False,15,95
#ubuntu-it,2015-01-22,False,16,119
#ubuntu-it,2015-01-22,False,17,120
#ubuntu-it,2015-01-22,False,18,125
#ubuntu-it,2015-01-22,False,19,88
#ubuntu-it,2015-01-22,False,20,82
#ubuntu-it,2015-01-22,False,21,98
#ubuntu-it,2015-01-22,False,22,230
#ubuntu-it,2015-01-22,False,23,266
#ubuntu-it,2015-01-29,False,0,99
#ubuntu-it,2015-01-29,False,1,15
#ubuntu-it,2015-01-29,False,2,0
#ubuntu-it,2015-01-29,False,3,0
#ubuntu-it,2015-01-29,False,4,0
#ubuntu-it,2015-01-29,False,5,0
#ubuntu-it,2015-01-29,False,6,2
#ubuntu-it,2015-01-29,False,7,3
#ubuntu-it,2015-01-29,False,8,1
#ubuntu-it,2015-01-29,False,9,1
#ubuntu-it,2015-01-29,False,10,47
#ubuntu-it,2015-01-29,False,11,90
#ubuntu-it,2015-01-29,False,12,18
#ubuntu-it,2015-01-29,False,13,0
#ubuntu-it,2015-01-29,False,14,0
#ubuntu-it,2015-01-29,False,15,4
#ubuntu-it,2015-01-29,False,16,0
#ubuntu-it,2015-01-29,False,17,86
#ubuntu-it,2015-01-29,False,18,126
#ubuntu-it,2015-01-29,False,19,129
#ubuntu-it,2015-01-29,False,20,48
#ubuntu-it,2015-01-29,False,21,180
#ubuntu-it,2015-01-29,False,22,16
#ubuntu-it,2015-01-29,False,23,0
#ubuntu-it,2015-02-05,False,0,1
#ubuntu-it,2015-02-05,False,1,0
#ubuntu-it,2015-02-05,False,2,0
#ubuntu-it,2015-02-05,False,3,0
#ubuntu-it,2015-02-05,False,4,0
#ubuntu-it,2015-02-05,False,5,0
#ubuntu-it,2015-02-05,False,6,6
#ubuntu-it,2015-02-05,False,7,131
#ubuntu-it,2015-02-05,False,8,0
#ubuntu-it,2015-02-05,False,9,2
#ubuntu-it,2015-02-05,False,10,31
#ubuntu-it,2015-02-05,False,11,54
#ubuntu-it,2015-02-05,False,12,143
#ubuntu-it,2015-02-05,False,13,77
#ubuntu-it,2015-02-05,False,14,12
#ubuntu-it,2015-02-05,False,15,2
#ubuntu-it,2015-02-05,False,16,31
#ubuntu-it,2015-02-05,False,17,4
#ubuntu-it,2015-02-05,False,18,21
#ubuntu-it,2015-02-05,False,19,87
#ubuntu-it,2015-02-05,False,20,140
#ubuntu-it,2015-02-05,False,21,70
#ubuntu-it,2015-02-05,False,22,8
#ubuntu-it,2015-02-05,False,23,158
#ubuntu-it,2015-02-12,False,0,0
#ubuntu-it,2015-02-12,False,1,0
#ubuntu-it,2015-02-12,False,2,4
#ubuntu-it,2015-02-12,False,3,0
#ubuntu-it,2015-02-12,False,4,0
#ubuntu-it,2015-02-12,False,5,0
#ubuntu-it,2015-02-12,False,6,1
#ubuntu-it,2015-02-12,False,7,1
#ubuntu-it,2015-02-12,False,8,3
#ubuntu-it,2015-02-12,False,9,0
#ubuntu-it,2015-02-12,False,10,0
#ubuntu-it,2015-02-12,False,11,236
#ubuntu-it,2015-02-12,False,12,146
#ubuntu-it,2015-02-12,False,13,129
#ubuntu-it,2015-02-12,False,14,15
#ubuntu-it,2015-02-12,False,15,3
#ubuntu-it,2015-02-12,False,16,0
#ubuntu-it,2015-02-12,False,17,13
#ubuntu-it,2015-02-12,False,18,61
#ubuntu-it,2015-02-12,False,19,70
#ubuntu-it,2015-02-12,False,20,99
#ubuntu-it,2015-02-12,False,21,152
#ubuntu-it,2015-02-12,False,22,137
#ubuntu-it,2015-02-12,False,23,107
#ubuntu-it,2015-02-19,False,0,1
#ubuntu-it,2015-02-19,False,1,0
#ubuntu-it,2015-02-19,False,2,13
#ubuntu-it,2015-02-19,False,3,0
#ubuntu-it,2015-02-19,False,4,0
#ubuntu-it,2015-02-19,False,5,0
#ubuntu-it,2015-02-19,False,6,1
#ubuntu-it,2015-02-19,False,7,60
#ubuntu-it,2015-02-19,False,8,128
#ubuntu-it,2015-02-19,False,9,49
#ubuntu-it,2015-02-19,False,10,58
#ubuntu-it,2015-02-19,False,11,95
#ubuntu-it,2015-02-19,False,12,119
#ubuntu-it,2015-02-19,False,13,61
#ubuntu-it,2015-02-19,False,14,74
#ubuntu-it,2015-02-19,False,15,21
#ubuntu-it,2015-02-19,False,16,56
#ubuntu-it,2015-02-19,False,17,40
#ubuntu-it,2015-02-19,False,18,14
#ubuntu-it,2015-02-19,False,19,80
#ubuntu-it,2015-02-19,False,20,30
#ubuntu-it,2015-02-19,False,21,146
#ubuntu-it,2015-02-19,False,22,146
#ubuntu-it,2015-02-19,False,23,43
#ubuntu-it,2015-02-26,False,0,0
#ubuntu-it,2015-02-26,False,1,0
#ubuntu-it,2015-02-26,False,2,0
#ubuntu-it,2015-02-26,False,3,0
#ubuntu-it,2015-02-26,False,4,0
#ubuntu-it,2015-02-26,False,5,0
#ubuntu-it,2015-02-26,False,6,3
#ubuntu-it,2015-02-26,False,7,0
#ubuntu-it,2015-02-26,False,8,2
#ubuntu-it,2015-02-26,False,9,6
#ubuntu-it,2015-02-26,False,10,11
#ubuntu-it,2015-02-26,False,11,4
#ubuntu-it,2015-02-26,False,12,4
#ubuntu-it,2015-02-26,False,13,74
#ubuntu-it,2015-02-26,False,14,44
#ubuntu-it,2015-02-26,False,15,14
#ubuntu-it,2015-02-26,False,16,63
#ubuntu-it,2015-02-26,False,17,37
#ubuntu-it,2015-02-26,False,18,96
#ubuntu-it,2015-02-26,False,19,44
#ubuntu-it,2015-02-26,False,20,5
#ubuntu-it,2015-02-26,False,21,25
#ubuntu-it,2015-02-26,False,22,42
#ubuntu-it,2015-02-26,False,23,13
#ubuntu-it,2015-03-05,False,0,54
#ubuntu-it,2015-03-05,False,1,0
#ubuntu-it,2015-03-05,False,2,0
#ubuntu-it,2015-03-05,False,3,0
#ubuntu-it,2015-03-05,False,4,1
#ubuntu-it,2015-03-05,False,5,0
#ubuntu-it,2015-03-05,False,6,0
#ubuntu-it,2015-03-05,False,7,0
#ubuntu-it,2015-03-05,False,8,0
#ubuntu-it,2015-03-05,False,9,2
#ubuntu-it,2015-03-05,False,10,0
#ubuntu-it,2015-03-05,False,11,5
#ubuntu-it,2015-03-05,False,12,0
#ubuntu-it,2015-03-05,False,13,23
#ubuntu-it,2015-03-05,False,14,0
#ubuntu-it,2015-03-05,False,15,22
#ubuntu-it,2015-03-05,False,16,73
#ubuntu-it,2015-03-05,False,17,2
#ubuntu-it,2015-03-05,False,18,1
#ubuntu-it,2015-03-05,False,19,4
#ubuntu-it,2015-03-05,False,20,31
#ubuntu-it,2015-03-05,False,21,175
#ubuntu-it,2015-03-05,False,22,119
#ubuntu-it,2015-03-05,False,23,121
#ubuntu-it,2015-03-12,False,0,0
#ubuntu-it,2015-03-12,False,1,0
#ubuntu-it,2015-03-12,False,2,0
#ubuntu-it,2015-03-12,False,3,0
#ubuntu-it,2015-03-12,False,4,0
#ubuntu-it,2015-03-12,False,5,0
#ubuntu-it,2015-03-12,False,6,20
#ubuntu-it,2015-03-12,False,7,39
#ubuntu-it,2015-03-12,False,8,0
#ubuntu-it,2015-03-12,False,9,77
#ubuntu-it,2015-03-12,False,10,250
#ubuntu-it,2015-03-12,False,11,210
#ubuntu-it,2015-03-12,False,12,6
#ubuntu-it,2015-03-12,False,13,8
#ubuntu-it,2015-03-12,False,14,64
#ubuntu-it,2015-03-12,False,15,79
#ubuntu-it,2015-03-12,False,16,114
#ubuntu-it,2015-03-12,False,17,131
#ubuntu-it,2015-03-12,False,18,114
#ubuntu-it,2015-03-12,False,19,42
#ubuntu-it,2015-03-12,False,20,97
#ubuntu-it,2015-03-12,False,21,201
#ubuntu-it,2015-03-12,False,22,188
#ubuntu-it,2015-03-12,False,23,20
#ubuntu-it,2015-03-19,False,0,0
#ubuntu-it,2015-03-19,False,1,0
#ubuntu-it,2015-03-19,False,2,0
#ubuntu-it,2015-03-19,False,3,0
#ubuntu-it,2015-03-19,False,4,0
#ubuntu-it,2015-03-19,False,5,0
#ubuntu-it,2015-03-19,False,6,0
#ubuntu-it,2015-03-19,False,7,0
#ubuntu-it,2015-03-19,False,8,0
#ubuntu-it,2015-03-19,False,9,25
#ubuntu-it,2015-03-19,False,10,0
#ubuntu-it,2015-03-19,False,11,1
#ubuntu-it,2015-03-19,False,12,27
#ubuntu-it,2015-03-19,False,13,2
#ubuntu-it,2015-03-19,False,14,10
#ubuntu-it,2015-03-19,False,15,55
#ubuntu-it,2015-03-19,False,16,70
#ubuntu-it,2015-03-19,False,17,15
#ubuntu-it,2015-03-19,False,18,0
#ubuntu-it,2015-03-19,False,19,14
#ubuntu-it,2015-03-19,False,20,2
#ubuntu-it,2015-03-19,False,21,3
#ubuntu-it,2015-03-19,False,22,0
#ubuntu-it,2015-03-19,False,23,0
#ubuntu-it,2015-03-26,False,0,2
#ubuntu-it,2015-03-26,False,1,0
#ubuntu-it,2015-03-26,False,2,0
#ubuntu-it,2015-03-26,False,3,0
#ubuntu-it,2015-03-26,False,4,0
#ubuntu-it,2015-03-26,False,5,0
#ubuntu-it,2015-03-26,False,6,0
#ubuntu-it,2015-03-26,False,7,0
#ubuntu-it,2015-03-26,False,8,0
#ubuntu-it,2015-03-26,False,9,76
#ubuntu-it,2015-03-26,False,10,11
#ubuntu-it,2015-03-26,False,11,2
#ubuntu-it,2015-03-26,False,12,0
#ubuntu-it,2015-03-26,False,13,5
#ubuntu-it,2015-03-26,False,14,5
#ubuntu-it,2015-03-26,False,15,24
#ubuntu-it,2015-03-26,False,16,18
#ubuntu-it,2015-03-26,False,17,8
#ubuntu-it,2015-03-26,False,18,1
#ubuntu-it,2015-03-26,False,19,0
#ubuntu-it,2015-03-26,False,20,11
#ubuntu-it,2015-03-26,False,21,54
#ubuntu-it,2015-03-26,False,22,3
#ubuntu-it,2015-03-26,False,23,0
#ubuntu-it,2015-04-02,False,0,0
#ubuntu-it,2015-04-02,False,1,0
#ubuntu-it,2015-04-02,False,2,0
#ubuntu-it,2015-04-02,False,3,0
#ubuntu-it,2015-04-02,False,4,0
#ubuntu-it,2015-04-02,False,5,0
#ubuntu-it,2015-04-02,False,6,1
#ubuntu-it,2015-04-02,False,7,1
#ubuntu-it,2015-04-02,False,8,1
#ubuntu-it,2015-04-02,False,9,154
#ubuntu-it,2015-04-02,False,10,32
#ubuntu-it,2015-04-02,False,11,1
#ubuntu-it,2015-04-02,False,12,8
#ubuntu-it,2015-04-02,False,13,3
#ubuntu-it,2015-04-02,False,14,7
#ubuntu-it,2015-04-02,False,15,0
#ubuntu-it,2015-04-02,False,16,4
#ubuntu-it,2015-04-02,False,17,9
#ubuntu-it,2015-04-02,False,18,42
#ubuntu-it,2015-04-02,False,19,98
#ubuntu-it,2015-04-02,False,20,3
#ubuntu-it,2015-04-02,False,21,0
#ubuntu-it,2015-04-02,False,22,0
#ubuntu-it,2015-04-02,False,23,6
#ubuntu-it,2015-04-09,False,0,0
#ubuntu-it,2015-04-09,False,1,0
#ubuntu-it,2015-04-09,False,2,0
#ubuntu-it,2015-04-09,False,3,0
#ubuntu-it,2015-04-09,False,4,0
#ubuntu-it,2015-04-09,False,5,1
#ubuntu-it,2015-04-09,False,6,7
#ubuntu-it,2015-04-09,False,7,1
#ubuntu-it,2015-04-09,False,8,2
#ubuntu-it,2015-04-09,False,9,5
#ubuntu-it,2015-04-09,False,10,8
#ubuntu-it,2015-04-09,False,11,28
#ubuntu-it,2015-04-09,False,12,0
#ubuntu-it,2015-04-09,False,13,27
#ubuntu-it,2015-04-09,False,14,0
#ubuntu-it,2015-04-09,False,15,0
#ubuntu-it,2015-04-09,False,16,45
#ubuntu-it,2015-04-09,False,17,0
#ubuntu-it,2015-04-09,False,18,0
#ubuntu-it,2015-04-09,False,19,26
#ubuntu-it,2015-04-09,False,20,118
#ubuntu-it,2015-04-09,False,21,0
#ubuntu-it,2015-04-09,False,22,0
#ubuntu-it,2015-04-09,False,23,1
#ubuntu-it,2015-04-16,False,0,0
#ubuntu-it,2015-04-16,False,1,0
#ubuntu-it,2015-04-16,False,2,0
#ubuntu-it,2015-04-16,False,3,0
#ubuntu-it,2015-04-16,False,4,0
#ubuntu-it,2015-04-16,False,5,0
#ubuntu-it,2015-04-16,False,6,0
#ubuntu-it,2015-04-16,False,7,1
#ubuntu-it,2015-04-16,False,8,0
#ubuntu-it,2015-04-16,False,9,1
#ubuntu-it,2015-04-16,False,10,3
#ubuntu-it,2015-04-16,False,11,0
#ubuntu-it,2015-04-16,False,12,5
#ubuntu-it,2015-04-16,False,13,3
#ubuntu-it,2015-04-16,False,14,7
#ubuntu-it,2015-04-16,False,15,49
#ubuntu-it,2015-04-16,False,16,95
#ubuntu-it,2015-04-16,False,17,20
#ubuntu-it,2015-04-16,False,18,0
#ubuntu-it,2015-04-16,False,19,1
#ubuntu-it,2015-04-16,False,20,2
#ubuntu-it,2015-04-16,False,21,0
#ubuntu-it,2015-04-16,False,22,0
#ubuntu-it,2015-04-16,False,23,0
#ubuntu-it,2015-04-23,True,0,0
#ubuntu-it,2015-04-23,True,1,0
#ubuntu-it,2015-04-23,True,2,3
#ubuntu-it,2015-04-23,True,3,0
#ubuntu-it,2015-04-23,True,4,0
#ubuntu-it,2015-04-23,True,5,0
#ubuntu-it,2015-04-23,True,6,1
#ubuntu-it,2015-04-23,True,7,1
#ubuntu-it,2015-04-23,True,8,38
#ubuntu-it,2015-04-23,True,9,126
#ubuntu-it,2015-04-23,True,10,89
#ubuntu-it,2015-04-23,True,11,63
#ubuntu-it,2015-04-23,True,12,6
#ubuntu-it,2015-04-23,True,13,0
#ubuntu-it,2015-04-23,True,14,0
#ubuntu-it,2015-04-23,True,15,16
#ubuntu-it,2015-04-23,True,16,0
#ubuntu-it,2015-04-23,True,17,0
#ubuntu-it,2015-04-23,True,18,100
#ubuntu-it,2015-04-23,True,19,85
#ubuntu-it,2015-04-23,True,20,81
#ubuntu-it,2015-04-23,True,21,92
#ubuntu-it,2015-04-23,True,22,11
#ubuntu-it,2015-04-23,True,23,0
#ubuntu-it,2015-04-30,False,0,0
#ubuntu-it,2015-04-30,False,1,0
#ubuntu-it,2015-04-30,False,2,0
#ubuntu-it,2015-04-30,False,3,0
#ubuntu-it,2015-04-30,False,4,0
#ubuntu-it,2015-04-30,False,5,0
#ubuntu-it,2015-04-30,False,6,0
#ubuntu-it,2015-04-30,False,7,2
#ubuntu-it,2015-04-30,False,8,1
#ubuntu-it,2015-04-30,False,9,34
#ubuntu-it,2015-04-30,False,10,32
#ubuntu-it,2015-04-30,False,11,31
#ubuntu-it,2015-04-30,False,12,35
#ubuntu-it,2015-04-30,False,13,68
#ubuntu-it,2015-04-30,False,14,0
#ubuntu-it,2015-04-30,False,15,1
#ubuntu-it,2015-04-30,False,16,130
#ubuntu-it,2015-04-30,False,17,10
#ubuntu-it,2015-04-30,False,18,96
#ubuntu-it,2015-04-30,False,19,108
#ubuntu-it,2015-04-30,False,20,12
#ubuntu-it,2015-04-30,False,21,61
#ubuntu-it,2015-04-30,False,22,0
#ubuntu-it,2015-04-30,False,23,0
#ubuntu-it,2015-05-07,False,0,0
#ubuntu-it,2015-05-07,False,1,0
#ubuntu-it,2015-05-07,False,2,0
#ubuntu-it,2015-05-07,False,3,0
#ubuntu-it,2015-05-07,False,4,0
#ubuntu-it,2015-05-07,False,5,1
#ubuntu-it,2015-05-07,False,6,8
#ubuntu-it,2015-05-07,False,7,5
#ubuntu-it,2015-05-07,False,8,9
#ubuntu-it,2015-05-07,False,9,9
#ubuntu-it,2015-05-07,False,10,54
#ubuntu-it,2015-05-07,False,11,2
#ubuntu-it,2015-05-07,False,12,24
#ubuntu-it,2015-05-07,False,13,21
#ubuntu-it,2015-05-07,False,14,19
#ubuntu-it,2015-05-07,False,15,99
#ubuntu-it,2015-05-07,False,16,5
#ubuntu-it,2015-05-07,False,17,0
#ubuntu-it,2015-05-07,False,18,17
#ubuntu-it,2015-05-07,False,19,0
#ubuntu-it,2015-05-07,False,20,10
#ubuntu-it,2015-05-07,False,21,0
#ubuntu-it,2015-05-07,False,22,0
#ubuntu-it,2015-05-07,False,23,0
#ubuntu-it,2015-05-14,False,0,0
#ubuntu-it,2015-05-14,False,1,0
#ubuntu-it,2015-05-14,False,2,0
#ubuntu-it,2015-05-14,False,3,0
#ubuntu-it,2015-05-14,False,4,0
#ubuntu-it,2015-05-14,False,5,0
#ubuntu-it,2015-05-14,False,6,0
#ubuntu-it,2015-05-14,False,7,28
#ubuntu-it,2015-05-14,False,8,15
#ubuntu-it,2015-05-14,False,9,4
#ubuntu-it,2015-05-14,False,10,9
#ubuntu-it,2015-05-14,False,11,7
#ubuntu-it,2015-05-14,False,12,10
#ubuntu-it,2015-05-14,False,13,165
#ubuntu-it,2015-05-14,False,14,216
#ubuntu-it,2015-05-14,False,15,74
#ubuntu-it,2015-05-14,False,16,4
#ubuntu-it,2015-05-14,False,17,1
#ubuntu-it,2015-05-14,False,18,10
#ubuntu-it,2015-05-14,False,19,4
#ubuntu-it,2015-05-14,False,20,62
#ubuntu-it,2015-05-14,False,21,66
#ubuntu-it,2015-05-14,False,22,9
#ubuntu-it,2015-05-14,False,23,0
#ubuntu-it,2015-05-21,False,0,0
#ubuntu-it,2015-05-21,False,1,0
#ubuntu-it,2015-05-21,False,2,0
#ubuntu-it,2015-05-21,False,3,0
#ubuntu-it,2015-05-21,False,4,0
#ubuntu-it,2015-05-21,False,5,3
#ubuntu-it,2015-05-21,False,6,1
#ubuntu-it,2015-05-21,False,7,0
#ubuntu-it,2015-05-21,False,8,1
#ubuntu-it,2015-05-21,False,9,88
#ubuntu-it,2015-05-21,False,10,0
#ubuntu-it,2015-05-21,False,11,0
#ubuntu-it,2015-05-21,False,12,32
#ubuntu-it,2015-05-21,False,13,7
#ubuntu-it,2015-05-21,False,14,0
#ubuntu-it,2015-05-21,False,15,32
#ubuntu-it,2015-05-21,False,16,105
#ubuntu-it,2015-05-21,False,17,35
#ubuntu-it,2015-05-21,False,18,0
#ubuntu-it,2015-05-21,False,19,88
#ubuntu-it,2015-05-21,False,20,15
#ubuntu-it,2015-05-21,False,21,16
#ubuntu-it,2015-05-21,False,22,36
#ubuntu-it,2015-05-21,False,23,55
#ubuntu-it,2015-05-28,False,0,0
#ubuntu-it,2015-05-28,False,1,0
#ubuntu-it,2015-05-28,False,2,0
#ubuntu-it,2015-05-28,False,3,0
#ubuntu-it,2015-05-28,False,4,0
#ubuntu-it,2015-05-28,False,5,0
#ubuntu-it,2015-05-28,False,6,5
#ubuntu-it,2015-05-28,False,7,37
#ubuntu-it,2015-05-28,False,8,86
#ubuntu-it,2015-05-28,False,9,81
#ubuntu-it,2015-05-28,False,10,114
#ubuntu-it,2015-05-28,False,11,74
#ubuntu-it,2015-05-28,False,12,6
#ubuntu-it,2015-05-28,False,13,22
#ubuntu-it,2015-05-28,False,14,63
#ubuntu-it,2015-05-28,False,15,22
#ubuntu-it,2015-05-28,False,16,11
#ubuntu-it,2015-05-28,False,17,17
#ubuntu-it,2015-05-28,False,18,8
#ubuntu-it,2015-05-28,False,19,0
#ubuntu-it,2015-05-28,False,20,65
#ubuntu-it,2015-05-28,False,21,56
#ubuntu-it,2015-05-28,False,22,0
#ubuntu-it,2015-05-28,False,23,0
#ubuntu-it,2015-06-04,False,0,2
#ubuntu-it,2015-06-04,False,1,1
#ubuntu-it,2015-06-04,False,2,0
#ubuntu-it,2015-06-04,False,3,0
#ubuntu-it,2015-06-04,False,4,0
#ubuntu-it,2015-06-04,False,5,0
#ubuntu-it,2015-06-04,False,6,0
#ubuntu-it,2015-06-04,False,7,1
#ubuntu-it,2015-06-04,False,8,2
#ubuntu-it,2015-06-04,False,9,135
#ubuntu-it,2015-06-04,False,10,97
#ubuntu-it,2015-06-04,False,11,48
#ubuntu-it,2015-06-04,False,12,0
#ubuntu-it,2015-06-04,False,13,1
#ubuntu-it,2015-06-04,False,14,74
#ubuntu-it,2015-06-04,False,15,93
#ubuntu-it,2015-06-04,False,16,41
#ubuntu-it,2015-06-04,False,17,0
#ubuntu-it,2015-06-04,False,18,0
#ubuntu-it,2015-06-04,False,19,1
#ubuntu-it,2015-06-04,False,20,45
#ubuntu-it,2015-06-04,False,21,26
#ubuntu-it,2015-06-04,False,22,132
#ubuntu-it,2015-06-04,False,23,12
#ubuntu-it,2015-06-11,False,0,0
#ubuntu-it,2015-06-11,False,1,2
#ubuntu-it,2015-06-11,False,2,0
#ubuntu-it,2015-06-11,False,3,3
#ubuntu-it,2015-06-11,False,4,0
#ubuntu-it,2015-06-11,False,5,0
#ubuntu-it,2015-06-11,False,6,2
#ubuntu-it,2015-06-11,False,7,3
#ubuntu-it,2015-06-11,False,8,0
#ubuntu-it,2015-06-11,False,9,102
#ubuntu-it,2015-06-11,False,10,26
#ubuntu-it,2015-06-11,False,11,80
#ubuntu-it,2015-06-11,False,12,31
#ubuntu-it,2015-06-11,False,13,37
#ubuntu-it,2015-06-11,False,14,18
#ubuntu-it,2015-06-11,False,15,15
#ubuntu-it,2015-06-11,False,16,82
#ubuntu-it,2015-06-11,False,17,12
#ubuntu-it,2015-06-11,False,18,117
#ubuntu-it,2015-06-11,False,19,0
#ubuntu-it,2015-06-11,False,20,0
#ubuntu-it,2015-06-11,False,21,0
#ubuntu-it,2015-06-11,False,22,0
#ubuntu-it,2015-06-11,False,23,0
#ubuntu-it,2015-06-18,False,0,0
#ubuntu-it,2015-06-18,False,1,0
#ubuntu-it,2015-06-18,False,2,0
#ubuntu-it,2015-06-18,False,3,0
#ubuntu-it,2015-06-18,False,4,0
#ubuntu-it,2015-06-18,False,5,0
#ubuntu-it,2015-06-18,False,6,1
#ubuntu-it,2015-06-18,False,7,0
#ubuntu-it,2015-06-18,False,8,60
#ubuntu-it,2015-06-18,False,9,41
#ubuntu-it,2015-06-18,False,10,0
#ubuntu-it,2015-06-18,False,11,46
#ubuntu-it,2015-06-18,False,12,2
#ubuntu-it,2015-06-18,False,13,152
#ubuntu-it,2015-06-18,False,14,3
#ubuntu-it,2015-06-18,False,15,0
#ubuntu-it,2015-06-18,False,16,0
#ubuntu-it,2015-06-18,False,17,0
#ubuntu-it,2015-06-18,False,18,18
#ubuntu-it,2015-06-18,False,19,37
#ubuntu-it,2015-06-18,False,20,0
#ubuntu-it,2015-06-18,False,21,5
#ubuntu-it,2015-06-18,False,22,7
#ubuntu-it,2015-06-18,False,23,0
#ubuntu-it,2015-06-25,False,0,0
#ubuntu-it,2015-06-25,False,1,0
#ubuntu-it,2015-06-25,False,2,5
#ubuntu-it,2015-06-25,False,3,2
#ubuntu-it,2015-06-25,False,4,0
#ubuntu-it,2015-06-25,False,5,0
#ubuntu-it,2015-06-25,False,6,0
#ubuntu-it,2015-06-25,False,7,3
#ubuntu-it,2015-06-25,False,8,10
#ubuntu-it,2015-06-25,False,9,6
#ubuntu-it,2015-06-25,False,10,4
#ubuntu-it,2015-06-25,False,11,3
#ubuntu-it,2015-06-25,False,12,0
#ubuntu-it,2015-06-25,False,13,27
#ubuntu-it,2015-06-25,False,14,20
#ubuntu-it,2015-06-25,False,15,27
#ubuntu-it,2015-06-25,False,16,3
#ubuntu-it,2015-06-25,False,17,2
#ubuntu-it,2015-06-25,False,18,6
#ubuntu-it,2015-06-25,False,19,56
#ubuntu-it,2015-06-25,False,20,14
#ubuntu-it,2015-06-25,False,21,0
#ubuntu-it,2015-06-25,False,22,7
#ubuntu-it,2015-06-25,False,23,0
#ubuntu-it,2015-07-02,False,0,0
#ubuntu-it,2015-07-02,False,1,0
#ubuntu-it,2015-07-02,False,2,0
#ubuntu-it,2015-07-02,False,3,0
#ubuntu-it,2015-07-02,False,4,0
#ubuntu-it,2015-07-02,False,5,0
#ubuntu-it,2015-07-02,False,6,4
#ubuntu-it,2015-07-02,False,7,47
#ubuntu-it,2015-07-02,False,8,6
#ubuntu-it,2015-07-02,False,9,64
#ubuntu-it,2015-07-02,False,10,8
#ubuntu-it,2015-07-02,False,11,0
#ubuntu-it,2015-07-02,False,12,0
#ubuntu-it,2015-07-02,False,13,0
#ubuntu-it,2015-07-02,False,14,0
#ubuntu-it,2015-07-02,False,15,0
#ubuntu-it,2015-07-02,False,16,0
#ubuntu-it,2015-07-02,False,17,0
#ubuntu-it,2015-07-02,False,18,0
#ubuntu-it,2015-07-02,False,19,0
#ubuntu-it,2015-07-02,False,20,0
#ubuntu-it,2015-07-02,False,21,0
#ubuntu-it,2015-07-02,False,22,1
#ubuntu-it,2015-07-02,False,23,0
#ubuntu-it,2015-07-09,False,0,0
#ubuntu-it,2015-07-09,False,1,0
#ubuntu-it,2015-07-09,False,2,0
#ubuntu-it,2015-07-09,False,3,0
#ubuntu-it,2015-07-09,False,4,0
#ubuntu-it,2015-07-09,False,5,0
#ubuntu-it,2015-07-09,False,6,0
#ubuntu-it,2015-07-09,False,7,31
#ubuntu-it,2015-07-09,False,8,0
#ubuntu-it,2015-07-09,False,9,73
#ubuntu-it,2015-07-09,False,10,174
#ubuntu-it,2015-07-09,False,11,0
#ubuntu-it,2015-07-09,False,12,0
#ubuntu-it,2015-07-09,False,13,41
#ubuntu-it,2015-07-09,False,14,10
#ubuntu-it,2015-07-09,False,15,4
#ubuntu-it,2015-07-09,False,16,43
#ubuntu-it,2015-07-09,False,17,24
#ubuntu-it,2015-07-09,False,18,8
#ubuntu-it,2015-07-09,False,19,1
#ubuntu-it,2015-07-09,False,20,0
#ubuntu-it,2015-07-09,False,21,0
#ubuntu-it,2015-07-09,False,22,0
#ubuntu-it,2015-07-09,False,23,0
#ubuntu-it,2015-07-16,False,0,0
#ubuntu-it,2015-07-16,False,1,0
#ubuntu-it,2015-07-16,False,2,0
#ubuntu-it,2015-07-16,False,3,0
#ubuntu-it,2015-07-16,False,4,0
#ubuntu-it,2015-07-16,False,5,0
#ubuntu-it,2015-07-16,False,6,0
#ubuntu-it,2015-07-16,False,7,0
#ubuntu-it,2015-07-16,False,8,0
#ubuntu-it,2015-07-16,False,9,0
#ubuntu-it,2015-07-16,False,10,21
#ubuntu-it,2015-07-16,False,11,10
#ubuntu-it,2015-07-16,False,12,18
#ubuntu-it,2015-07-16,False,13,26
#ubuntu-it,2015-07-16,False,14,4
#ubuntu-it,2015-07-16,False,15,0
#ubuntu-it,2015-07-16,False,16,17
#ubuntu-it,2015-07-16,False,17,78
#ubuntu-it,2015-07-16,False,18,32
#ubuntu-it,2015-07-16,False,19,16
#ubuntu-it,2015-07-16,False,20,0
#ubuntu-it,2015-07-16,False,21,6
#ubuntu-it,2015-07-16,False,22,0
#ubuntu-it,2015-07-16,False,23,0
#ubuntu-it,2015-07-23,False,0,0
#ubuntu-it,2015-07-23,False,1,0
#ubuntu-it,2015-07-23,False,2,0
#ubuntu-it,2015-07-23,False,3,0
#ubuntu-it,2015-07-23,False,4,0
#ubuntu-it,2015-07-23,False,5,1
#ubuntu-it,2015-07-23,False,6,2
#ubuntu-it,2015-07-23,False,7,0
#ubuntu-it,2015-07-23,False,8,2
#ubuntu-it,2015-07-23,False,9,85
#ubuntu-it,2015-07-23,False,10,7
#ubuntu-it,2015-07-23,False,11,0
#ubuntu-it,2015-07-23,False,12,0
#ubuntu-it,2015-07-23,False,13,1
#ubuntu-it,2015-07-23,False,14,92
#ubuntu-it,2015-07-23,False,15,10
#ubuntu-it,2015-07-23,False,16,44
#ubuntu-it,2015-07-23,False,17,79
#ubuntu-it,2015-07-23,False,18,13
#ubuntu-it,2015-07-23,False,19,9
#ubuntu-it,2015-07-23,False,20,8
#ubuntu-it,2015-07-23,False,21,0
#ubuntu-it,2015-07-23,False,22,0
#ubuntu-it,2015-07-23,False,23,1
#ubuntu-it,2015-07-30,False,0,0
#ubuntu-it,2015-07-30,False,1,0
#ubuntu-it,2015-07-30,False,2,0
#ubuntu-it,2015-07-30,False,3,0
#ubuntu-it,2015-07-30,False,4,0
#ubuntu-it,2015-07-30,False,5,6
#ubuntu-it,2015-07-30,False,6,0
#ubuntu-it,2015-07-30,False,7,5
#ubuntu-it,2015-07-30,False,8,84
#ubuntu-it,2015-07-30,False,9,110
#ubuntu-it,2015-07-30,False,10,39
#ubuntu-it,2015-07-30,False,11,155
#ubuntu-it,2015-07-30,False,12,51
#ubuntu-it,2015-07-30,False,13,13
#ubuntu-it,2015-07-30,False,14,33
#ubuntu-it,2015-07-30,False,15,21
#ubuntu-it,2015-07-30,False,16,20
#ubuntu-it,2015-07-30,False,17,42
#ubuntu-it,2015-07-30,False,18,7
#ubuntu-it,2015-07-30,False,19,0
#ubuntu-it,2015-07-30,False,20,0
#ubuntu-it,2015-07-30,False,21,0
#ubuntu-it,2015-07-30,False,22,0
#ubuntu-it,2015-07-30,False,23,2
#ubuntu-it,2015-08-06,False,0,0
#ubuntu-it,2015-08-06,False,1,0
#ubuntu-it,2015-08-06,False,2,0
#ubuntu-it,2015-08-06,False,3,0
#ubuntu-it,2015-08-06,False,4,0
#ubuntu-it,2015-08-06,False,5,0
#ubuntu-it,2015-08-06,False,6,2
#ubuntu-it,2015-08-06,False,7,3
#ubuntu-it,2015-08-06,False,8,0
#ubuntu-it,2015-08-06,False,9,25
#ubuntu-it,2015-08-06,False,10,37
#ubuntu-it,2015-08-06,False,11,51
#ubuntu-it,2015-08-06,False,12,16
#ubuntu-it,2015-08-06,False,13,2
#ubuntu-it,2015-08-06,False,14,1
#ubuntu-it,2015-08-06,False,15,0
#ubuntu-it,2015-08-06,False,16,0
#ubuntu-it,2015-08-06,False,17,3
#ubuntu-it,2015-08-06,False,18,7
#ubuntu-it,2015-08-06,False,19,63
#ubuntu-it,2015-08-06,False,20,4
#ubuntu-it,2015-08-06,False,21,0
#ubuntu-it,2015-08-06,False,22,3
#ubuntu-it,2015-08-06,False,23,0
#ubuntu-it,2015-08-13,False,0,0
#ubuntu-it,2015-08-13,False,1,0
#ubuntu-it,2015-08-13,False,2,0
#ubuntu-it,2015-08-13,False,3,0
#ubuntu-it,2015-08-13,False,4,0
#ubuntu-it,2015-08-13,False,5,0
#ubuntu-it,2015-08-13,False,6,17
#ubuntu-it,2015-08-13,False,7,1
#ubuntu-it,2015-08-13,False,8,0
#ubuntu-it,2015-08-13,False,9,0
#ubuntu-it,2015-08-13,False,10,21
#ubuntu-it,2015-08-13,False,11,0
#ubuntu-it,2015-08-13,False,12,51
#ubuntu-it,2015-08-13,False,13,42
#ubuntu-it,2015-08-13,False,14,48
#ubuntu-it,2015-08-13,False,15,80
#ubuntu-it,2015-08-13,False,16,79
#ubuntu-it,2015-08-13,False,17,85
#ubuntu-it,2015-08-13,False,18,45
#ubuntu-it,2015-08-13,False,19,1
#ubuntu-it,2015-08-13,False,20,10
#ubuntu-it,2015-08-13,False,21,81
#ubuntu-it,2015-08-13,False,22,22
#ubuntu-it,2015-08-13,False,23,0
#ubuntu-it,2015-08-20,False,0,0
#ubuntu-it,2015-08-20,False,1,0
#ubuntu-it,2015-08-20,False,2,0
#ubuntu-it,2015-08-20,False,3,0
#ubuntu-it,2015-08-20,False,4,0
#ubuntu-it,2015-08-20,False,5,0
#ubuntu-it,2015-08-20,False,6,0
#ubuntu-it,2015-08-20,False,7,0
#ubuntu-it,2015-08-20,False,8,0
#ubuntu-it,2015-08-20,False,9,0
#ubuntu-it,2015-08-20,False,10,0
#ubuntu-it,2015-08-20,False,11,62
#ubuntu-it,2015-08-20,False,12,10
#ubuntu-it,2015-08-20,False,13,18
#ubuntu-it,2015-08-20,False,14,5
#ubuntu-it,2015-08-20,False,15,21
#ubuntu-it,2015-08-20,False,16,13
#ubuntu-it,2015-08-20,False,17,26
#ubuntu-it,2015-08-20,False,18,7
#ubuntu-it,2015-08-20,False,19,0
#ubuntu-it,2015-08-20,False,20,19
#ubuntu-it,2015-08-20,False,21,1
#ubuntu-it,2015-08-20,False,22,24
#ubuntu-it,2015-08-20,False,23,1
#ubuntu-it,2015-08-27,False,0,0
#ubuntu-it,2015-08-27,False,1,0
#ubuntu-it,2015-08-27,False,2,0
#ubuntu-it,2015-08-27,False,3,0
#ubuntu-it,2015-08-27,False,4,0
#ubuntu-it,2015-08-27,False,5,0
#ubuntu-it,2015-08-27,False,6,0
#ubuntu-it,2015-08-27,False,7,0
#ubuntu-it,2015-08-27,False,8,43
#ubuntu-it,2015-08-27,False,9,0
#ubuntu-it,2015-08-27,False,10,18
#ubuntu-it,2015-08-27,False,11,0
#ubuntu-it,2015-08-27,False,12,38
#ubuntu-it,2015-08-27,False,13,6
#ubuntu-it,2015-08-27,False,14,0
#ubuntu-it,2015-08-27,False,15,19
#ubuntu-it,2015-08-27,False,16,0
#ubuntu-it,2015-08-27,False,17,0
#ubuntu-it,2015-08-27,False,18,3
#ubuntu-it,2015-08-27,False,19,7
#ubuntu-it,2015-08-27,False,20,9
#ubuntu-it,2015-08-27,False,21,57
#ubuntu-it,2015-08-27,False,22,99
#ubuntu-it,2015-08-27,False,23,0
#ubuntu-it,2015-09-03,False,0,0
#ubuntu-it,2015-09-03,False,1,0
#ubuntu-it,2015-09-03,False,2,0
#ubuntu-it,2015-09-03,False,3,0
#ubuntu-it,2015-09-03,False,4,0
#ubuntu-it,2015-09-03,False,5,0
#ubuntu-it,2015-09-03,False,6,20
#ubuntu-it,2015-09-03,False,7,34
#ubuntu-it,2015-09-03,False,8,0
#ubuntu-it,2015-09-03,False,9,0
#ubuntu-it,2015-09-03,False,10,12
#ubuntu-it,2015-09-03,False,11,147
#ubuntu-it,2015-09-03,False,12,35
#ubuntu-it,2015-09-03,False,13,14
#ubuntu-it,2015-09-03,False,14,3
#ubuntu-it,2015-09-03,False,15,0
#ubuntu-it,2015-09-03,False,16,0
#ubuntu-it,2015-09-03,False,17,0
#ubuntu-it,2015-09-03,False,18,15
#ubuntu-it,2015-09-03,False,19,68
#ubuntu-it,2015-09-03,False,20,77
#ubuntu-it,2015-09-03,False,21,2
#ubuntu-it,2015-09-03,False,22,7
#ubuntu-it,2015-09-03,False,23,0
#ubuntu-it,2015-09-10,False,0,0
#ubuntu-it,2015-09-10,False,1,0
#ubuntu-it,2015-09-10,False,2,0
#ubuntu-it,2015-09-10,False,3,0
#ubuntu-it,2015-09-10,False,4,0
#ubuntu-it,2015-09-10,False,5,0
#ubuntu-it,2015-09-10,False,6,0
#ubuntu-it,2015-09-10,False,7,15
#ubuntu-it,2015-09-10,False,8,125
#ubuntu-it,2015-09-10,False,9,42
#ubuntu-it,2015-09-10,False,10,5
#ubuntu-it,2015-09-10,False,11,10
#ubuntu-it,2015-09-10,False,12,30
#ubuntu-it,2015-09-10,False,13,41
#ubuntu-it,2015-09-10,False,14,15
#ubuntu-it,2015-09-10,False,15,23
#ubuntu-it,2015-09-10,False,16,67
#ubuntu-it,2015-09-10,False,17,3
#ubuntu-it,2015-09-10,False,18,2
#ubuntu-it,2015-09-10,False,19,6
#ubuntu-it,2015-09-10,False,20,0
#ubuntu-it,2015-09-10,False,21,21
#ubuntu-it,2015-09-10,False,22,0
#ubuntu-it,2015-09-10,False,23,0
#ubuntu-it,2015-09-17,False,0,0
#ubuntu-it,2015-09-17,False,1,0
#ubuntu-it,2015-09-17,False,2,0
#ubuntu-it,2015-09-17,False,3,0
#ubuntu-it,2015-09-17,False,4,0
#ubuntu-it,2015-09-17,False,5,0
#ubuntu-it,2015-09-17,False,6,4
#ubuntu-it,2015-09-17,False,7,0
#ubuntu-it,2015-09-17,False,8,1
#ubuntu-it,2015-09-17,False,9,5
#ubuntu-it,2015-09-17,False,10,28
#ubuntu-it,2015-09-17,False,11,24
#ubuntu-it,2015-09-17,False,12,31
#ubuntu-it,2015-09-17,False,13,66
#ubuntu-it,2015-09-17,False,14,50
#ubuntu-it,2015-09-17,False,15,37
#ubuntu-it,2015-09-17,False,16,4
#ubuntu-it,2015-09-17,False,17,0
#ubuntu-it,2015-09-17,False,18,0
#ubuntu-it,2015-09-17,False,19,50
#ubuntu-it,2015-09-17,False,20,0
#ubuntu-it,2015-09-17,False,21,0
#ubuntu-it,2015-09-17,False,22,0
#ubuntu-it,2015-09-17,False,23,0
#ubuntu-it,2015-09-24,False,0,11
#ubuntu-it,2015-09-24,False,1,0
#ubuntu-it,2015-09-24,False,2,0
#ubuntu-it,2015-09-24,False,3,0
#ubuntu-it,2015-09-24,False,4,0
#ubuntu-it,2015-09-24,False,5,0
#ubuntu-it,2015-09-24,False,6,4
#ubuntu-it,2015-09-24,False,7,6
#ubuntu-it,2015-09-24,False,8,27
#ubuntu-it,2015-09-24,False,9,16
#ubuntu-it,2015-09-24,False,10,126
#ubuntu-it,2015-09-24,False,11,63
#ubuntu-it,2015-09-24,False,12,57
#ubuntu-it,2015-09-24,False,13,6
#ubuntu-it,2015-09-24,False,14,2
#ubuntu-it,2015-09-24,False,15,2
#ubuntu-it,2015-09-24,False,16,17
#ubuntu-it,2015-09-24,False,17,93
#ubuntu-it,2015-09-24,False,18,77
#ubuntu-it,2015-09-24,False,19,0
#ubuntu-it,2015-09-24,False,20,3
#ubuntu-it,2015-09-24,False,21,0
#ubuntu-it,2015-09-24,False,22,0
#ubuntu-it,2015-09-24,False,23,0
#ubuntu-it,2015-10-01,False,0,0
#ubuntu-it,2015-10-01,False,1,0
#ubuntu-it,2015-10-01,False,2,0
#ubuntu-it,2015-10-01,False,3,0
#ubuntu-it,2015-10-01,False,4,0
#ubuntu-it,2015-10-01,False,5,0
#ubuntu-it,2015-10-01,False,6,0
#ubuntu-it,2015-10-01,False,7,1
#ubuntu-it,2015-10-01,False,8,11
#ubuntu-it,2015-10-01,False,9,35
#ubuntu-it,2015-10-01,False,10,111
#ubuntu-it,2015-10-01,False,11,34
#ubuntu-it,2015-10-01,False,12,27
#ubuntu-it,2015-10-01,False,13,42
#ubuntu-it,2015-10-01,False,14,16
#ubuntu-it,2015-10-01,False,15,44
#ubuntu-it,2015-10-01,False,16,0
#ubuntu-it,2015-10-01,False,17,10
#ubuntu-it,2015-10-01,False,18,0
#ubuntu-it,2015-10-01,False,19,12
#ubuntu-it,2015-10-01,False,20,0
#ubuntu-it,2015-10-01,False,21,0
#ubuntu-it,2015-10-01,False,22,0
#ubuntu-it,2015-10-01,False,23,0
#ubuntu-it,2015-10-08,False,0,0
#ubuntu-it,2015-10-08,False,1,0
#ubuntu-it,2015-10-08,False,2,0
#ubuntu-it,2015-10-08,False,3,0
#ubuntu-it,2015-10-08,False,4,0
#ubuntu-it,2015-10-08,False,5,0
#ubuntu-it,2015-10-08,False,6,1
#ubuntu-it,2015-10-08,False,7,24
#ubuntu-it,2015-10-08,False,8,0
#ubuntu-it,2015-10-08,False,9,21
#ubuntu-it,2015-10-08,False,10,3
#ubuntu-it,2015-10-08,False,11,0
#ubuntu-it,2015-10-08,False,12,21
#ubuntu-it,2015-10-08,False,13,167
#ubuntu-it,2015-10-08,False,14,79
#ubuntu-it,2015-10-08,False,15,30
#ubuntu-it,2015-10-08,False,16,43
#ubuntu-it,2015-10-08,False,17,43
#ubuntu-it,2015-10-08,False,18,41
#ubuntu-it,2015-10-08,False,19,5
#ubuntu-it,2015-10-08,False,20,21
#ubuntu-it,2015-10-08,False,21,0
#ubuntu-it,2015-10-08,False,22,0
#ubuntu-it,2015-10-08,False,23,10
#ubuntu-it,2015-10-15,False,0,0
#ubuntu-it,2015-10-15,False,1,0
#ubuntu-it,2015-10-15,False,2,0
#ubuntu-it,2015-10-15,False,3,0
#ubuntu-it,2015-10-15,False,4,0
#ubuntu-it,2015-10-15,False,5,0
#ubuntu-it,2015-10-15,False,6,1
#ubuntu-it,2015-10-15,False,7,0
#ubuntu-it,2015-10-15,False,8,44
#ubuntu-it,2015-10-15,False,9,41
#ubuntu-it,2015-10-15,False,10,18
#ubuntu-it,2015-10-15,False,11,77
#ubuntu-it,2015-10-15,False,12,109
#ubuntu-it,2015-10-15,False,13,50
#ubuntu-it,2015-10-15,False,14,58
#ubuntu-it,2015-10-15,False,15,135
#ubuntu-it,2015-10-15,False,16,89
#ubuntu-it,2015-10-15,False,17,12
#ubuntu-it,2015-10-15,False,18,7
#ubuntu-it,2015-10-15,False,19,7
#ubuntu-it,2015-10-15,False,20,5
#ubuntu-it,2015-10-15,False,21,3
#ubuntu-it,2015-10-15,False,22,0
#ubuntu-it,2015-10-15,False,23,0
#ubuntu-it,2015-10-22,True,0,0
#ubuntu-it,2015-10-22,True,1,0
#ubuntu-it,2015-10-22,True,2,0
#ubuntu-it,2015-10-22,True,3,1
#ubuntu-it,2015-10-22,True,4,0
#ubuntu-it,2015-10-22,True,5,0
#ubuntu-it,2015-10-22,True,6,6
#ubuntu-it,2015-10-22,True,7,1
#ubuntu-it,2015-10-22,True,8,97
#ubuntu-it,2015-10-22,True,9,62
#ubuntu-it,2015-10-22,True,10,12
#ubuntu-it,2015-10-22,True,11,2
#ubuntu-it,2015-10-22,True,12,20
#ubuntu-it,2015-10-22,True,13,9
#ubuntu-it,2015-10-22,True,14,53
#ubuntu-it,2015-10-22,True,15,78
#ubuntu-it,2015-10-22,True,16,18
#ubuntu-it,2015-10-22,True,17,59
#ubuntu-it,2015-10-22,True,18,61
#ubuntu-it,2015-10-22,True,19,85
#ubuntu-it,2015-10-22,True,20,2
#ubuntu-it,2015-10-22,True,21,2
#ubuntu-it,2015-10-22,True,22,2
#ubuntu-it,2015-10-22,True,23,0
#ubuntu-it,2015-10-29,False,0,0
#ubuntu-it,2015-10-29,False,1,0
#ubuntu-it,2015-10-29,False,2,0
#ubuntu-it,2015-10-29,False,3,0
#ubuntu-it,2015-10-29,False,4,0
#ubuntu-it,2015-10-29,False,5,0
#ubuntu-it,2015-10-29,False,6,0
#ubuntu-it,2015-10-29,False,7,1
#ubuntu-it,2015-10-29,False,8,7
#ubuntu-it,2015-10-29,False,9,61
#ubuntu-it,2015-10-29,False,10,43
#ubuntu-it,2015-10-29,False,11,3
#ubuntu-it,2015-10-29,False,12,25
#ubuntu-it,2015-10-29,False,13,15
#ubuntu-it,2015-10-29,False,14,16
#ubuntu-it,2015-10-29,False,15,43
#ubuntu-it,2015-10-29,False,16,2
#ubuntu-it,2015-10-29,False,17,78
#ubuntu-it,2015-10-29,False,18,178
#ubuntu-it,2015-10-29,False,19,38
#ubuntu-it,2015-10-29,False,20,67
#ubuntu-it,2015-10-29,False,21,15
#ubuntu-it,2015-10-29,False,22,0
#ubuntu-it,2015-10-29,False,23,3
#ubuntu-it,2015-11-05,False,0,0
#ubuntu-it,2015-11-05,False,1,2
#ubuntu-it,2015-11-05,False,2,0
#ubuntu-it,2015-11-05,False,3,0
#ubuntu-it,2015-11-05,False,4,0
#ubuntu-it,2015-11-05,False,5,0
#ubuntu-it,2015-11-05,False,6,0
#ubuntu-it,2015-11-05,False,7,1
#ubuntu-it,2015-11-05,False,8,0
#ubuntu-it,2015-11-05,False,9,0
#ubuntu-it,2015-11-05,False,10,1
#ubuntu-it,2015-11-05,False,11,10
#ubuntu-it,2015-11-05,False,12,70
#ubuntu-it,2015-11-05,False,13,4
#ubuntu-it,2015-11-05,False,14,0
#ubuntu-it,2015-11-05,False,15,0
#ubuntu-it,2015-11-05,False,16,54
#ubuntu-it,2015-11-05,False,17,32
#ubuntu-it,2015-11-05,False,18,16
#ubuntu-it,2015-11-05,False,19,2
#ubuntu-it,2015-11-05,False,20,43
#ubuntu-it,2015-11-05,False,21,12
#ubuntu-it,2015-11-05,False,22,22
#ubuntu-it,2015-11-05,False,23,0
#ubuntu-it,2015-11-12,False,0,0
#ubuntu-it,2015-11-12,False,1,0
#ubuntu-it,2015-11-12,False,2,0
#ubuntu-it,2015-11-12,False,3,0
#ubuntu-it,2015-11-12,False,4,0
#ubuntu-it,2015-11-12,False,5,0
#ubuntu-it,2015-11-12,False,6,0
#ubuntu-it,2015-11-12,False,7,0
#ubuntu-it,2015-11-12,False,8,1
#ubuntu-it,2015-11-12,False,9,39
#ubuntu-it,2015-11-12,False,10,25
#ubuntu-it,2015-11-12,False,11,4
#ubuntu-it,2015-11-12,False,12,46
#ubuntu-it,2015-11-12,False,13,40
#ubuntu-it,2015-11-12,False,14,0
#ubuntu-it,2015-11-12,False,15,19
#ubuntu-it,2015-11-12,False,16,118
#ubuntu-it,2015-11-12,False,17,72
#ubuntu-it,2015-11-12,False,18,89
#ubuntu-it,2015-11-12,False,19,28
#ubuntu-it,2015-11-12,False,20,0
#ubuntu-it,2015-11-12,False,21,0
#ubuntu-it,2015-11-12,False,22,13
#ubuntu-it,2015-11-12,False,23,0
#ubuntu-it,2015-11-19,False,0,80
#ubuntu-it,2015-11-19,False,1,3
#ubuntu-it,2015-11-19,False,2,1
#ubuntu-it,2015-11-19,False,3,0
#ubuntu-it,2015-11-19,False,4,0
#ubuntu-it,2015-11-19,False,5,0
#ubuntu-it,2015-11-19,False,6,0
#ubuntu-it,2015-11-19,False,7,0
#ubuntu-it,2015-11-19,False,8,1
#ubuntu-it,2015-11-19,False,9,10
#ubuntu-it,2015-11-19,False,10,4
#ubuntu-it,2015-11-19,False,11,1
#ubuntu-it,2015-11-19,False,12,9
#ubuntu-it,2015-11-19,False,13,34
#ubuntu-it,2015-11-19,False,14,14
#ubuntu-it,2015-11-19,False,15,31
#ubuntu-it,2015-11-19,False,16,65
#ubuntu-it,2015-11-19,False,17,71
#ubuntu-it,2015-11-19,False,18,130
#ubuntu-it,2015-11-19,False,19,66
#ubuntu-it,2015-11-19,False,20,30
#ubuntu-it,2015-11-19,False,21,28
#ubuntu-it,2015-11-19,False,22,66
#ubuntu-it,2015-11-19,False,23,70
#ubuntu-it,2015-11-26,False,0,35
#ubuntu-it,2015-11-26,False,1,9
#ubuntu-it,2015-11-26,False,2,0
#ubuntu-it,2015-11-26,False,3,0
#ubuntu-it,2015-11-26,False,4,0
#ubuntu-it,2015-11-26,False,5,0
#ubuntu-it,2015-11-26,False,6,0
#ubuntu-it,2015-11-26,False,7,0
#ubuntu-it,2015-11-26,False,8,18
#ubuntu-it,2015-11-26,False,9,12
#ubuntu-it,2015-11-26,False,10,29
#ubuntu-it,2015-11-26,False,11,0
#ubuntu-it,2015-11-26,False,12,31
#ubuntu-it,2015-11-26,False,13,23
#ubuntu-it,2015-11-26,False,14,62
#ubuntu-it,2015-11-26,False,15,9
#ubuntu-it,2015-11-26,False,16,103
#ubuntu-it,2015-11-26,False,17,126
#ubuntu-it,2015-11-26,False,18,95
#ubuntu-it,2015-11-26,False,19,1
#ubuntu-it,2015-11-26,False,20,0
#ubuntu-it,2015-11-26,False,21,2
#ubuntu-it,2015-11-26,False,22,0
#ubuntu-it,2015-11-26,False,23,0
#ubuntu-it,2015-12-03,False,0,0
#ubuntu-it,2015-12-03,False,1,0
#ubuntu-it,2015-12-03,False,2,0
#ubuntu-it,2015-12-03,False,3,0
#ubuntu-it,2015-12-03,False,4,0
#ubuntu-it,2015-12-03,False,5,0
#ubuntu-it,2015-12-03,False,6,0
#ubuntu-it,2015-12-03,False,7,0
#ubuntu-it,2015-12-03,False,8,0
#ubuntu-it,2015-12-03,False,9,5
#ubuntu-it,2015-12-03,False,10,1
#ubuntu-it,2015-12-03,False,11,0
#ubuntu-it,2015-12-03,False,12,28
#ubuntu-it,2015-12-03,False,13,0
#ubuntu-it,2015-12-03,False,14,3
#ubuntu-it,2015-12-03,False,15,21
#ubuntu-it,2015-12-03,False,16,0
#ubuntu-it,2015-12-03,False,17,1
#ubuntu-it,2015-12-03,False,18,21
#ubuntu-it,2015-12-03,False,19,93
#ubuntu-it,2015-12-03,False,20,1
#ubuntu-it,2015-12-03,False,21,0
#ubuntu-it,2015-12-03,False,22,0
#ubuntu-it,2015-12-03,False,23,0
#ubuntu-it,2015-12-10,False,0,0
#ubuntu-it,2015-12-10,False,1,0
#ubuntu-it,2015-12-10,False,2,0
#ubuntu-it,2015-12-10,False,3,0
#ubuntu-it,2015-12-10,False,4,0
#ubuntu-it,2015-12-10,False,5,0
#ubuntu-it,2015-12-10,False,6,0
#ubuntu-it,2015-12-10,False,7,0
#ubuntu-it,2015-12-10,False,8,0
#ubuntu-it,2015-12-10,False,9,0
#ubuntu-it,2015-12-10,False,10,3
#ubuntu-it,2015-12-10,False,11,183
#ubuntu-it,2015-12-10,False,12,53
#ubuntu-it,2015-12-10,False,13,0
#ubuntu-it,2015-12-10,False,14,16
#ubuntu-it,2015-12-10,False,15,0
#ubuntu-it,2015-12-10,False,16,0
#ubuntu-it,2015-12-10,False,17,6
#ubuntu-it,2015-12-10,False,18,9
#ubuntu-it,2015-12-10,False,19,0
#ubuntu-it,2015-12-10,False,20,0
#ubuntu-it,2015-12-10,False,21,1
#ubuntu-it,2015-12-10,False,22,0
#ubuntu-it,2015-12-10,False,23,1
#ubuntu-it,2015-12-17,False,0,0
#ubuntu-it,2015-12-17,False,1,0
#ubuntu-it,2015-12-17,False,2,0
#ubuntu-it,2015-12-17,False,3,0
#ubuntu-it,2015-12-17,False,4,0
#ubuntu-it,2015-12-17,False,5,0
#ubuntu-it,2015-12-17,False,6,11
#ubuntu-it,2015-12-17,False,7,1
#ubuntu-it,2015-12-17,False,8,0
#ubuntu-it,2015-12-17,False,9,1
#ubuntu-it,2015-12-17,False,10,20
#ubuntu-it,2015-12-17,False,11,5
#ubuntu-it,2015-12-17,False,12,66
#ubuntu-it,2015-12-17,False,13,5
#ubuntu-it,2015-12-17,False,14,0
#ubuntu-it,2015-12-17,False,15,31
#ubuntu-it,2015-12-17,False,16,10
#ubuntu-it,2015-12-17,False,17,4
#ubuntu-it,2015-12-17,False,18,53
#ubuntu-it,2015-12-17,False,19,0
#ubuntu-it,2015-12-17,False,20,2
#ubuntu-it,2015-12-17,False,21,20
#ubuntu-it,2015-12-17,False,22,85
#ubuntu-it,2015-12-17,False,23,18
#ubuntu-it,2015-12-24,False,0,0
#ubuntu-it,2015-12-24,False,1,0
#ubuntu-it,2015-12-24,False,2,0
#ubuntu-it,2015-12-24,False,3,0
#ubuntu-it,2015-12-24,False,4,2
#ubuntu-it,2015-12-24,False,5,0
#ubuntu-it,2015-12-24,False,6,0
#ubuntu-it,2015-12-24,False,7,4
#ubuntu-it,2015-12-24,False,8,5
#ubuntu-it,2015-12-24,False,9,0
#ubuntu-it,2015-12-24,False,10,20
#ubuntu-it,2015-12-24,False,11,44
#ubuntu-it,2015-12-24,False,12,34
#ubuntu-it,2015-12-24,False,13,55
#ubuntu-it,2015-12-24,False,14,16
#ubuntu-it,2015-12-24,False,15,78
#ubuntu-it,2015-12-24,False,16,62
#ubuntu-it,2015-12-24,False,17,0
#ubuntu-it,2015-12-24,False,18,0
#ubuntu-it,2015-12-24,False,19,79
#ubuntu-it,2015-12-24,False,20,76
#ubuntu-it,2015-12-24,False,21,0
#ubuntu-it,2015-12-24,False,22,0
#ubuntu-it,2015-12-24,False,23,0
#ubuntu-it,2015-12-31,False,0,0
#ubuntu-it,2015-12-31,False,1,0
#ubuntu-it,2015-12-31,False,2,0
#ubuntu-it,2015-12-31,False,3,1
#ubuntu-it,2015-12-31,False,4,0
#ubuntu-it,2015-12-31,False,5,0
#ubuntu-it,2015-12-31,False,6,0
#ubuntu-it,2015-12-31,False,7,0
#ubuntu-it,2015-12-31,False,8,0
#ubuntu-it,2015-12-31,False,9,32
#ubuntu-it,2015-12-31,False,10,93
#ubuntu-it,2015-12-31,False,11,0
#ubuntu-it,2015-12-31,False,12,17
#ubuntu-it,2015-12-31,False,13,76
#ubuntu-it,2015-12-31,False,14,46
#ubuntu-it,2015-12-31,False,15,20
#ubuntu-it,2015-12-31,False,16,0
#ubuntu-it,2015-12-31,False,17,3
#ubuntu-it,2015-12-31,False,18,1
#ubuntu-it,2015-12-31,False,19,1
#ubuntu-it,2015-12-31,False,20,0
#ubuntu-it,2015-12-31,False,21,0
#ubuntu-it,2015-12-31,False,22,0
#ubuntu-it,2015-12-31,False,23,0
#ubuntu-it,2016-01-07,False,0,2
#ubuntu-it,2016-01-07,False,1,0
#ubuntu-it,2016-01-07,False,2,0
#ubuntu-it,2016-01-07,False,3,0
#ubuntu-it,2016-01-07,False,4,0
#ubuntu-it,2016-01-07,False,5,0
#ubuntu-it,2016-01-07,False,6,0
#ubuntu-it,2016-01-07,False,7,0
#ubuntu-it,2016-01-07,False,8,5
#ubuntu-it,2016-01-07,False,9,20
#ubuntu-it,2016-01-07,False,10,1
#ubuntu-it,2016-01-07,False,11,61
#ubuntu-it,2016-01-07,False,12,19
#ubuntu-it,2016-01-07,False,13,50
#ubuntu-it,2016-01-07,False,14,26
#ubuntu-it,2016-01-07,False,15,15
#ubuntu-it,2016-01-07,False,16,8
#ubuntu-it,2016-01-07,False,17,44
#ubuntu-it,2016-01-07,False,18,26
#ubuntu-it,2016-01-07,False,19,0
#ubuntu-it,2016-01-07,False,20,0
#ubuntu-it,2016-01-07,False,21,0
#ubuntu-it,2016-01-07,False,22,23
#ubuntu-it,2016-01-07,False,23,48
#ubuntu-it,2016-01-14,False,0,20
#ubuntu-it,2016-01-14,False,1,0
#ubuntu-it,2016-01-14,False,2,0
#ubuntu-it,2016-01-14,False,3,0
#ubuntu-it,2016-01-14,False,4,0
#ubuntu-it,2016-01-14,False,5,0
#ubuntu-it,2016-01-14,False,6,0
#ubuntu-it,2016-01-14,False,7,0
#ubuntu-it,2016-01-14,False,8,0
#ubuntu-it,2016-01-14,False,9,17
#ubuntu-it,2016-01-14,False,10,8
#ubuntu-it,2016-01-14,False,11,0
#ubuntu-it,2016-01-14,False,12,0
#ubuntu-it,2016-01-14,False,13,31
#ubuntu-it,2016-01-14,False,14,46
#ubuntu-it,2016-01-14,False,15,83
#ubuntu-it,2016-01-14,False,16,87
#ubuntu-it,2016-01-14,False,17,114
#ubuntu-it,2016-01-14,False,18,86
#ubuntu-it,2016-01-14,False,19,143
#ubuntu-it,2016-01-14,False,20,175
#ubuntu-it,2016-01-14,False,21,161
#ubuntu-it,2016-01-14,False,22,28
#ubuntu-it,2016-01-14,False,23,0
#ubuntu-it,2016-01-21,False,0,0
#ubuntu-it,2016-01-21,False,1,0
#ubuntu-it,2016-01-21,False,2,0
#ubuntu-it,2016-01-21,False,3,0
#ubuntu-it,2016-01-21,False,4,0
#ubuntu-it,2016-01-21,False,5,0
#ubuntu-it,2016-01-21,False,6,0
#ubuntu-it,2016-01-21,False,7,0
#ubuntu-it,2016-01-21,False,8,0
#ubuntu-it,2016-01-21,False,9,19
#ubuntu-it,2016-01-21,False,10,2
#ubuntu-it,2016-01-21,False,11,4
#ubuntu-it,2016-01-21,False,12,10
#ubuntu-it,2016-01-21,False,13,50
#ubuntu-it,2016-01-21,False,14,131
#ubuntu-it,2016-01-21,False,15,106
#ubuntu-it,2016-01-21,False,16,70
#ubuntu-it,2016-01-21,False,17,113
#ubuntu-it,2016-01-21,False,18,125
#ubuntu-it,2016-01-21,False,19,0
#ubuntu-it,2016-01-21,False,20,50
#ubuntu-it,2016-01-21,False,21,41
#ubuntu-it,2016-01-21,False,22,129
#ubuntu-it,2016-01-21,False,23,28
#ubuntu-it,2016-01-28,False,0,1
#ubuntu-it,2016-01-28,False,1,0
#ubuntu-it,2016-01-28,False,2,0
#ubuntu-it,2016-01-28,False,3,0
#ubuntu-it,2016-01-28,False,4,0
#ubuntu-it,2016-01-28,False,5,0
#ubuntu-it,2016-01-28,False,6,0
#ubuntu-it,2016-01-28,False,7,0
#ubuntu-it,2016-01-28,False,8,4
#ubuntu-it,2016-01-28,False,9,3
#ubuntu-it,2016-01-28,False,10,0
#ubuntu-it,2016-01-28,False,11,65
#ubuntu-it,2016-01-28,False,12,110
#ubuntu-it,2016-01-28,False,13,162
#ubuntu-it,2016-01-28,False,14,113
#ubuntu-it,2016-01-28,False,15,19
#ubuntu-it,2016-01-28,False,16,10
#ubuntu-it,2016-01-28,False,17,66
#ubuntu-it,2016-01-28,False,18,11
#ubuntu-it,2016-01-28,False,19,1
#ubuntu-it,2016-01-28,False,20,47
#ubuntu-it,2016-01-28,False,21,110
#ubuntu-it,2016-01-28,False,22,90
#ubuntu-it,2016-01-28,False,23,5
#ubuntu-it,2016-02-04,False,0,0
#ubuntu-it,2016-02-04,False,1,0
#ubuntu-it,2016-02-04,False,2,0
#ubuntu-it,2016-02-04,False,3,0
#ubuntu-it,2016-02-04,False,4,0
#ubuntu-it,2016-02-04,False,5,0
#ubuntu-it,2016-02-04,False,6,0
#ubuntu-it,2016-02-04,False,7,0
#ubuntu-it,2016-02-04,False,8,2
#ubuntu-it,2016-02-04,False,9,11
#ubuntu-it,2016-02-04,False,10,0
#ubuntu-it,2016-02-04,False,11,2
#ubuntu-it,2016-02-04,False,12,6
#ubuntu-it,2016-02-04,False,13,28
#ubuntu-it,2016-02-04,False,14,37
#ubuntu-it,2016-02-04,False,15,97
#ubuntu-it,2016-02-04,False,16,32
#ubuntu-it,2016-02-04,False,17,127
#ubuntu-it,2016-02-04,False,18,220
#ubuntu-it,2016-02-04,False,19,175
#ubuntu-it,2016-02-04,False,20,116
#ubuntu-it,2016-02-04,False,21,8
#ubuntu-it,2016-02-04,False,22,0
#ubuntu-it,2016-02-04,False,23,39
#ubuntu-it,2016-02-11,False,0,0
#ubuntu-it,2016-02-11,False,1,0
#ubuntu-it,2016-02-11,False,2,0
#ubuntu-it,2016-02-11,False,3,0
#ubuntu-it,2016-02-11,False,4,0
#ubuntu-it,2016-02-11,False,5,0
#ubuntu-it,2016-02-11,False,6,0
#ubuntu-it,2016-02-11,False,7,0
#ubuntu-it,2016-02-11,False,8,0
#ubuntu-it,2016-02-11,False,9,19
#ubuntu-it,2016-02-11,False,10,57
#ubuntu-it,2016-02-11,False,11,128
#ubuntu-it,2016-02-11,False,12,71
#ubuntu-it,2016-02-11,False,13,36
#ubuntu-it,2016-02-11,False,14,64
#ubuntu-it,2016-02-11,False,15,35
#ubuntu-it,2016-02-11,False,16,3
#ubuntu-it,2016-02-11,False,17,12
#ubuntu-it,2016-02-11,False,18,69
#ubuntu-it,2016-02-11,False,19,19
#ubuntu-it,2016-02-11,False,20,56
#ubuntu-it,2016-02-11,False,21,11
#ubuntu-it,2016-02-11,False,22,0
#ubuntu-it,2016-02-11,False,23,0
#ubuntu-it,2016-02-18,False,0,0
#ubuntu-it,2016-02-18,False,1,0
#ubuntu-it,2016-02-18,False,2,0
#ubuntu-it,2016-02-18,False,3,0
#ubuntu-it,2016-02-18,False,4,0
#ubuntu-it,2016-02-18,False,5,0
#ubuntu-it,2016-02-18,False,6,0
#ubuntu-it,2016-02-18,False,7,0
#ubuntu-it,2016-02-18,False,8,0
#ubuntu-it,2016-02-18,False,9,13
#ubuntu-it,2016-02-18,False,10,20
#ubuntu-it,2016-02-18,False,11,1
#ubuntu-it,2016-02-18,False,12,98
#ubuntu-it,2016-02-18,False,13,88
#ubuntu-it,2016-02-18,False,14,5
#ubuntu-it,2016-02-18,False,15,61
#ubuntu-it,2016-02-18,False,16,126
#ubuntu-it,2016-02-18,False,17,10
#ubuntu-it,2016-02-18,False,18,17
#ubuntu-it,2016-02-18,False,19,110
#ubuntu-it,2016-02-18,False,20,82
#ubuntu-it,2016-02-18,False,21,45
#ubuntu-it,2016-02-18,False,22,7
#ubuntu-it,2016-02-18,False,23,2
#ubuntu-it,2016-02-25,False,0,0
#ubuntu-it,2016-02-25,False,1,0
#ubuntu-it,2016-02-25,False,2,0
#ubuntu-it,2016-02-25,False,3,0
#ubuntu-it,2016-02-25,False,4,0
#ubuntu-it,2016-02-25,False,5,0
#ubuntu-it,2016-02-25,False,6,0
#ubuntu-it,2016-02-25,False,7,0
#ubuntu-it,2016-02-25,False,8,3
#ubuntu-it,2016-02-25,False,9,0
#ubuntu-it,2016-02-25,False,10,2
#ubuntu-it,2016-02-25,False,11,10
#ubuntu-it,2016-02-25,False,12,0
#ubuntu-it,2016-02-25,False,13,0
#ubuntu-it,2016-02-25,False,14,2
#ubuntu-it,2016-02-25,False,15,0
#ubuntu-it,2016-02-25,False,16,20
#ubuntu-it,2016-02-25,False,17,0
#ubuntu-it,2016-02-25,False,18,28
#ubuntu-it,2016-02-25,False,19,30
#ubuntu-it,2016-02-25,False,20,34
#ubuntu-it,2016-02-25,False,21,65
#ubuntu-it,2016-02-25,False,22,60
#ubuntu-it,2016-02-25,False,23,50
#ubuntu-it,2016-03-03,False,0,0
#ubuntu-it,2016-03-03,False,1,7
#ubuntu-it,2016-03-03,False,2,0
#ubuntu-it,2016-03-03,False,3,0
#ubuntu-it,2016-03-03,False,4,0
#ubuntu-it,2016-03-03,False,5,0
#ubuntu-it,2016-03-03,False,6,0
#ubuntu-it,2016-03-03,False,7,0
#ubuntu-it,2016-03-03,False,8,21
#ubuntu-it,2016-03-03,False,9,4
#ubuntu-it,2016-03-03,False,10,24
#ubuntu-it,2016-03-03,False,11,2
#ubuntu-it,2016-03-03,False,12,9
#ubuntu-it,2016-03-03,False,13,29
#ubuntu-it,2016-03-03,False,14,1
#ubuntu-it,2016-03-03,False,15,5
#ubuntu-it,2016-03-03,False,16,42
#ubuntu-it,2016-03-03,False,17,4
#ubuntu-it,2016-03-03,False,18,15
#ubuntu-it,2016-03-03,False,19,52
#ubuntu-it,2016-03-03,False,20,5
#ubuntu-it,2016-03-03,False,21,125
#ubuntu-it,2016-03-03,False,22,117
#ubuntu-it,2016-03-03,False,23,79
#ubuntu-it,2016-03-10,False,0,0
#ubuntu-it,2016-03-10,False,1,0
#ubuntu-it,2016-03-10,False,2,0
#ubuntu-it,2016-03-10,False,3,0
#ubuntu-it,2016-03-10,False,4,0
#ubuntu-it,2016-03-10,False,5,0
#ubuntu-it,2016-03-10,False,6,0
#ubuntu-it,2016-03-10,False,7,0
#ubuntu-it,2016-03-10,False,8,36
#ubuntu-it,2016-03-10,False,9,28
#ubuntu-it,2016-03-10,False,10,26
#ubuntu-it,2016-03-10,False,11,47
#ubuntu-it,2016-03-10,False,12,1
#ubuntu-it,2016-03-10,False,13,0
#ubuntu-it,2016-03-10,False,14,29
#ubuntu-it,2016-03-10,False,15,99
#ubuntu-it,2016-03-10,False,16,127
#ubuntu-it,2016-03-10,False,17,90
#ubuntu-it,2016-03-10,False,18,34
#ubuntu-it,2016-03-10,False,19,71
#ubuntu-it,2016-03-10,False,20,27
#ubuntu-it,2016-03-10,False,21,24
#ubuntu-it,2016-03-10,False,22,0
#ubuntu-it,2016-03-10,False,23,0
#ubuntu-it,2016-03-17,False,0,12
#ubuntu-it,2016-03-17,False,1,0
#ubuntu-it,2016-03-17,False,2,0
#ubuntu-it,2016-03-17,False,3,0
#ubuntu-it,2016-03-17,False,4,0
#ubuntu-it,2016-03-17,False,5,0
#ubuntu-it,2016-03-17,False,6,0
#ubuntu-it,2016-03-17,False,7,0
#ubuntu-it,2016-03-17,False,8,0
#ubuntu-it,2016-03-17,False,9,44
#ubuntu-it,2016-03-17,False,10,139
#ubuntu-it,2016-03-17,False,11,28
#ubuntu-it,2016-03-17,False,12,16
#ubuntu-it,2016-03-17,False,13,2
#ubuntu-it,2016-03-17,False,14,18
#ubuntu-it,2016-03-17,False,15,6
#ubuntu-it,2016-03-17,False,16,25
#ubuntu-it,2016-03-17,False,17,23
#ubuntu-it,2016-03-17,False,18,13
#ubuntu-it,2016-03-17,False,19,0
#ubuntu-it,2016-03-17,False,20,0
#ubuntu-it,2016-03-17,False,21,15
#ubuntu-it,2016-03-17,False,22,20
#ubuntu-it,2016-03-17,False,23,0
#ubuntu-it,2016-03-24,False,0,22
#ubuntu-it,2016-03-24,False,1,0
#ubuntu-it,2016-03-24,False,2,0
#ubuntu-it,2016-03-24,False,3,0
#ubuntu-it,2016-03-24,False,4,0
#ubuntu-it,2016-03-24,False,5,0
#ubuntu-it,2016-03-24,False,6,0
#ubuntu-it,2016-03-24,False,7,46
#ubuntu-it,2016-03-24,False,8,6
#ubuntu-it,2016-03-24,False,9,50
#ubuntu-it,2016-03-24,False,10,70
#ubuntu-it,2016-03-24,False,11,0
#ubuntu-it,2016-03-24,False,12,58
#ubuntu-it,2016-03-24,False,13,63
#ubuntu-it,2016-03-24,False,14,159
#ubuntu-it,2016-03-24,False,15,90
#ubuntu-it,2016-03-24,False,16,0
#ubuntu-it,2016-03-24,False,17,0
#ubuntu-it,2016-03-24,False,18,0
#ubuntu-it,2016-03-24,False,19,23
#ubuntu-it,2016-03-24,False,20,14
#ubuntu-it,2016-03-24,False,21,6
#ubuntu-it,2016-03-24,False,22,0
#ubuntu-it,2016-03-24,False,23,17
#ubuntu-it,2016-03-31,False,0,0
#ubuntu-it,2016-03-31,False,1,0
#ubuntu-it,2016-03-31,False,2,0
#ubuntu-it,2016-03-31,False,3,0
#ubuntu-it,2016-03-31,False,4,0
#ubuntu-it,2016-03-31,False,5,0
#ubuntu-it,2016-03-31,False,6,0
#ubuntu-it,2016-03-31,False,7,0
#ubuntu-it,2016-03-31,False,8,6
#ubuntu-it,2016-03-31,False,9,25
#ubuntu-it,2016-03-31,False,10,0
#ubuntu-it,2016-03-31,False,11,37
#ubuntu-it,2016-03-31,False,12,7
#ubuntu-it,2016-03-31,False,13,3
#ubuntu-it,2016-03-31,False,14,15
#ubuntu-it,2016-03-31,False,15,19
#ubuntu-it,2016-03-31,False,16,63
#ubuntu-it,2016-03-31,False,17,16
#ubuntu-it,2016-03-31,False,18,0
#ubuntu-it,2016-03-31,False,19,1
#ubuntu-it,2016-03-31,False,20,0
#ubuntu-it,2016-03-31,False,21,21
#ubuntu-it,2016-03-31,False,22,66
#ubuntu-it,2016-03-31,False,23,0
#ubuntu-it,2016-04-07,False,0,0
#ubuntu-it,2016-04-07,False,1,0
#ubuntu-it,2016-04-07,False,2,0
#ubuntu-it,2016-04-07,False,3,0
#ubuntu-it,2016-04-07,False,4,0
#ubuntu-it,2016-04-07,False,5,1
#ubuntu-it,2016-04-07,False,6,0
#ubuntu-it,2016-04-07,False,7,4
#ubuntu-it,2016-04-07,False,8,32
#ubuntu-it,2016-04-07,False,9,106
#ubuntu-it,2016-04-07,False,10,16
#ubuntu-it,2016-04-07,False,11,40
#ubuntu-it,2016-04-07,False,12,1
#ubuntu-it,2016-04-07,False,13,11
#ubuntu-it,2016-04-07,False,14,58
#ubuntu-it,2016-04-07,False,15,2
#ubuntu-it,2016-04-07,False,16,1
#ubuntu-it,2016-04-07,False,17,4
#ubuntu-it,2016-04-07,False,18,0
#ubuntu-it,2016-04-07,False,19,30
#ubuntu-it,2016-04-07,False,20,65
#ubuntu-it,2016-04-07,False,21,60
#ubuntu-it,2016-04-07,False,22,25
#ubuntu-it,2016-04-07,False,23,0
#ubuntu-it,2016-04-14,False,0,0
#ubuntu-it,2016-04-14,False,1,0
#ubuntu-it,2016-04-14,False,2,0
#ubuntu-it,2016-04-14,False,3,0
#ubuntu-it,2016-04-14,False,4,0
#ubuntu-it,2016-04-14,False,5,0
#ubuntu-it,2016-04-14,False,6,0
#ubuntu-it,2016-04-14,False,7,10
#ubuntu-it,2016-04-14,False,8,13
#ubuntu-it,2016-04-14,False,9,2
#ubuntu-it,2016-04-14,False,10,0
#ubuntu-it,2016-04-14,False,11,3
#ubuntu-it,2016-04-14,False,12,0
#ubuntu-it,2016-04-14,False,13,33
#ubuntu-it,2016-04-14,False,14,7
#ubuntu-it,2016-04-14,False,15,29
#ubuntu-it,2016-04-14,False,16,120
#ubuntu-it,2016-04-14,False,17,110
#ubuntu-it,2016-04-14,False,18,53
#ubuntu-it,2016-04-14,False,19,116
#ubuntu-it,2016-04-14,False,20,35
#ubuntu-it,2016-04-14,False,21,22
#ubuntu-it,2016-04-14,False,22,6
#ubuntu-it,2016-04-14,False,23,0
#ubuntu-it,2016-04-21,True,0,0
#ubuntu-it,2016-04-21,True,1,0
#ubuntu-it,2016-04-21,True,2,0
#ubuntu-it,2016-04-21,True,3,0
#ubuntu-it,2016-04-21,True,4,0
#ubuntu-it,2016-04-21,True,5,0
#ubuntu-it,2016-04-21,True,6,0
#ubuntu-it,2016-04-21,True,7,0
#ubuntu-it,2016-04-21,True,8,0
#ubuntu-it,2016-04-21,True,9,55
#ubuntu-it,2016-04-21,True,10,72
#ubuntu-it,2016-04-21,True,11,47
#ubuntu-it,2016-04-21,True,12,52
#ubuntu-it,2016-04-21,True,13,4
#ubuntu-it,2016-04-21,True,14,131
#ubuntu-it,2016-04-21,True,15,18
#ubuntu-it,2016-04-21,True,16,113
#ubuntu-it,2016-04-21,True,17,78
#ubuntu-it,2016-04-21,True,18,91
#ubuntu-it,2016-04-21,True,19,131
#ubuntu-it,2016-04-21,True,20,46
#ubuntu-it,2016-04-21,True,21,49
#ubuntu-it,2016-04-21,True,22,50
#ubuntu-it,2016-04-21,True,23,19
#ubuntu-it,2016-04-28,False,0,7
#ubuntu-it,2016-04-28,False,1,0
#ubuntu-it,2016-04-28,False,2,0
#ubuntu-it,2016-04-28,False,3,0
#ubuntu-it,2016-04-28,False,4,0
#ubuntu-it,2016-04-28,False,5,0
#ubuntu-it,2016-04-28,False,6,1
#ubuntu-it,2016-04-28,False,7,0
#ubuntu-it,2016-04-28,False,8,0
#ubuntu-it,2016-04-28,False,9,15
#ubuntu-it,2016-04-28,False,10,50
#ubuntu-it,2016-04-28,False,11,50
#ubuntu-it,2016-04-28,False,12,0
#ubuntu-it,2016-04-28,False,13,1
#ubuntu-it,2016-04-28,False,14,28
#ubuntu-it,2016-04-28,False,15,47
#ubuntu-it,2016-04-28,False,16,8
#ubuntu-it,2016-04-28,False,17,63
#ubuntu-it,2016-04-28,False,18,65
#ubuntu-it,2016-04-28,False,19,60
#ubuntu-it,2016-04-28,False,20,88
#ubuntu-it,2016-04-28,False,21,77
#ubuntu-it,2016-04-28,False,22,10
#ubuntu-it,2016-04-28,False,23,0
#ubuntu-it,2016-05-05,False,0,0
#ubuntu-it,2016-05-05,False,1,0
#ubuntu-it,2016-05-05,False,2,0
#ubuntu-it,2016-05-05,False,3,0
#ubuntu-it,2016-05-05,False,4,0
#ubuntu-it,2016-05-05,False,5,0
#ubuntu-it,2016-05-05,False,6,0
#ubuntu-it,2016-05-05,False,7,0
#ubuntu-it,2016-05-05,False,8,0
#ubuntu-it,2016-05-05,False,9,38
#ubuntu-it,2016-05-05,False,10,2
#ubuntu-it,2016-05-05,False,11,26
#ubuntu-it,2016-05-05,False,12,8
#ubuntu-it,2016-05-05,False,13,14
#ubuntu-it,2016-05-05,False,14,70
#ubuntu-it,2016-05-05,False,15,127
#ubuntu-it,2016-05-05,False,16,149
#ubuntu-it,2016-05-05,False,17,77
#ubuntu-it,2016-05-05,False,18,6
#ubuntu-it,2016-05-05,False,19,104
#ubuntu-it,2016-05-05,False,20,163
#ubuntu-it,2016-05-05,False,21,77
#ubuntu-it,2016-05-05,False,22,46
#ubuntu-it,2016-05-05,False,23,0
#ubuntu-it,2016-05-12,False,0,0
#ubuntu-it,2016-05-12,False,1,0
#ubuntu-it,2016-05-12,False,2,0
#ubuntu-it,2016-05-12,False,3,0
#ubuntu-it,2016-05-12,False,4,0
#ubuntu-it,2016-05-12,False,5,0
#ubuntu-it,2016-05-12,False,6,0
#ubuntu-it,2016-05-12,False,7,2
#ubuntu-it,2016-05-12,False,8,10
#ubuntu-it,2016-05-12,False,9,0
#ubuntu-it,2016-05-12,False,10,34
#ubuntu-it,2016-05-12,False,11,16
#ubuntu-it,2016-05-12,False,12,0
#ubuntu-it,2016-05-12,False,13,0
#ubuntu-it,2016-05-12,False,14,10
#ubuntu-it,2016-05-12,False,15,30
#ubuntu-it,2016-05-12,False,16,2
#ubuntu-it,2016-05-12,False,17,0
#ubuntu-it,2016-05-12,False,18,1
#ubuntu-it,2016-05-12,False,19,2
#ubuntu-it,2016-05-12,False,20,22
#ubuntu-it,2016-05-12,False,21,20
#ubuntu-it,2016-05-12,False,22,1
#ubuntu-it,2016-05-12,False,23,1
#ubuntu-it,2016-05-19,False,0,0
#ubuntu-it,2016-05-19,False,1,0
#ubuntu-it,2016-05-19,False,2,0
#ubuntu-it,2016-05-19,False,3,0
#ubuntu-it,2016-05-19,False,4,0
#ubuntu-it,2016-05-19,False,5,2
#ubuntu-it,2016-05-19,False,6,0
#ubuntu-it,2016-05-19,False,7,4
#ubuntu-it,2016-05-19,False,8,64
#ubuntu-it,2016-05-19,False,9,88
#ubuntu-it,2016-05-19,False,10,10
#ubuntu-it,2016-05-19,False,11,85
#ubuntu-it,2016-05-19,False,12,6
#ubuntu-it,2016-05-19,False,13,0
#ubuntu-it,2016-05-19,False,14,34
#ubuntu-it,2016-05-19,False,15,54
#ubuntu-it,2016-05-19,False,16,131
#ubuntu-it,2016-05-19,False,17,40
#ubuntu-it,2016-05-19,False,18,1
#ubuntu-it,2016-05-19,False,19,25
#ubuntu-it,2016-05-19,False,20,2
#ubuntu-it,2016-05-19,False,21,41
#ubuntu-it,2016-05-19,False,22,6
#ubuntu-it,2016-05-19,False,23,0
#ubuntu-it,2016-05-26,False,0,3
#ubuntu-it,2016-05-26,False,1,0
#ubuntu-it,2016-05-26,False,2,0
#ubuntu-it,2016-05-26,False,3,0
#ubuntu-it,2016-05-26,False,4,0
#ubuntu-it,2016-05-26,False,5,0
#ubuntu-it,2016-05-26,False,6,1
#ubuntu-it,2016-05-26,False,7,4
#ubuntu-it,2016-05-26,False,8,95
#ubuntu-it,2016-05-26,False,9,26
#ubuntu-it,2016-05-26,False,10,34
#ubuntu-it,2016-05-26,False,11,16
#ubuntu-it,2016-05-26,False,12,0
#ubuntu-it,2016-05-26,False,13,0
#ubuntu-it,2016-05-26,False,14,3
#ubuntu-it,2016-05-26,False,15,4
#ubuntu-it,2016-05-26,False,16,0
#ubuntu-it,2016-05-26,False,17,1
#ubuntu-it,2016-05-26,False,18,0
#ubuntu-it,2016-05-26,False,19,78
#ubuntu-it,2016-05-26,False,20,114
#ubuntu-it,2016-05-26,False,21,29
#ubuntu-it,2016-05-26,False,22,1
#ubuntu-it,2016-05-26,False,23,0
#ubuntu-it,2016-06-02,False,0,0
#ubuntu-it,2016-06-02,False,1,0
#ubuntu-it,2016-06-02,False,2,0
#ubuntu-it,2016-06-02,False,3,0
#ubuntu-it,2016-06-02,False,4,0
#ubuntu-it,2016-06-02,False,5,0
#ubuntu-it,2016-06-02,False,6,0
#ubuntu-it,2016-06-02,False,7,17
#ubuntu-it,2016-06-02,False,8,8
#ubuntu-it,2016-06-02,False,9,1
#ubuntu-it,2016-06-02,False,10,4
#ubuntu-it,2016-06-02,False,11,0
#ubuntu-it,2016-06-02,False,12,4
#ubuntu-it,2016-06-02,False,13,0
#ubuntu-it,2016-06-02,False,14,3
#ubuntu-it,2016-06-02,False,15,0
#ubuntu-it,2016-06-02,False,16,38
#ubuntu-it,2016-06-02,False,17,13
#ubuntu-it,2016-06-02,False,18,54
#ubuntu-it,2016-06-02,False,19,129
#ubuntu-it,2016-06-02,False,20,0
#ubuntu-it,2016-06-02,False,21,12
#ubuntu-it,2016-06-02,False,22,0
#ubuntu-it,2016-06-02,False,23,0
#ubuntu-it,2016-06-09,False,0,0
#ubuntu-it,2016-06-09,False,1,0
#ubuntu-it,2016-06-09,False,2,0
#ubuntu-it,2016-06-09,False,3,0
#ubuntu-it,2016-06-09,False,4,0
#ubuntu-it,2016-06-09,False,5,0
#ubuntu-it,2016-06-09,False,6,0
#ubuntu-it,2016-06-09,False,7,0
#ubuntu-it,2016-06-09,False,8,9
#ubuntu-it,2016-06-09,False,9,7
#ubuntu-it,2016-06-09,False,10,3
#ubuntu-it,2016-06-09,False,11,0
#ubuntu-it,2016-06-09,False,12,0
#ubuntu-it,2016-06-09,False,13,25
#ubuntu-it,2016-06-09,False,14,17
#ubuntu-it,2016-06-09,False,15,0
#ubuntu-it,2016-06-09,False,16,0
#ubuntu-it,2016-06-09,False,17,1
#ubuntu-it,2016-06-09,False,18,0
#ubuntu-it,2016-06-09,False,19,0
#ubuntu-it,2016-06-09,False,20,0
#ubuntu-it,2016-06-09,False,21,0
#ubuntu-it,2016-06-09,False,22,5
#ubuntu-it,2016-06-09,False,23,0
#ubuntu-it,2016-06-16,False,0,0
#ubuntu-it,2016-06-16,False,1,1
#ubuntu-it,2016-06-16,False,2,2
#ubuntu-it,2016-06-16,False,3,0
#ubuntu-it,2016-06-16,False,4,0
#ubuntu-it,2016-06-16,False,5,0
#ubuntu-it,2016-06-16,False,6,0
#ubuntu-it,2016-06-16,False,7,15
#ubuntu-it,2016-06-16,False,8,0
#ubuntu-it,2016-06-16,False,9,0
#ubuntu-it,2016-06-16,False,10,28
#ubuntu-it,2016-06-16,False,11,35
#ubuntu-it,2016-06-16,False,12,7
#ubuntu-it,2016-06-16,False,13,86
#ubuntu-it,2016-06-16,False,14,85
#ubuntu-it,2016-06-16,False,15,60
#ubuntu-it,2016-06-16,False,16,54
#ubuntu-it,2016-06-16,False,17,78
#ubuntu-it,2016-06-16,False,18,129
#ubuntu-it,2016-06-16,False,19,121
#ubuntu-it,2016-06-16,False,20,89
#ubuntu-it,2016-06-16,False,21,0
#ubuntu-it,2016-06-16,False,22,0
#ubuntu-it,2016-06-16,False,23,0
#ubuntu-it,2016-06-23,False,0,0
#ubuntu-it,2016-06-23,False,1,0
#ubuntu-it,2016-06-23,False,2,0
#ubuntu-it,2016-06-23,False,3,0
#ubuntu-it,2016-06-23,False,4,0
#ubuntu-it,2016-06-23,False,5,0
#ubuntu-it,2016-06-23,False,6,0
#ubuntu-it,2016-06-23,False,7,0
#ubuntu-it,2016-06-23,False,8,15
#ubuntu-it,2016-06-23,False,9,26
#ubuntu-it,2016-06-23,False,10,5
#ubuntu-it,2016-06-23,False,11,152
#ubuntu-it,2016-06-23,False,12,16
#ubuntu-it,2016-06-23,False,13,0
#ubuntu-it,2016-06-23,False,14,0
#ubuntu-it,2016-06-23,False,15,0
#ubuntu-it,2016-06-23,False,16,12
#ubuntu-it,2016-06-23,False,17,42
#ubuntu-it,2016-06-23,False,18,29
#ubuntu-it,2016-06-23,False,19,38
#ubuntu-it,2016-06-23,False,20,17
#ubuntu-it,2016-06-23,False,21,1
#ubuntu-it,2016-06-23,False,22,3
#ubuntu-it,2016-06-23,False,23,0
#ubuntu-it,2016-06-30,False,0,0
#ubuntu-it,2016-06-30,False,1,0
#ubuntu-it,2016-06-30,False,2,0
#ubuntu-it,2016-06-30,False,3,0
#ubuntu-it,2016-06-30,False,4,0
#ubuntu-it,2016-06-30,False,5,0
#ubuntu-it,2016-06-30,False,6,1
#ubuntu-it,2016-06-30,False,7,0
#ubuntu-it,2016-06-30,False,8,0
#ubuntu-it,2016-06-30,False,9,0
#ubuntu-it,2016-06-30,False,10,0
#ubuntu-it,2016-06-30,False,11,21
#ubuntu-it,2016-06-30,False,12,48
#ubuntu-it,2016-06-30,False,13,11
#ubuntu-it,2016-06-30,False,14,32
#ubuntu-it,2016-06-30,False,15,0
#ubuntu-it,2016-06-30,False,16,13
#ubuntu-it,2016-06-30,False,17,2
#ubuntu-it,2016-06-30,False,18,0
#ubuntu-it,2016-06-30,False,19,11
#ubuntu-it,2016-06-30,False,20,0
#ubuntu-it,2016-06-30,False,21,2
#ubuntu-it,2016-06-30,False,22,0
#ubuntu-it,2016-06-30,False,23,0
#ubuntu-it,2016-07-07,False,0,61
#ubuntu-it,2016-07-07,False,1,52
#ubuntu-it,2016-07-07,False,2,21
#ubuntu-it,2016-07-07,False,3,0
#ubuntu-it,2016-07-07,False,4,0
#ubuntu-it,2016-07-07,False,5,0
#ubuntu-it,2016-07-07,False,6,0
#ubuntu-it,2016-07-07,False,7,0
#ubuntu-it,2016-07-07,False,8,0
#ubuntu-it,2016-07-07,False,9,0
#ubuntu-it,2016-07-07,False,10,10
#ubuntu-it,2016-07-07,False,11,10
#ubuntu-it,2016-07-07,False,12,0
#ubuntu-it,2016-07-07,False,13,0
#ubuntu-it,2016-07-07,False,14,71
#ubuntu-it,2016-07-07,False,15,7
#ubuntu-it,2016-07-07,False,16,3
#ubuntu-it,2016-07-07,False,17,4
#ubuntu-it,2016-07-07,False,18,0
#ubuntu-it,2016-07-07,False,19,11
#ubuntu-it,2016-07-07,False,20,0
#ubuntu-it,2016-07-07,False,21,0
#ubuntu-it,2016-07-07,False,22,0
#ubuntu-it,2016-07-07,False,23,0
#ubuntu-it,2016-07-14,False,0,0
#ubuntu-it,2016-07-14,False,1,0
#ubuntu-it,2016-07-14,False,2,0
#ubuntu-it,2016-07-14,False,3,0
#ubuntu-it,2016-07-14,False,4,0
#ubuntu-it,2016-07-14,False,5,0
#ubuntu-it,2016-07-14,False,6,0
#ubuntu-it,2016-07-14,False,7,2
#ubuntu-it,2016-07-14,False,8,0
#ubuntu-it,2016-07-14,False,9,0
#ubuntu-it,2016-07-14,False,10,14
#ubuntu-it,2016-07-14,False,11,5
#ubuntu-it,2016-07-14,False,12,82
#ubuntu-it,2016-07-14,False,13,19
#ubuntu-it,2016-07-14,False,14,14
#ubuntu-it,2016-07-14,False,15,0
#ubuntu-it,2016-07-14,False,16,0
#ubuntu-it,2016-07-14,False,17,0
#ubuntu-it,2016-07-14,False,18,5
#ubuntu-it,2016-07-14,False,19,0
#ubuntu-it,2016-07-14,False,20,8
#ubuntu-it,2016-07-14,False,21,86
#ubuntu-it,2016-07-14,False,22,3
#ubuntu-it,2016-07-14,False,23,0
#ubuntu-it,2016-07-21,False,0,0
#ubuntu-it,2016-07-21,False,1,0
#ubuntu-it,2016-07-21,False,2,0
#ubuntu-it,2016-07-21,False,3,0
#ubuntu-it,2016-07-21,False,4,0
#ubuntu-it,2016-07-21,False,5,0
#ubuntu-it,2016-07-21,False,6,0
#ubuntu-it,2016-07-21,False,7,7
#ubuntu-it,2016-07-21,False,8,89
#ubuntu-it,2016-07-21,False,9,9
#ubuntu-it,2016-07-21,False,10,24
#ubuntu-it,2016-07-21,False,11,56
#ubuntu-it,2016-07-21,False,12,140
#ubuntu-it,2016-07-21,False,13,12
#ubuntu-it,2016-07-21,False,14,0
#ubuntu-it,2016-07-21,False,15,1
#ubuntu-it,2016-07-21,False,16,21
#ubuntu-it,2016-07-21,False,17,39
#ubuntu-it,2016-07-21,False,18,56
#ubuntu-it,2016-07-21,False,19,23
#ubuntu-it,2016-07-21,False,20,25
#ubuntu-it,2016-07-21,False,21,26
#ubuntu-it,2016-07-21,False,22,2
#ubuntu-it,2016-07-21,False,23,0
#ubuntu-it,2016-07-28,False,0,1
#ubuntu-it,2016-07-28,False,1,0
#ubuntu-it,2016-07-28,False,2,0
#ubuntu-it,2016-07-28,False,3,0
#ubuntu-it,2016-07-28,False,4,0
#ubuntu-it,2016-07-28,False,5,0
#ubuntu-it,2016-07-28,False,6,0
#ubuntu-it,2016-07-28,False,7,10
#ubuntu-it,2016-07-28,False,8,90
#ubuntu-it,2016-07-28,False,9,32
#ubuntu-it,2016-07-28,False,10,1
#ubuntu-it,2016-07-28,False,11,0
#ubuntu-it,2016-07-28,False,12,0
#ubuntu-it,2016-07-28,False,13,5
#ubuntu-it,2016-07-28,False,14,0
#ubuntu-it,2016-07-28,False,15,0
#ubuntu-it,2016-07-28,False,16,8
#ubuntu-it,2016-07-28,False,17,3
#ubuntu-it,2016-07-28,False,18,0
#ubuntu-it,2016-07-28,False,19,15
#ubuntu-it,2016-07-28,False,20,0
#ubuntu-it,2016-07-28,False,21,0
#ubuntu-it,2016-07-28,False,22,0
#ubuntu-it,2016-07-28,False,23,0
#ubuntu-it,2016-08-04,False,0,0
#ubuntu-it,2016-08-04,False,1,0
#ubuntu-it,2016-08-04,False,2,0
#ubuntu-it,2016-08-04,False,3,0
#ubuntu-it,2016-08-04,False,4,0
#ubuntu-it,2016-08-04,False,5,0
#ubuntu-it,2016-08-04,False,6,2
#ubuntu-it,2016-08-04,False,7,1
#ubuntu-it,2016-08-04,False,8,0
#ubuntu-it,2016-08-04,False,9,7
#ubuntu-it,2016-08-04,False,10,0
#ubuntu-it,2016-08-04,False,11,0
#ubuntu-it,2016-08-04,False,12,14
#ubuntu-it,2016-08-04,False,13,0
#ubuntu-it,2016-08-04,False,14,31
#ubuntu-it,2016-08-04,False,15,35
#ubuntu-it,2016-08-04,False,16,141
#ubuntu-it,2016-08-04,False,17,176
#ubuntu-it,2016-08-04,False,18,158
#ubuntu-it,2016-08-04,False,19,164
#ubuntu-it,2016-08-04,False,20,158
#ubuntu-it,2016-08-04,False,21,150
#ubuntu-it,2016-08-04,False,22,0
#ubuntu-it,2016-08-04,False,23,0
#ubuntu-it,2016-08-11,False,0,0
#ubuntu-it,2016-08-11,False,1,0
#ubuntu-it,2016-08-11,False,2,0
#ubuntu-it,2016-08-11,False,3,0
#ubuntu-it,2016-08-11,False,4,0
#ubuntu-it,2016-08-11,False,5,0
#ubuntu-it,2016-08-11,False,6,0
#ubuntu-it,2016-08-11,False,7,0
#ubuntu-it,2016-08-11,False,8,0
#ubuntu-it,2016-08-11,False,9,10
#ubuntu-it,2016-08-11,False,10,58
#ubuntu-it,2016-08-11,False,11,52
#ubuntu-it,2016-08-11,False,12,1
#ubuntu-it,2016-08-11,False,13,13
#ubuntu-it,2016-08-11,False,14,96
#ubuntu-it,2016-08-11,False,15,5
#ubuntu-it,2016-08-11,False,16,0
#ubuntu-it,2016-08-11,False,17,11
#ubuntu-it,2016-08-11,False,18,38
#ubuntu-it,2016-08-11,False,19,82
#ubuntu-it,2016-08-11,False,20,24
#ubuntu-it,2016-08-11,False,21,0
#ubuntu-it,2016-08-11,False,22,0
#ubuntu-it,2016-08-11,False,23,22
#ubuntu-it,2016-08-18,False,0,0
#ubuntu-it,2016-08-18,False,1,0
#ubuntu-it,2016-08-18,False,2,0
#ubuntu-it,2016-08-18,False,3,0
#ubuntu-it,2016-08-18,False,4,0
#ubuntu-it,2016-08-18,False,5,0
#ubuntu-it,2016-08-18,False,6,0
#ubuntu-it,2016-08-18,False,7,0
#ubuntu-it,2016-08-18,False,8,9
#ubuntu-it,2016-08-18,False,9,20
#ubuntu-it,2016-08-18,False,10,18
#ubuntu-it,2016-08-18,False,11,41
#ubuntu-it,2016-08-18,False,12,9
#ubuntu-it,2016-08-18,False,13,0
#ubuntu-it,2016-08-18,False,14,0
#ubuntu-it,2016-08-18,False,15,5
#ubuntu-it,2016-08-18,False,16,2
#ubuntu-it,2016-08-18,False,17,0
#ubuntu-it,2016-08-18,False,18,2
#ubuntu-it,2016-08-18,False,19,0
#ubuntu-it,2016-08-18,False,20,0
#ubuntu-it,2016-08-18,False,21,0
#ubuntu-it,2016-08-18,False,22,0
#ubuntu-it,2016-08-18,False,23,0
#ubuntu-it,2016-08-25,False,0,0
#ubuntu-it,2016-08-25,False,1,0
#ubuntu-it,2016-08-25,False,2,0
#ubuntu-it,2016-08-25,False,3,0
#ubuntu-it,2016-08-25,False,4,0
#ubuntu-it,2016-08-25,False,5,3
#ubuntu-it,2016-08-25,False,6,0
#ubuntu-it,2016-08-25,False,7,0
#ubuntu-it,2016-08-25,False,8,40
#ubuntu-it,2016-08-25,False,9,21
#ubuntu-it,2016-08-25,False,10,0
#ubuntu-it,2016-08-25,False,11,14
#ubuntu-it,2016-08-25,False,12,13
#ubuntu-it,2016-08-25,False,13,59
#ubuntu-it,2016-08-25,False,14,42
#ubuntu-it,2016-08-25,False,15,103
#ubuntu-it,2016-08-25,False,16,52
#ubuntu-it,2016-08-25,False,17,78
#ubuntu-it,2016-08-25,False,18,62
#ubuntu-it,2016-08-25,False,19,24
#ubuntu-it,2016-08-25,False,20,78
#ubuntu-it,2016-08-25,False,21,154
#ubuntu-it,2016-08-25,False,22,31
#ubuntu-it,2016-08-25,False,23,0
#ubuntu-it,2016-09-01,False,0,0
#ubuntu-it,2016-09-01,False,1,0
#ubuntu-it,2016-09-01,False,2,0
#ubuntu-it,2016-09-01,False,3,0
#ubuntu-it,2016-09-01,False,4,0
#ubuntu-it,2016-09-01,False,5,0
#ubuntu-it,2016-09-01,False,6,1
#ubuntu-it,2016-09-01,False,7,0
#ubuntu-it,2016-09-01,False,8,4
#ubuntu-it,2016-09-01,False,9,63
#ubuntu-it,2016-09-01,False,10,26
#ubuntu-it,2016-09-01,False,11,15
#ubuntu-it,2016-09-01,False,12,11
#ubuntu-it,2016-09-01,False,13,39
#ubuntu-it,2016-09-01,False,14,122
#ubuntu-it,2016-09-01,False,15,89
#ubuntu-it,2016-09-01,False,16,74
#ubuntu-it,2016-09-01,False,17,2
#ubuntu-it,2016-09-01,False,18,27
#ubuntu-it,2016-09-01,False,19,83
#ubuntu-it,2016-09-01,False,20,4
#ubuntu-it,2016-09-01,False,21,82
#ubuntu-it,2016-09-01,False,22,23
#ubuntu-it,2016-09-01,False,23,55
#ubuntu-it,2016-09-08,False,0,0
#ubuntu-it,2016-09-08,False,1,0
#ubuntu-it,2016-09-08,False,2,0
#ubuntu-it,2016-09-08,False,3,0
#ubuntu-it,2016-09-08,False,4,0
#ubuntu-it,2016-09-08,False,5,0
#ubuntu-it,2016-09-08,False,6,2
#ubuntu-it,2016-09-08,False,7,25
#ubuntu-it,2016-09-08,False,8,18
#ubuntu-it,2016-09-08,False,9,6
#ubuntu-it,2016-09-08,False,10,2
#ubuntu-it,2016-09-08,False,11,0
#ubuntu-it,2016-09-08,False,12,9
#ubuntu-it,2016-09-08,False,13,0
#ubuntu-it,2016-09-08,False,14,6
#ubuntu-it,2016-09-08,False,15,0
#ubuntu-it,2016-09-08,False,16,1
#ubuntu-it,2016-09-08,False,17,0
#ubuntu-it,2016-09-08,False,18,0
#ubuntu-it,2016-09-08,False,19,2
#ubuntu-it,2016-09-08,False,20,0
#ubuntu-it,2016-09-08,False,21,6
#ubuntu-it,2016-09-08,False,22,0
#ubuntu-it,2016-09-08,False,23,0
#ubuntu-it,2016-09-15,False,0,0
#ubuntu-it,2016-09-15,False,1,0
#ubuntu-it,2016-09-15,False,2,0
#ubuntu-it,2016-09-15,False,3,0
#ubuntu-it,2016-09-15,False,4,0
#ubuntu-it,2016-09-15,False,5,0
#ubuntu-it,2016-09-15,False,6,0
#ubuntu-it,2016-09-15,False,7,2
#ubuntu-it,2016-09-15,False,8,27
#ubuntu-it,2016-09-15,False,9,36
#ubuntu-it,2016-09-15,False,10,81
#ubuntu-it,2016-09-15,False,11,104
#ubuntu-it,2016-09-15,False,12,0
#ubuntu-it,2016-09-15,False,13,88
#ubuntu-it,2016-09-15,False,14,45
#ubuntu-it,2016-09-15,False,15,82
#ubuntu-it,2016-09-15,False,16,39
#ubuntu-it,2016-09-15,False,17,1
#ubuntu-it,2016-09-15,False,18,16
#ubuntu-it,2016-09-15,False,19,6
#ubuntu-it,2016-09-15,False,20,2
#ubuntu-it,2016-09-15,False,21,60
#ubuntu-it,2016-09-15,False,22,0
#ubuntu-it,2016-09-15,False,23,0
#ubuntu-it,2016-09-22,False,0,0
#ubuntu-it,2016-09-22,False,1,0
#ubuntu-it,2016-09-22,False,2,0
#ubuntu-it,2016-09-22,False,3,0
#ubuntu-it,2016-09-22,False,4,0
#ubuntu-it,2016-09-22,False,5,0
#ubuntu-it,2016-09-22,False,6,0
#ubuntu-it,2016-09-22,False,7,0
#ubuntu-it,2016-09-22,False,8,34
#ubuntu-it,2016-09-22,False,9,69
#ubuntu-it,2016-09-22,False,10,26
#ubuntu-it,2016-09-22,False,11,0
#ubuntu-it,2016-09-22,False,12,4
#ubuntu-it,2016-09-22,False,13,14
#ubuntu-it,2016-09-22,False,14,74
#ubuntu-it,2016-09-22,False,15,76
#ubuntu-it,2016-09-22,False,16,36
#ubuntu-it,2016-09-22,False,17,0
#ubuntu-it,2016-09-22,False,18,62
#ubuntu-it,2016-09-22,False,19,70
#ubuntu-it,2016-09-22,False,20,84
#ubuntu-it,2016-09-22,False,21,0
#ubuntu-it,2016-09-22,False,22,1
#ubuntu-it,2016-09-22,False,23,0
#ubuntu-it,2016-09-29,False,0,0
#ubuntu-it,2016-09-29,False,1,0
#ubuntu-it,2016-09-29,False,2,0
#ubuntu-it,2016-09-29,False,3,0
#ubuntu-it,2016-09-29,False,4,0
#ubuntu-it,2016-09-29,False,5,0
#ubuntu-it,2016-09-29,False,6,0
#ubuntu-it,2016-09-29,False,7,0
#ubuntu-it,2016-09-29,False,8,0
#ubuntu-it,2016-09-29,False,9,0
#ubuntu-it,2016-09-29,False,10,42
#ubuntu-it,2016-09-29,False,11,44
#ubuntu-it,2016-09-29,False,12,31
#ubuntu-it,2016-09-29,False,13,37
#ubuntu-it,2016-09-29,False,14,5
#ubuntu-it,2016-09-29,False,15,20
#ubuntu-it,2016-09-29,False,16,0
#ubuntu-it,2016-09-29,False,17,3
#ubuntu-it,2016-09-29,False,18,7
#ubuntu-it,2016-09-29,False,19,22
#ubuntu-it,2016-09-29,False,20,6
#ubuntu-it,2016-09-29,False,21,3
#ubuntu-it,2016-09-29,False,22,4
#ubuntu-it,2016-09-29,False,23,0
#ubuntu-it,2016-10-06,False,0,0
#ubuntu-it,2016-10-06,False,1,0
#ubuntu-it,2016-10-06,False,2,0
#ubuntu-it,2016-10-06,False,3,0
#ubuntu-it,2016-10-06,False,4,0
#ubuntu-it,2016-10-06,False,5,0
#ubuntu-it,2016-10-06,False,6,0
#ubuntu-it,2016-10-06,False,7,4
#ubuntu-it,2016-10-06,False,8,2
#ubuntu-it,2016-10-06,False,9,2
#ubuntu-it,2016-10-06,False,10,27
#ubuntu-it,2016-10-06,False,11,5
#ubuntu-it,2016-10-06,False,12,34
#ubuntu-it,2016-10-06,False,13,0
#ubuntu-it,2016-10-06,False,14,0
#ubuntu-it,2016-10-06,False,15,6
#ubuntu-it,2016-10-06,False,16,0
#ubuntu-it,2016-10-06,False,17,0
#ubuntu-it,2016-10-06,False,18,0
#ubuntu-it,2016-10-06,False,19,0
#ubuntu-it,2016-10-06,False,20,0
#ubuntu-it,2016-10-06,False,21,8
#ubuntu-it,2016-10-06,False,22,2
#ubuntu-it,2016-10-06,False,23,0
#ubuntu-it,2016-10-13,True,0,0
#ubuntu-it,2016-10-13,True,1,0
#ubuntu-it,2016-10-13,True,2,0
#ubuntu-it,2016-10-13,True,3,0
#ubuntu-it,2016-10-13,True,4,0
#ubuntu-it,2016-10-13,True,5,0
#ubuntu-it,2016-10-13,True,6,4
#ubuntu-it,2016-10-13,True,7,17
#ubuntu-it,2016-10-13,True,8,10
#ubuntu-it,2016-10-13,True,9,2
#ubuntu-it,2016-10-13,True,10,0
#ubuntu-it,2016-10-13,True,11,0
#ubuntu-it,2016-10-13,True,12,0
#ubuntu-it,2016-10-13,True,13,0
#ubuntu-it,2016-10-13,True,14,3
#ubuntu-it,2016-10-13,True,15,63
#ubuntu-it,2016-10-13,True,16,24
#ubuntu-it,2016-10-13,True,17,4
#ubuntu-it,2016-10-13,True,18,1
#ubuntu-it,2016-10-13,True,19,107
#ubuntu-it,2016-10-13,True,20,184
#ubuntu-it,2016-10-13,True,21,177
#ubuntu-it,2016-10-13,True,22,0
#ubuntu-it,2016-10-13,True,23,4
#ubuntu-it,2016-10-20,False,0,0
#ubuntu-it,2016-10-20,False,1,0
#ubuntu-it,2016-10-20,False,2,0
#ubuntu-it,2016-10-20,False,3,0
#ubuntu-it,2016-10-20,False,4,0
#ubuntu-it,2016-10-20,False,5,0
#ubuntu-it,2016-10-20,False,6,0
#ubuntu-it,2016-10-20,False,7,9
#ubuntu-it,2016-10-20,False,8,51
#ubuntu-it,2016-10-20,False,9,141
#ubuntu-it,2016-10-20,False,10,43
#ubuntu-it,2016-10-20,False,11,49
#ubuntu-it,2016-10-20,False,12,26
#ubuntu-it,2016-10-20,False,13,4
#ubuntu-it,2016-10-20,False,14,43
#ubuntu-it,2016-10-20,False,15,45
#ubuntu-it,2016-10-20,False,16,19
#ubuntu-it,2016-10-20,False,17,56
#ubuntu-it,2016-10-20,False,18,17
#ubuntu-it,2016-10-20,False,19,39
#ubuntu-it,2016-10-20,False,20,36
#ubuntu-it,2016-10-20,False,21,0
#ubuntu-it,2016-10-20,False,22,28
#ubuntu-it,2016-10-20,False,23,74
#ubuntu-it,2016-10-27,False,0,0
#ubuntu-it,2016-10-27,False,1,0
#ubuntu-it,2016-10-27,False,2,0
#ubuntu-it,2016-10-27,False,3,0
#ubuntu-it,2016-10-27,False,4,0
#ubuntu-it,2016-10-27,False,5,0
#ubuntu-it,2016-10-27,False,6,0
#ubuntu-it,2016-10-27,False,7,0
#ubuntu-it,2016-10-27,False,8,23
#ubuntu-it,2016-10-27,False,9,23
#ubuntu-it,2016-10-27,False,10,0
#ubuntu-it,2016-10-27,False,11,2
#ubuntu-it,2016-10-27,False,12,0
#ubuntu-it,2016-10-27,False,13,9
#ubuntu-it,2016-10-27,False,14,34
#ubuntu-it,2016-10-27,False,15,23
#ubuntu-it,2016-10-27,False,16,3
#ubuntu-it,2016-10-27,False,17,22
#ubuntu-it,2016-10-27,False,18,107
#ubuntu-it,2016-10-27,False,19,2
#ubuntu-it,2016-10-27,False,20,54
#ubuntu-it,2016-10-27,False,21,0
#ubuntu-it,2016-10-27,False,22,1
#ubuntu-it,2016-10-27,False,23,0
#ubuntu-it,2016-11-03,False,0,0
#ubuntu-it,2016-11-03,False,1,0
#ubuntu-it,2016-11-03,False,2,0
#ubuntu-it,2016-11-03,False,3,0
#ubuntu-it,2016-11-03,False,4,0
#ubuntu-it,2016-11-03,False,5,0
#ubuntu-it,2016-11-03,False,6,0
#ubuntu-it,2016-11-03,False,7,0
#ubuntu-it,2016-11-03,False,8,0
#ubuntu-it,2016-11-03,False,9,44
#ubuntu-it,2016-11-03,False,10,61
#ubuntu-it,2016-11-03,False,11,30
#ubuntu-it,2016-11-03,False,12,2
#ubuntu-it,2016-11-03,False,13,48
#ubuntu-it,2016-11-03,False,14,43
#ubuntu-it,2016-11-03,False,15,61
#ubuntu-it,2016-11-03,False,16,6
#ubuntu-it,2016-11-03,False,17,0
#ubuntu-it,2016-11-03,False,18,5
#ubuntu-it,2016-11-03,False,19,0
#ubuntu-it,2016-11-03,False,20,46
#ubuntu-it,2016-11-03,False,21,90
#ubuntu-it,2016-11-03,False,22,28
#ubuntu-it,2016-11-03,False,23,50
#ubuntu-it,2016-11-10,False,0,0
#ubuntu-it,2016-11-10,False,1,0
#ubuntu-it,2016-11-10,False,2,0
#ubuntu-it,2016-11-10,False,3,0
#ubuntu-it,2016-11-10,False,4,0
#ubuntu-it,2016-11-10,False,5,0
#ubuntu-it,2016-11-10,False,6,0
#ubuntu-it,2016-11-10,False,7,0
#ubuntu-it,2016-11-10,False,8,41
#ubuntu-it,2016-11-10,False,9,22
#ubuntu-it,2016-11-10,False,10,18
#ubuntu-it,2016-11-10,False,11,22
#ubuntu-it,2016-11-10,False,12,2
#ubuntu-it,2016-11-10,False,13,20
#ubuntu-it,2016-11-10,False,14,1
#ubuntu-it,2016-11-10,False,15,0
#ubuntu-it,2016-11-10,False,16,0
#ubuntu-it,2016-11-10,False,17,7
#ubuntu-it,2016-11-10,False,18,1
#ubuntu-it,2016-11-10,False,19,0
#ubuntu-it,2016-11-10,False,20,9
#ubuntu-it,2016-11-10,False,21,9
#ubuntu-it,2016-11-10,False,22,74
#ubuntu-it,2016-11-10,False,23,62
#ubuntu-it,2016-11-17,False,0,0
#ubuntu-it,2016-11-17,False,1,0
#ubuntu-it,2016-11-17,False,2,0
#ubuntu-it,2016-11-17,False,3,0
#ubuntu-it,2016-11-17,False,4,0
#ubuntu-it,2016-11-17,False,5,0
#ubuntu-it,2016-11-17,False,6,0
#ubuntu-it,2016-11-17,False,7,0
#ubuntu-it,2016-11-17,False,8,4
#ubuntu-it,2016-11-17,False,9,0
#ubuntu-it,2016-11-17,False,10,14
#ubuntu-it,2016-11-17,False,11,2
#ubuntu-it,2016-11-17,False,12,36
#ubuntu-it,2016-11-17,False,13,3
#ubuntu-it,2016-11-17,False,14,3
#ubuntu-it,2016-11-17,False,15,11
#ubuntu-it,2016-11-17,False,16,8
#ubuntu-it,2016-11-17,False,17,119
#ubuntu-it,2016-11-17,False,18,26
#ubuntu-it,2016-11-17,False,19,0
#ubuntu-it,2016-11-17,False,20,0
#ubuntu-it,2016-11-17,False,21,49
#ubuntu-it,2016-11-17,False,22,12
#ubuntu-it,2016-11-17,False,23,14
#ubuntu-it,2016-11-24,False,0,0
#ubuntu-it,2016-11-24,False,1,0
#ubuntu-it,2016-11-24,False,2,0
#ubuntu-it,2016-11-24,False,3,0
#ubuntu-it,2016-11-24,False,4,0
#ubuntu-it,2016-11-24,False,5,0
#ubuntu-it,2016-11-24,False,6,0
#ubuntu-it,2016-11-24,False,7,0
#ubuntu-it,2016-11-24,False,8,0
#ubuntu-it,2016-11-24,False,9,148
#ubuntu-it,2016-11-24,False,10,51
#ubuntu-it,2016-11-24,False,11,24
#ubuntu-it,2016-11-24,False,12,127
#ubuntu-it,2016-11-24,False,13,9
#ubuntu-it,2016-11-24,False,14,0
#ubuntu-it,2016-11-24,False,15,1
#ubuntu-it,2016-11-24,False,16,61
#ubuntu-it,2016-11-24,False,17,111
#ubuntu-it,2016-11-24,False,18,82
#ubuntu-it,2016-11-24,False,19,105
#ubuntu-it,2016-11-24,False,20,79
#ubuntu-it,2016-11-24,False,21,68
#ubuntu-it,2016-11-24,False,22,113
#ubuntu-it,2016-11-24,False,23,0
#ubuntu-it,2016-12-01,False,0,0
#ubuntu-it,2016-12-01,False,1,0
#ubuntu-it,2016-12-01,False,2,0
#ubuntu-it,2016-12-01,False,3,0
#ubuntu-it,2016-12-01,False,4,0
#ubuntu-it,2016-12-01,False,5,0
#ubuntu-it,2016-12-01,False,6,0
#ubuntu-it,2016-12-01,False,7,3
#ubuntu-it,2016-12-01,False,8,0
#ubuntu-it,2016-12-01,False,9,0
#ubuntu-it,2016-12-01,False,10,20
#ubuntu-it,2016-12-01,False,11,2
#ubuntu-it,2016-12-01,False,12,3
#ubuntu-it,2016-12-01,False,13,14
#ubuntu-it,2016-12-01,False,14,0
#ubuntu-it,2016-12-01,False,15,0
#ubuntu-it,2016-12-01,False,16,5
#ubuntu-it,2016-12-01,False,17,0
#ubuntu-it,2016-12-01,False,18,4
#ubuntu-it,2016-12-01,False,19,0
#ubuntu-it,2016-12-01,False,20,86
#ubuntu-it,2016-12-01,False,21,15
#ubuntu-it,2016-12-01,False,22,12
#ubuntu-it,2016-12-01,False,23,0
#ubuntu-it,2016-12-08,False,0,0
#ubuntu-it,2016-12-08,False,1,0
#ubuntu-it,2016-12-08,False,2,0
#ubuntu-it,2016-12-08,False,3,0
#ubuntu-it,2016-12-08,False,4,0
#ubuntu-it,2016-12-08,False,5,0
#ubuntu-it,2016-12-08,False,6,0
#ubuntu-it,2016-12-08,False,7,0
#ubuntu-it,2016-12-08,False,8,9
#ubuntu-it,2016-12-08,False,9,0
#ubuntu-it,2016-12-08,False,10,128
#ubuntu-it,2016-12-08,False,11,128
#ubuntu-it,2016-12-08,False,12,147
#ubuntu-it,2016-12-08,False,13,227
#ubuntu-it,2016-12-08,False,14,129
#ubuntu-it,2016-12-08,False,15,82
#ubuntu-it,2016-12-08,False,16,50
#ubuntu-it,2016-12-08,False,17,4
#ubuntu-it,2016-12-08,False,18,0
#ubuntu-it,2016-12-08,False,19,0
#ubuntu-it,2016-12-08,False,20,0
#ubuntu-it,2016-12-08,False,21,3
#ubuntu-it,2016-12-08,False,22,0
#ubuntu-it,2016-12-08,False,23,0
#ubuntu-it,2016-12-15,False,0,0
#ubuntu-it,2016-12-15,False,1,0
#ubuntu-it,2016-12-15,False,2,0
#ubuntu-it,2016-12-15,False,3,0
#ubuntu-it,2016-12-15,False,4,0
#ubuntu-it,2016-12-15,False,5,0
#ubuntu-it,2016-12-15,False,6,0
#ubuntu-it,2016-12-15,False,7,0
#ubuntu-it,2016-12-15,False,8,0
#ubuntu-it,2016-12-15,False,9,67
#ubuntu-it,2016-12-15,False,10,11
#ubuntu-it,2016-12-15,False,11,2
#ubuntu-it,2016-12-15,False,12,8
#ubuntu-it,2016-12-15,False,13,0
#ubuntu-it,2016-12-15,False,14,13
#ubuntu-it,2016-12-15,False,15,17
#ubuntu-it,2016-12-15,False,16,2
#ubuntu-it,2016-12-15,False,17,109
#ubuntu-it,2016-12-15,False,18,87
#ubuntu-it,2016-12-15,False,19,14
#ubuntu-it,2016-12-15,False,20,1
#ubuntu-it,2016-12-15,False,21,9
#ubuntu-it,2016-12-15,False,22,16
#ubuntu-it,2016-12-15,False,23,10
#ubuntu-it,2016-12-22,False,0,0
#ubuntu-it,2016-12-22,False,1,0
#ubuntu-it,2016-12-22,False,2,0
#ubuntu-it,2016-12-22,False,3,0
#ubuntu-it,2016-12-22,False,4,0
#ubuntu-it,2016-12-22,False,5,0
#ubuntu-it,2016-12-22,False,6,0
#ubuntu-it,2016-12-22,False,7,0
#ubuntu-it,2016-12-22,False,8,1
#ubuntu-it,2016-12-22,False,9,24
#ubuntu-it,2016-12-22,False,10,0
#ubuntu-it,2016-12-22,False,11,98
#ubuntu-it,2016-12-22,False,12,4
#ubuntu-it,2016-12-22,False,13,0
#ubuntu-it,2016-12-22,False,14,0
#ubuntu-it,2016-12-22,False,15,0
#ubuntu-it,2016-12-22,False,16,0
#ubuntu-it,2016-12-22,False,17,2
#ubuntu-it,2016-12-22,False,18,16
#ubuntu-it,2016-12-22,False,19,61
#ubuntu-it,2016-12-22,False,20,20
#ubuntu-it,2016-12-22,False,21,89
#ubuntu-it,2016-12-22,False,22,79
#ubuntu-it,2016-12-22,False,23,25
#ubuntu-it,2016-12-29,False,0,0
#ubuntu-it,2016-12-29,False,1,0
#ubuntu-it,2016-12-29,False,2,0
#ubuntu-it,2016-12-29,False,3,0
#ubuntu-it,2016-12-29,False,4,0
#ubuntu-it,2016-12-29,False,5,0
#ubuntu-it,2016-12-29,False,6,0
#ubuntu-it,2016-12-29,False,7,0
#ubuntu-it,2016-12-29,False,8,0
#ubuntu-it,2016-12-29,False,9,0
#ubuntu-it,2016-12-29,False,10,0
#ubuntu-it,2016-12-29,False,11,0
#ubuntu-it,2016-12-29,False,12,7
#ubuntu-it,2016-12-29,False,13,3
#ubuntu-it,2016-12-29,False,14,10
#ubuntu-it,2016-12-29,False,15,4
#ubuntu-it,2016-12-29,False,16,1
#ubuntu-it,2016-12-29,False,17,1
#ubuntu-it,2016-12-29,False,18,2
#ubuntu-it,2016-12-29,False,19,2
#ubuntu-it,2016-12-29,False,20,1
#ubuntu-it,2016-12-29,False,21,0
#ubuntu-it,2016-12-29,False,22,0
#ubuntu-it,2016-12-29,False,23,0
#ubuntu-it,2017-01-05,False,0,0
#ubuntu-it,2017-01-05,False,1,0
#ubuntu-it,2017-01-05,False,2,0
#ubuntu-it,2017-01-05,False,3,0
#ubuntu-it,2017-01-05,False,4,0
#ubuntu-it,2017-01-05,False,5,0
#ubuntu-it,2017-01-05,False,6,0
#ubuntu-it,2017-01-05,False,7,0
#ubuntu-it,2017-01-05,False,8,18
#ubuntu-it,2017-01-05,False,9,30
#ubuntu-it,2017-01-05,False,10,14
#ubuntu-it,2017-01-05,False,11,2
#ubuntu-it,2017-01-05,False,12,19
#ubuntu-it,2017-01-05,False,13,0
#ubuntu-it,2017-01-05,False,14,6
#ubuntu-it,2017-01-05,False,15,102
#ubuntu-it,2017-01-05,False,16,38
#ubuntu-it,2017-01-05,False,17,0
#ubuntu-it,2017-01-05,False,18,3
#ubuntu-it,2017-01-05,False,19,0
#ubuntu-it,2017-01-05,False,20,18
#ubuntu-it,2017-01-05,False,21,2
#ubuntu-it,2017-01-05,False,22,0
#ubuntu-it,2017-01-05,False,23,0
#ubuntu-it,2017-01-12,False,0,0
#ubuntu-it,2017-01-12,False,1,0
#ubuntu-it,2017-01-12,False,2,0
#ubuntu-it,2017-01-12,False,3,0
#ubuntu-it,2017-01-12,False,4,0
#ubuntu-it,2017-01-12,False,5,0
#ubuntu-it,2017-01-12,False,6,0
#ubuntu-it,2017-01-12,False,7,0
#ubuntu-it,2017-01-12,False,8,24
#ubuntu-it,2017-01-12,False,9,78
#ubuntu-it,2017-01-12,False,10,31
#ubuntu-it,2017-01-12,False,11,0
#ubuntu-it,2017-01-12,False,12,2
#ubuntu-it,2017-01-12,False,13,1
#ubuntu-it,2017-01-12,False,14,3
#ubuntu-it,2017-01-12,False,15,15
#ubuntu-it,2017-01-12,False,16,0
#ubuntu-it,2017-01-12,False,17,19
#ubuntu-it,2017-01-12,False,18,28
#ubuntu-it,2017-01-12,False,19,1
#ubuntu-it,2017-01-12,False,20,2
#ubuntu-it,2017-01-12,False,21,41
#ubuntu-it,2017-01-12,False,22,4
#ubuntu-it,2017-01-12,False,23,4
#ubuntu-it,2017-01-19,False,0,0
#ubuntu-it,2017-01-19,False,1,0
#ubuntu-it,2017-01-19,False,2,0
#ubuntu-it,2017-01-19,False,3,0
#ubuntu-it,2017-01-19,False,4,0
#ubuntu-it,2017-01-19,False,5,0
#ubuntu-it,2017-01-19,False,6,0
#ubuntu-it,2017-01-19,False,7,0
#ubuntu-it,2017-01-19,False,8,72
#ubuntu-it,2017-01-19,False,9,40
#ubuntu-it,2017-01-19,False,10,59
#ubuntu-it,2017-01-19,False,11,15
#ubuntu-it,2017-01-19,False,12,62
#ubuntu-it,2017-01-19,False,13,3
#ubuntu-it,2017-01-19,False,14,21
#ubuntu-it,2017-01-19,False,15,18
#ubuntu-it,2017-01-19,False,16,5
#ubuntu-it,2017-01-19,False,17,1
#ubuntu-it,2017-01-19,False,18,5
#ubuntu-it,2017-01-19,False,19,1
#ubuntu-it,2017-01-19,False,20,0
#ubuntu-it,2017-01-19,False,21,6
#ubuntu-it,2017-01-19,False,22,1
#ubuntu-it,2017-01-19,False,23,0
#ubuntu-it,2017-01-26,False,0,0
#ubuntu-it,2017-01-26,False,1,0
#ubuntu-it,2017-01-26,False,2,2
#ubuntu-it,2017-01-26,False,3,0
#ubuntu-it,2017-01-26,False,4,0
#ubuntu-it,2017-01-26,False,5,0
#ubuntu-it,2017-01-26,False,6,0
#ubuntu-it,2017-01-26,False,7,3
#ubuntu-it,2017-01-26,False,8,1
#ubuntu-it,2017-01-26,False,9,0
#ubuntu-it,2017-01-26,False,10,0
#ubuntu-it,2017-01-26,False,11,0
#ubuntu-it,2017-01-26,False,12,0
#ubuntu-it,2017-01-26,False,13,0
#ubuntu-it,2017-01-26,False,14,18
#ubuntu-it,2017-01-26,False,15,27
#ubuntu-it,2017-01-26,False,16,0
#ubuntu-it,2017-01-26,False,17,0
#ubuntu-it,2017-01-26,False,18,20
#ubuntu-it,2017-01-26,False,19,0
#ubuntu-it,2017-01-26,False,20,30
#ubuntu-it,2017-01-26,False,21,45
#ubuntu-it,2017-01-26,False,22,0
#ubuntu-it,2017-01-26,False,23,0
#ubuntu-it,2017-02-02,False,0,0
#ubuntu-it,2017-02-02,False,1,0
#ubuntu-it,2017-02-02,False,2,0
#ubuntu-it,2017-02-02,False,3,0
#ubuntu-it,2017-02-02,False,4,0
#ubuntu-it,2017-02-02,False,5,0
#ubuntu-it,2017-02-02,False,6,0
#ubuntu-it,2017-02-02,False,7,0
#ubuntu-it,2017-02-02,False,8,0
#ubuntu-it,2017-02-02,False,9,77
#ubuntu-it,2017-02-02,False,10,21
#ubuntu-it,2017-02-02,False,11,0
#ubuntu-it,2017-02-02,False,12,0
#ubuntu-it,2017-02-02,False,13,6
#ubuntu-it,2017-02-02,False,14,1
#ubuntu-it,2017-02-02,False,15,0
#ubuntu-it,2017-02-02,False,16,0
#ubuntu-it,2017-02-02,False,17,0
#ubuntu-it,2017-02-02,False,18,0
#ubuntu-it,2017-02-02,False,19,5
#ubuntu-it,2017-02-02,False,20,14
#ubuntu-it,2017-02-02,False,21,7
#ubuntu-it,2017-02-02,False,22,71
#ubuntu-it,2017-02-02,False,23,0
#ubuntu-it,2017-02-09,False,0,0
#ubuntu-it,2017-02-09,False,1,0
#ubuntu-it,2017-02-09,False,2,0
#ubuntu-it,2017-02-09,False,3,0
#ubuntu-it,2017-02-09,False,4,0
#ubuntu-it,2017-02-09,False,5,0
#ubuntu-it,2017-02-09,False,6,0
#ubuntu-it,2017-02-09,False,7,0
#ubuntu-it,2017-02-09,False,8,3
#ubuntu-it,2017-02-09,False,9,0
#ubuntu-it,2017-02-09,False,10,44
#ubuntu-it,2017-02-09,False,11,4
#ubuntu-it,2017-02-09,False,12,1
#ubuntu-it,2017-02-09,False,13,14
#ubuntu-it,2017-02-09,False,14,18
#ubuntu-it,2017-02-09,False,15,21
#ubuntu-it,2017-02-09,False,16,5
#ubuntu-it,2017-02-09,False,17,0
#ubuntu-it,2017-02-09,False,18,5
#ubuntu-it,2017-02-09,False,19,3
#ubuntu-it,2017-02-09,False,20,16
#ubuntu-it,2017-02-09,False,21,131
#ubuntu-it,2017-02-09,False,22,25
#ubuntu-it,2017-02-09,False,23,0
#ubuntu-it,2017-02-16,False,0,96
#ubuntu-it,2017-02-16,False,1,0
#ubuntu-it,2017-02-16,False,2,0
#ubuntu-it,2017-02-16,False,3,0
#ubuntu-it,2017-02-16,False,4,0
#ubuntu-it,2017-02-16,False,5,0
#ubuntu-it,2017-02-16,False,6,0
#ubuntu-it,2017-02-16,False,7,0
#ubuntu-it,2017-02-16,False,8,2
#ubuntu-it,2017-02-16,False,9,0
#ubuntu-it,2017-02-16,False,10,1
#ubuntu-it,2017-02-16,False,11,4
#ubuntu-it,2017-02-16,False,12,0
#ubuntu-it,2017-02-16,False,13,0
#ubuntu-it,2017-02-16,False,14,1
#ubuntu-it,2017-02-16,False,15,47
#ubuntu-it,2017-02-16,False,16,34
#ubuntu-it,2017-02-16,False,17,50
#ubuntu-it,2017-02-16,False,18,61
#ubuntu-it,2017-02-16,False,19,106
#ubuntu-it,2017-02-16,False,20,19
#ubuntu-it,2017-02-16,False,21,2
#ubuntu-it,2017-02-16,False,22,4
#ubuntu-it,2017-02-16,False,23,24
#ubuntu-it,2017-02-23,False,0,0
#ubuntu-it,2017-02-23,False,1,0
#ubuntu-it,2017-02-23,False,2,0
#ubuntu-it,2017-02-23,False,3,0
#ubuntu-it,2017-02-23,False,4,0
#ubuntu-it,2017-02-23,False,5,0
#ubuntu-it,2017-02-23,False,6,0
#ubuntu-it,2017-02-23,False,7,1
#ubuntu-it,2017-02-23,False,8,2
#ubuntu-it,2017-02-23,False,9,6
#ubuntu-it,2017-02-23,False,10,26
#ubuntu-it,2017-02-23,False,11,0
#ubuntu-it,2017-02-23,False,12,28
#ubuntu-it,2017-02-23,False,13,41
#ubuntu-it,2017-02-23,False,14,53
#ubuntu-it,2017-02-23,False,15,0
#ubuntu-it,2017-02-23,False,16,94
#ubuntu-it,2017-02-23,False,17,71
#ubuntu-it,2017-02-23,False,18,31
#ubuntu-it,2017-02-23,False,19,2
#ubuntu-it,2017-02-23,False,20,2
#ubuntu-it,2017-02-23,False,21,0
#ubuntu-it,2017-02-23,False,22,0
#ubuntu-it,2017-02-23,False,23,1
#ubuntu-it,2017-03-02,False,0,0
#ubuntu-it,2017-03-02,False,1,0
#ubuntu-it,2017-03-02,False,2,0
#ubuntu-it,2017-03-02,False,3,0
#ubuntu-it,2017-03-02,False,4,0
#ubuntu-it,2017-03-02,False,5,0
#ubuntu-it,2017-03-02,False,6,0
#ubuntu-it,2017-03-02,False,7,0
#ubuntu-it,2017-03-02,False,8,0
#ubuntu-it,2017-03-02,False,9,0
#ubuntu-it,2017-03-02,False,10,6
#ubuntu-it,2017-03-02,False,11,53
#ubuntu-it,2017-03-02,False,12,4
#ubuntu-it,2017-03-02,False,13,12
#ubuntu-it,2017-03-02,False,14,0
#ubuntu-it,2017-03-02,False,15,0
#ubuntu-it,2017-03-02,False,16,0
#ubuntu-it,2017-03-02,False,17,0
#ubuntu-it,2017-03-02,False,18,5
#ubuntu-it,2017-03-02,False,19,65
#ubuntu-it,2017-03-02,False,20,0
#ubuntu-it,2017-03-02,False,21,0
#ubuntu-it,2017-03-02,False,22,0
#ubuntu-it,2017-03-02,False,23,0
#ubuntu-it,2017-03-09,False,0,0
#ubuntu-it,2017-03-09,False,1,0
#ubuntu-it,2017-03-09,False,2,0
#ubuntu-it,2017-03-09,False,3,0
#ubuntu-it,2017-03-09,False,4,0
#ubuntu-it,2017-03-09,False,5,0
#ubuntu-it,2017-03-09,False,6,0
#ubuntu-it,2017-03-09,False,7,8
#ubuntu-it,2017-03-09,False,8,32
#ubuntu-it,2017-03-09,False,9,26
#ubuntu-it,2017-03-09,False,10,45
#ubuntu-it,2017-03-09,False,11,14
#ubuntu-it,2017-03-09,False,12,2
#ubuntu-it,2017-03-09,False,13,31
#ubuntu-it,2017-03-09,False,14,6
#ubuntu-it,2017-03-09,False,15,0
#ubuntu-it,2017-03-09,False,16,0
#ubuntu-it,2017-03-09,False,17,32
#ubuntu-it,2017-03-09,False,18,37
#ubuntu-it,2017-03-09,False,19,18
#ubuntu-it,2017-03-09,False,20,29
#ubuntu-it,2017-03-09,False,21,138
#ubuntu-it,2017-03-09,False,22,177
#ubuntu-it,2017-03-09,False,23,107
#ubuntu-it,2017-03-16,False,0,0
#ubuntu-it,2017-03-16,False,1,0
#ubuntu-it,2017-03-16,False,2,0
#ubuntu-it,2017-03-16,False,3,0
#ubuntu-it,2017-03-16,False,4,0
#ubuntu-it,2017-03-16,False,5,0
#ubuntu-it,2017-03-16,False,6,0
#ubuntu-it,2017-03-16,False,7,0
#ubuntu-it,2017-03-16,False,8,0
#ubuntu-it,2017-03-16,False,9,0
#ubuntu-it,2017-03-16,False,10,1
#ubuntu-it,2017-03-16,False,11,0
#ubuntu-it,2017-03-16,False,12,37
#ubuntu-it,2017-03-16,False,13,1
#ubuntu-it,2017-03-16,False,14,63
#ubuntu-it,2017-03-16,False,15,23
#ubuntu-it,2017-03-16,False,16,24
#ubuntu-it,2017-03-16,False,17,0
#ubuntu-it,2017-03-16,False,18,0
#ubuntu-it,2017-03-16,False,19,45
#ubuntu-it,2017-03-16,False,20,139
#ubuntu-it,2017-03-16,False,21,120
#ubuntu-it,2017-03-16,False,22,135
#ubuntu-it,2017-03-16,False,23,169
#ubuntu-it,2017-03-23,False,0,0
#ubuntu-it,2017-03-23,False,1,0
#ubuntu-it,2017-03-23,False,2,0
#ubuntu-it,2017-03-23,False,3,0
#ubuntu-it,2017-03-23,False,4,0
#ubuntu-it,2017-03-23,False,5,2
#ubuntu-it,2017-03-23,False,6,0
#ubuntu-it,2017-03-23,False,7,11
#ubuntu-it,2017-03-23,False,8,18
#ubuntu-it,2017-03-23,False,9,0
#ubuntu-it,2017-03-23,False,10,0
#ubuntu-it,2017-03-23,False,11,0
#ubuntu-it,2017-03-23,False,12,0
#ubuntu-it,2017-03-23,False,13,12
#ubuntu-it,2017-03-23,False,14,5
#ubuntu-it,2017-03-23,False,15,14
#ubuntu-it,2017-03-23,False,16,4
#ubuntu-it,2017-03-23,False,17,49
#ubuntu-it,2017-03-23,False,18,0
#ubuntu-it,2017-03-23,False,19,0
#ubuntu-it,2017-03-23,False,20,27
#ubuntu-it,2017-03-23,False,21,0
#ubuntu-it,2017-03-23,False,22,1
#ubuntu-it,2017-03-23,False,23,4
#ubuntu-it,2017-03-30,False,0,0
#ubuntu-it,2017-03-30,False,1,0
#ubuntu-it,2017-03-30,False,2,0
#ubuntu-it,2017-03-30,False,3,0
#ubuntu-it,2017-03-30,False,4,0
#ubuntu-it,2017-03-30,False,5,0
#ubuntu-it,2017-03-30,False,6,0
#ubuntu-it,2017-03-30,False,7,4
#ubuntu-it,2017-03-30,False,8,0
#ubuntu-it,2017-03-30,False,9,0
#ubuntu-it,2017-03-30,False,10,95
#ubuntu-it,2017-03-30,False,11,90
#ubuntu-it,2017-03-30,False,12,7
#ubuntu-it,2017-03-30,False,13,1
#ubuntu-it,2017-03-30,False,14,3
#ubuntu-it,2017-03-30,False,15,4
#ubuntu-it,2017-03-30,False,16,17
#ubuntu-it,2017-03-30,False,17,7
#ubuntu-it,2017-03-30,False,18,6
#ubuntu-it,2017-03-30,False,19,0
#ubuntu-it,2017-03-30,False,20,0
#ubuntu-it,2017-03-30,False,21,0
#ubuntu-it,2017-03-30,False,22,0
#ubuntu-it,2017-03-30,False,23,0
#ubuntu-it,2017-04-06,False,0,0
#ubuntu-it,2017-04-06,False,1,0
#ubuntu-it,2017-04-06,False,2,0
#ubuntu-it,2017-04-06,False,3,0
#ubuntu-it,2017-04-06,False,4,0
#ubuntu-it,2017-04-06,False,5,0
#ubuntu-it,2017-04-06,False,6,0
#ubuntu-it,2017-04-06,False,7,2
#ubuntu-it,2017-04-06,False,8,8
#ubuntu-it,2017-04-06,False,9,2
#ubuntu-it,2017-04-06,False,10,3
#ubuntu-it,2017-04-06,False,11,0
#ubuntu-it,2017-04-06,False,12,0
#ubuntu-it,2017-04-06,False,13,18
#ubuntu-it,2017-04-06,False,14,15
#ubuntu-it,2017-04-06,False,15,21
#ubuntu-it,2017-04-06,False,16,1
#ubuntu-it,2017-04-06,False,17,0
#ubuntu-it,2017-04-06,False,18,0
#ubuntu-it,2017-04-06,False,19,0
#ubuntu-it,2017-04-06,False,20,0
#ubuntu-it,2017-04-06,False,21,58
#ubuntu-it,2017-04-06,False,22,0
#ubuntu-it,2017-04-06,False,23,0
#ubuntu-it,2017-04-13,True,0,0
#ubuntu-it,2017-04-13,True,1,0
#ubuntu-it,2017-04-13,True,2,0
#ubuntu-it,2017-04-13,True,3,0
#ubuntu-it,2017-04-13,True,4,0
#ubuntu-it,2017-04-13,True,5,0
#ubuntu-it,2017-04-13,True,6,0
#ubuntu-it,2017-04-13,True,7,0
#ubuntu-it,2017-04-13,True,8,2
#ubuntu-it,2017-04-13,True,9,7
#ubuntu-it,2017-04-13,True,10,5
#ubuntu-it,2017-04-13,True,11,3
#ubuntu-it,2017-04-13,True,12,5
#ubuntu-it,2017-04-13,True,13,0
#ubuntu-it,2017-04-13,True,14,66
#ubuntu-it,2017-04-13,True,15,0
#ubuntu-it,2017-04-13,True,16,5
#ubuntu-it,2017-04-13,True,17,0
#ubuntu-it,2017-04-13,True,18,0
#ubuntu-it,2017-04-13,True,19,0
#ubuntu-it,2017-04-13,True,20,3
#ubuntu-it,2017-04-13,True,21,0
#ubuntu-it,2017-04-13,True,22,0
#ubuntu-it,2017-04-13,True,23,0
#ubuntu-it,2017-04-20,False,0,0
#ubuntu-it,2017-04-20,False,1,0
#ubuntu-it,2017-04-20,False,2,0
#ubuntu-it,2017-04-20,False,3,0
#ubuntu-it,2017-04-20,False,4,0
#ubuntu-it,2017-04-20,False,5,0
#ubuntu-it,2017-04-20,False,6,0
#ubuntu-it,2017-04-20,False,7,0
#ubuntu-it,2017-04-20,False,8,0
#ubuntu-it,2017-04-20,False,9,6
#ubuntu-it,2017-04-20,False,10,0
#ubuntu-it,2017-04-20,False,11,2
#ubuntu-it,2017-04-20,False,12,13
#ubuntu-it,2017-04-20,False,13,20
#ubuntu-it,2017-04-20,False,14,6
#ubuntu-it,2017-04-20,False,15,81
#ubuntu-it,2017-04-20,False,16,22
#ubuntu-it,2017-04-20,False,17,129
#ubuntu-it,2017-04-20,False,18,0
#ubuntu-it,2017-04-20,False,19,0
#ubuntu-it,2017-04-20,False,20,0
#ubuntu-it,2017-04-20,False,21,3
#ubuntu-it,2017-04-20,False,22,0
#ubuntu-it,2017-04-20,False,23,0
#ubuntu-it,2017-04-27,False,0,0
#ubuntu-it,2017-04-27,False,1,0
#ubuntu-it,2017-04-27,False,2,0
#ubuntu-it,2017-04-27,False,3,0
#ubuntu-it,2017-04-27,False,4,0
#ubuntu-it,2017-04-27,False,5,9
#ubuntu-it,2017-04-27,False,6,0
#ubuntu-it,2017-04-27,False,7,0
#ubuntu-it,2017-04-27,False,8,0
#ubuntu-it,2017-04-27,False,9,0
#ubuntu-it,2017-04-27,False,10,0
#ubuntu-it,2017-04-27,False,11,0
#ubuntu-it,2017-04-27,False,12,27
#ubuntu-it,2017-04-27,False,13,31
#ubuntu-it,2017-04-27,False,14,6
#ubuntu-it,2017-04-27,False,15,0
#ubuntu-it,2017-04-27,False,16,5
#ubuntu-it,2017-04-27,False,17,6
#ubuntu-it,2017-04-27,False,18,4
#ubuntu-it,2017-04-27,False,19,44
#ubuntu-it,2017-04-27,False,20,0
#ubuntu-it,2017-04-27,False,21,0
#ubuntu-it,2017-04-27,False,22,0
#ubuntu-it,2017-04-27,False,23,0
#ubuntu-it,2017-05-04,False,0,0
#ubuntu-it,2017-05-04,False,1,0
#ubuntu-it,2017-05-04,False,2,0
#ubuntu-it,2017-05-04,False,3,0
#ubuntu-it,2017-05-04,False,4,0
#ubuntu-it,2017-05-04,False,5,0
#ubuntu-it,2017-05-04,False,6,1
#ubuntu-it,2017-05-04,False,7,0
#ubuntu-it,2017-05-04,False,8,0
#ubuntu-it,2017-05-04,False,9,13
#ubuntu-it,2017-05-04,False,10,47
#ubuntu-it,2017-05-04,False,11,34
#ubuntu-it,2017-05-04,False,12,5
#ubuntu-it,2017-05-04,False,13,0
#ubuntu-it,2017-05-04,False,14,0
#ubuntu-it,2017-05-04,False,15,31
#ubuntu-it,2017-05-04,False,16,2
#ubuntu-it,2017-05-04,False,17,7
#ubuntu-it,2017-05-04,False,18,6
#ubuntu-it,2017-05-04,False,19,0
#ubuntu-it,2017-05-04,False,20,1
#ubuntu-it,2017-05-04,False,21,0
#ubuntu-it,2017-05-04,False,22,0
#ubuntu-it,2017-05-04,False,23,0
#ubuntu-it,2017-05-11,False,0,0
#ubuntu-it,2017-05-11,False,1,0
#ubuntu-it,2017-05-11,False,2,0
#ubuntu-it,2017-05-11,False,3,0
#ubuntu-it,2017-05-11,False,4,0
#ubuntu-it,2017-05-11,False,5,0
#ubuntu-it,2017-05-11,False,6,0
#ubuntu-it,2017-05-11,False,7,0
#ubuntu-it,2017-05-11,False,8,0
#ubuntu-it,2017-05-11,False,9,0
#ubuntu-it,2017-05-11,False,10,0
#ubuntu-it,2017-05-11,False,11,0
#ubuntu-it,2017-05-11,False,12,0
#ubuntu-it,2017-05-11,False,13,0
#ubuntu-it,2017-05-11,False,14,35
#ubuntu-it,2017-05-11,False,15,0
#ubuntu-it,2017-05-11,False,16,0
#ubuntu-it,2017-05-11,False,17,2
#ubuntu-it,2017-05-11,False,18,0
#ubuntu-it,2017-05-11,False,19,16
#ubuntu-it,2017-05-11,False,20,2
#ubuntu-it,2017-05-11,False,21,0
#ubuntu-it,2017-05-11,False,22,1
#ubuntu-it,2017-05-11,False,23,0
#ubuntu-it,2017-05-18,False,0,0
#ubuntu-it,2017-05-18,False,1,0
#ubuntu-it,2017-05-18,False,2,0
#ubuntu-it,2017-05-18,False,3,0
#ubuntu-it,2017-05-18,False,4,0
#ubuntu-it,2017-05-18,False,5,0
#ubuntu-it,2017-05-18,False,6,0
#ubuntu-it,2017-05-18,False,7,0
#ubuntu-it,2017-05-18,False,8,2
#ubuntu-it,2017-05-18,False,9,0
#ubuntu-it,2017-05-18,False,10,0
#ubuntu-it,2017-05-18,False,11,0
#ubuntu-it,2017-05-18,False,12,4
#ubuntu-it,2017-05-18,False,13,0
#ubuntu-it,2017-05-18,False,14,0
#ubuntu-it,2017-05-18,False,15,9
#ubuntu-it,2017-05-18,False,16,0
#ubuntu-it,2017-05-18,False,17,8
#ubuntu-it,2017-05-18,False,18,0
#ubuntu-it,2017-05-18,False,19,1
#ubuntu-it,2017-05-18,False,20,7
#ubuntu-it,2017-05-18,False,21,0
#ubuntu-it,2017-05-18,False,22,0
#ubuntu-it,2017-05-18,False,23,3
#ubuntu-it,2017-05-25,False,0,0
#ubuntu-it,2017-05-25,False,1,0
#ubuntu-it,2017-05-25,False,2,0
#ubuntu-it,2017-05-25,False,3,0
#ubuntu-it,2017-05-25,False,4,0
#ubuntu-it,2017-05-25,False,5,0
#ubuntu-it,2017-05-25,False,6,0
#ubuntu-it,2017-05-25,False,7,0
#ubuntu-it,2017-05-25,False,8,0
#ubuntu-it,2017-05-25,False,9,2
#ubuntu-it,2017-05-25,False,10,0
#ubuntu-it,2017-05-25,False,11,2
#ubuntu-it,2017-05-25,False,12,23
#ubuntu-it,2017-05-25,False,13,25
#ubuntu-it,2017-05-25,False,14,23
#ubuntu-it,2017-05-25,False,15,7
#ubuntu-it,2017-05-25,False,16,0
#ubuntu-it,2017-05-25,False,17,0
#ubuntu-it,2017-05-25,False,18,0
#ubuntu-it,2017-05-25,False,19,3
#ubuntu-it,2017-05-25,False,20,4
#ubuntu-it,2017-05-25,False,21,57
#ubuntu-it,2017-05-25,False,22,3
#ubuntu-it,2017-05-25,False,23,0
#ubuntu-it,2017-06-01,False,0,1
#ubuntu-it,2017-06-01,False,1,0
#ubuntu-it,2017-06-01,False,2,0
#ubuntu-it,2017-06-01,False,3,0
#ubuntu-it,2017-06-01,False,4,0
#ubuntu-it,2017-06-01,False,5,0
#ubuntu-it,2017-06-01,False,6,0
#ubuntu-it,2017-06-01,False,7,0
#ubuntu-it,2017-06-01,False,8,95
#ubuntu-it,2017-06-01,False,9,0
#ubuntu-it,2017-06-01,False,10,0
#ubuntu-it,2017-06-01,False,11,19
#ubuntu-it,2017-06-01,False,12,0
#ubuntu-it,2017-06-01,False,13,59
#ubuntu-it,2017-06-01,False,14,56
#ubuntu-it,2017-06-01,False,15,36
#ubuntu-it,2017-06-01,False,16,18
#ubuntu-it,2017-06-01,False,17,2
#ubuntu-it,2017-06-01,False,18,0
#ubuntu-it,2017-06-01,False,19,0
#ubuntu-it,2017-06-01,False,20,1
#ubuntu-it,2017-06-01,False,21,0
#ubuntu-it,2017-06-01,False,22,0
#ubuntu-it,2017-06-01,False,23,5
#ubuntu-it,2017-06-08,False,0,0
#ubuntu-it,2017-06-08,False,1,0
#ubuntu-it,2017-06-08,False,2,0
#ubuntu-it,2017-06-08,False,3,0
#ubuntu-it,2017-06-08,False,4,0
#ubuntu-it,2017-06-08,False,5,0
#ubuntu-it,2017-06-08,False,6,4
#ubuntu-it,2017-06-08,False,7,0
#ubuntu-it,2017-06-08,False,8,0
#ubuntu-it,2017-06-08,False,9,0
#ubuntu-it,2017-06-08,False,10,0
#ubuntu-it,2017-06-08,False,11,17
#ubuntu-it,2017-06-08,False,12,2
#ubuntu-it,2017-06-08,False,13,0
#ubuntu-it,2017-06-08,False,14,0
#ubuntu-it,2017-06-08,False,15,0
#ubuntu-it,2017-06-08,False,16,0
#ubuntu-it,2017-06-08,False,17,0
#ubuntu-it,2017-06-08,False,18,1
#ubuntu-it,2017-06-08,False,19,13
#ubuntu-it,2017-06-08,False,20,3
#ubuntu-it,2017-06-08,False,21,0
#ubuntu-it,2017-06-08,False,22,0
#ubuntu-it,2017-06-08,False,23,1
#ubuntu-it,2017-06-15,False,0,0
#ubuntu-it,2017-06-15,False,1,0
#ubuntu-it,2017-06-15,False,2,0
#ubuntu-it,2017-06-15,False,3,0
#ubuntu-it,2017-06-15,False,4,0
#ubuntu-it,2017-06-15,False,5,0
#ubuntu-it,2017-06-15,False,6,0
#ubuntu-it,2017-06-15,False,7,0
#ubuntu-it,2017-06-15,False,8,0
#ubuntu-it,2017-06-15,False,9,0
#ubuntu-it,2017-06-15,False,10,0
#ubuntu-it,2017-06-15,False,11,0
#ubuntu-it,2017-06-15,False,12,0
#ubuntu-it,2017-06-15,False,13,0
#ubuntu-it,2017-06-15,False,14,10
#ubuntu-it,2017-06-15,False,15,32
#ubuntu-it,2017-06-15,False,16,0
#ubuntu-it,2017-06-15,False,17,58
#ubuntu-it,2017-06-15,False,18,8
#ubuntu-it,2017-06-15,False,19,10
#ubuntu-it,2017-06-15,False,20,0
#ubuntu-it,2017-06-15,False,21,1
#ubuntu-it,2017-06-15,False,22,2
#ubuntu-it,2017-06-15,False,23,0
#ubuntu-it,2017-06-22,False,0,0
#ubuntu-it,2017-06-22,False,1,0
#ubuntu-it,2017-06-22,False,2,0
#ubuntu-it,2017-06-22,False,3,0
#ubuntu-it,2017-06-22,False,4,2
#ubuntu-it,2017-06-22,False,5,0
#ubuntu-it,2017-06-22,False,6,0
#ubuntu-it,2017-06-22,False,7,0
#ubuntu-it,2017-06-22,False,8,2
#ubuntu-it,2017-06-22,False,9,0
#ubuntu-it,2017-06-22,False,10,0
#ubuntu-it,2017-06-22,False,11,0
#ubuntu-it,2017-06-22,False,12,1
#ubuntu-it,2017-06-22,False,13,0
#ubuntu-it,2017-06-22,False,14,0
#ubuntu-it,2017-06-22,False,15,6
#ubuntu-it,2017-06-22,False,16,2
#ubuntu-it,2017-06-22,False,17,0
#ubuntu-it,2017-06-22,False,18,0
#ubuntu-it,2017-06-22,False,19,3
#ubuntu-it,2017-06-22,False,20,2
#ubuntu-it,2017-06-22,False,21,0
#ubuntu-it,2017-06-22,False,22,0
#ubuntu-it,2017-06-22,False,23,0
#ubuntu-it,2017-06-29,False,0,0
#ubuntu-it,2017-06-29,False,1,0
#ubuntu-it,2017-06-29,False,2,0
#ubuntu-it,2017-06-29,False,3,0
#ubuntu-it,2017-06-29,False,4,0
#ubuntu-it,2017-06-29,False,5,0
#ubuntu-it,2017-06-29,False,6,0
#ubuntu-it,2017-06-29,False,7,0
#ubuntu-it,2017-06-29,False,8,1
#ubuntu-it,2017-06-29,False,9,9
#ubuntu-it,2017-06-29,False,10,1
#ubuntu-it,2017-06-29,False,11,7
#ubuntu-it,2017-06-29,False,12,0
#ubuntu-it,2017-06-29,False,13,0
#ubuntu-it,2017-06-29,False,14,3
#ubuntu-it,2017-06-29,False,15,0
#ubuntu-it,2017-06-29,False,16,0
#ubuntu-it,2017-06-29,False,17,2
#ubuntu-it,2017-06-29,False,18,0
#ubuntu-it,2017-06-29,False,19,0
#ubuntu-it,2017-06-29,False,20,0
#ubuntu-it,2017-06-29,False,21,1
#ubuntu-it,2017-06-29,False,22,0
#ubuntu-it,2017-06-29,False,23,0
#ubuntu-it,2017-07-06,False,0,0
#ubuntu-it,2017-07-06,False,1,0
#ubuntu-it,2017-07-06,False,2,0
#ubuntu-it,2017-07-06,False,3,0
#ubuntu-it,2017-07-06,False,4,0
#ubuntu-it,2017-07-06,False,5,0
#ubuntu-it,2017-07-06,False,6,0
#ubuntu-it,2017-07-06,False,7,1
#ubuntu-it,2017-07-06,False,8,0
#ubuntu-it,2017-07-06,False,9,0
#ubuntu-it,2017-07-06,False,10,9
#ubuntu-it,2017-07-06,False,11,71
#ubuntu-it,2017-07-06,False,12,15
#ubuntu-it,2017-07-06,False,13,71
#ubuntu-it,2017-07-06,False,14,20
#ubuntu-it,2017-07-06,False,15,9
#ubuntu-it,2017-07-06,False,16,1
#ubuntu-it,2017-07-06,False,17,10
#ubuntu-it,2017-07-06,False,18,19
#ubuntu-it,2017-07-06,False,19,0
#ubuntu-it,2017-07-06,False,20,0
#ubuntu-it,2017-07-06,False,21,0
#ubuntu-it,2017-07-06,False,22,0
#ubuntu-it,2017-07-06,False,23,0
#ubuntu-it,2017-07-13,False,0,0
#ubuntu-it,2017-07-13,False,1,0
#ubuntu-it,2017-07-13,False,2,0
#ubuntu-it,2017-07-13,False,3,0
#ubuntu-it,2017-07-13,False,4,0
#ubuntu-it,2017-07-13,False,5,0
#ubuntu-it,2017-07-13,False,6,1
#ubuntu-it,2017-07-13,False,7,0
#ubuntu-it,2017-07-13,False,8,0
#ubuntu-it,2017-07-13,False,9,0
#ubuntu-it,2017-07-13,False,10,0
#ubuntu-it,2017-07-13,False,11,8
#ubuntu-it,2017-07-13,False,12,0
#ubuntu-it,2017-07-13,False,13,0
#ubuntu-it,2017-07-13,False,14,0
#ubuntu-it,2017-07-13,False,15,0
#ubuntu-it,2017-07-13,False,16,0
#ubuntu-it,2017-07-13,False,17,0
#ubuntu-it,2017-07-13,False,18,1
#ubuntu-it,2017-07-13,False,19,0
#ubuntu-it,2017-07-13,False,20,0
#ubuntu-it,2017-07-13,False,21,0
#ubuntu-it,2017-07-13,False,22,0
#ubuntu-it,2017-07-13,False,23,0
#ubuntu-it,2017-07-20,False,0,0
#ubuntu-it,2017-07-20,False,1,0
#ubuntu-it,2017-07-20,False,2,0
#ubuntu-it,2017-07-20,False,3,0
#ubuntu-it,2017-07-20,False,4,0
#ubuntu-it,2017-07-20,False,5,0
#ubuntu-it,2017-07-20,False,6,0
#ubuntu-it,2017-07-20,False,7,0
#ubuntu-it,2017-07-20,False,8,0
#ubuntu-it,2017-07-20,False,9,0
#ubuntu-it,2017-07-20,False,10,3
#ubuntu-it,2017-07-20,False,11,4
#ubuntu-it,2017-07-20,False,12,0
#ubuntu-it,2017-07-20,False,13,0
#ubuntu-it,2017-07-20,False,14,0
#ubuntu-it,2017-07-20,False,15,5
#ubuntu-it,2017-07-20,False,16,0
#ubuntu-it,2017-07-20,False,17,1
#ubuntu-it,2017-07-20,False,18,0
#ubuntu-it,2017-07-20,False,19,0
#ubuntu-it,2017-07-20,False,20,0
#ubuntu-it,2017-07-20,False,21,0
#ubuntu-it,2017-07-20,False,22,0
#ubuntu-it,2017-07-20,False,23,0
#ubuntu-it,2017-07-27,False,0,0
#ubuntu-it,2017-07-27,False,1,0
#ubuntu-it,2017-07-27,False,2,0
#ubuntu-it,2017-07-27,False,3,0
#ubuntu-it,2017-07-27,False,4,0
#ubuntu-it,2017-07-27,False,5,0
#ubuntu-it,2017-07-27,False,6,0
#ubuntu-it,2017-07-27,False,7,0
#ubuntu-it,2017-07-27,False,8,30
#ubuntu-it,2017-07-27,False,9,0
#ubuntu-it,2017-07-27,False,10,0
#ubuntu-it,2017-07-27,False,11,16
#ubuntu-it,2017-07-27,False,12,27
#ubuntu-it,2017-07-27,False,13,0
#ubuntu-it,2017-07-27,False,14,5
#ubuntu-it,2017-07-27,False,15,7
#ubuntu-it,2017-07-27,False,16,0
#ubuntu-it,2017-07-27,False,17,4
#ubuntu-it,2017-07-27,False,18,0
#ubuntu-it,2017-07-27,False,19,5
#ubuntu-it,2017-07-27,False,20,0
#ubuntu-it,2017-07-27,False,21,1
#ubuntu-it,2017-07-27,False,22,0
#ubuntu-it,2017-07-27,False,23,0
#ubuntu-it,2017-08-03,False,0,0
#ubuntu-it,2017-08-03,False,1,0
#ubuntu-it,2017-08-03,False,2,0
#ubuntu-it,2017-08-03,False,3,0
#ubuntu-it,2017-08-03,False,4,0
#ubuntu-it,2017-08-03,False,5,0
#ubuntu-it,2017-08-03,False,6,0
#ubuntu-it,2017-08-03,False,7,3
#ubuntu-it,2017-08-03,False,8,8
#ubuntu-it,2017-08-03,False,9,55
#ubuntu-it,2017-08-03,False,10,42
#ubuntu-it,2017-08-03,False,11,0
#ubuntu-it,2017-08-03,False,12,33
#ubuntu-it,2017-08-03,False,13,3
#ubuntu-it,2017-08-03,False,14,54
#ubuntu-it,2017-08-03,False,15,1
#ubuntu-it,2017-08-03,False,16,0
#ubuntu-it,2017-08-03,False,17,0
#ubuntu-it,2017-08-03,False,18,0
#ubuntu-it,2017-08-03,False,19,0
#ubuntu-it,2017-08-03,False,20,0
#ubuntu-it,2017-08-03,False,21,3
#ubuntu-it,2017-08-03,False,22,0
#ubuntu-it,2017-08-03,False,23,0
#ubuntu-it,2017-08-10,False,0,0
#ubuntu-it,2017-08-10,False,1,0
#ubuntu-it,2017-08-10,False,2,0
#ubuntu-it,2017-08-10,False,3,0
#ubuntu-it,2017-08-10,False,4,0
#ubuntu-it,2017-08-10,False,5,0
#ubuntu-it,2017-08-10,False,6,0
#ubuntu-it,2017-08-10,False,7,0
#ubuntu-it,2017-08-10,False,8,3
#ubuntu-it,2017-08-10,False,9,0
#ubuntu-it,2017-08-10,False,10,0
#ubuntu-it,2017-08-10,False,11,21
#ubuntu-it,2017-08-10,False,12,10
#ubuntu-it,2017-08-10,False,13,18
#ubuntu-it,2017-08-10,False,14,2
#ubuntu-it,2017-08-10,False,15,6
#ubuntu-it,2017-08-10,False,16,0
#ubuntu-it,2017-08-10,False,17,0
#ubuntu-it,2017-08-10,False,18,0
#ubuntu-it,2017-08-10,False,19,0
#ubuntu-it,2017-08-10,False,20,0
#ubuntu-it,2017-08-10,False,21,0
#ubuntu-it,2017-08-10,False,22,0
#ubuntu-it,2017-08-10,False,23,0
#ubuntu-it,2017-08-24,False,0,0
#ubuntu-it,2017-08-24,False,1,0
#ubuntu-it,2017-08-24,False,2,0
#ubuntu-it,2017-08-24,False,3,0
#ubuntu-it,2017-08-24,False,4,0
#ubuntu-it,2017-08-24,False,5,0
#ubuntu-it,2017-08-24,False,6,0
#ubuntu-it,2017-08-24,False,7,0
#ubuntu-it,2017-08-24,False,8,0
#ubuntu-it,2017-08-24,False,9,0
#ubuntu-it,2017-08-24,False,10,0
#ubuntu-it,2017-08-24,False,11,0
#ubuntu-it,2017-08-24,False,12,0
#ubuntu-it,2017-08-24,False,13,0
#ubuntu-it,2017-08-24,False,14,8
#ubuntu-it,2017-08-24,False,15,15
#ubuntu-it,2017-08-24,False,16,0
#ubuntu-it,2017-08-24,False,17,2
#ubuntu-it,2017-08-24,False,18,2
#ubuntu-it,2017-08-24,False,19,0
#ubuntu-it,2017-08-24,False,20,0
#ubuntu-it,2017-08-24,False,21,0
#ubuntu-it,2017-08-24,False,22,0
#ubuntu-it,2017-08-24,False,23,0
#ubuntu-it,2017-08-31,False,0,0
#ubuntu-it,2017-08-31,False,1,0
#ubuntu-it,2017-08-31,False,2,0
#ubuntu-it,2017-08-31,False,3,0
#ubuntu-it,2017-08-31,False,4,0
#ubuntu-it,2017-08-31,False,5,0
#ubuntu-it,2017-08-31,False,6,0
#ubuntu-it,2017-08-31,False,7,1
#ubuntu-it,2017-08-31,False,8,38
#ubuntu-it,2017-08-31,False,9,55
#ubuntu-it,2017-08-31,False,10,0
#ubuntu-it,2017-08-31,False,11,0
#ubuntu-it,2017-08-31,False,12,0
#ubuntu-it,2017-08-31,False,13,0
#ubuntu-it,2017-08-31,False,14,2
#ubuntu-it,2017-08-31,False,15,6
#ubuntu-it,2017-08-31,False,16,1
#ubuntu-it,2017-08-31,False,17,0
#ubuntu-it,2017-08-31,False,18,0
#ubuntu-it,2017-08-31,False,19,0
#ubuntu-it,2017-08-31,False,20,0
#ubuntu-it,2017-08-31,False,21,0
#ubuntu-it,2017-08-31,False,22,0
#ubuntu-it,2017-08-31,False,23,0
#ubuntu-it,2017-09-07,False,0,0
#ubuntu-it,2017-09-07,False,1,0
#ubuntu-it,2017-09-07,False,2,0
#ubuntu-it,2017-09-07,False,3,0
#ubuntu-it,2017-09-07,False,4,0
#ubuntu-it,2017-09-07,False,5,0
#ubuntu-it,2017-09-07,False,6,0
#ubuntu-it,2017-09-07,False,7,14
#ubuntu-it,2017-09-07,False,8,22
#ubuntu-it,2017-09-07,False,9,48
#ubuntu-it,2017-09-07,False,10,38
#ubuntu-it,2017-09-07,False,11,1
#ubuntu-it,2017-09-07,False,12,1
#ubuntu-it,2017-09-07,False,13,12
#ubuntu-it,2017-09-07,False,14,0
#ubuntu-it,2017-09-07,False,15,0
#ubuntu-it,2017-09-07,False,16,1
#ubuntu-it,2017-09-07,False,17,0
#ubuntu-it,2017-09-07,False,18,2
#ubuntu-it,2017-09-07,False,19,1
#ubuntu-it,2017-09-07,False,20,4
#ubuntu-it,2017-09-07,False,21,37
#ubuntu-it,2017-09-07,False,22,136
#ubuntu-it,2017-09-07,False,23,8
#ubuntu-it,2017-09-14,False,0,0
#ubuntu-it,2017-09-14,False,1,0
#ubuntu-it,2017-09-14,False,2,0
#ubuntu-it,2017-09-14,False,3,0
#ubuntu-it,2017-09-14,False,4,0
#ubuntu-it,2017-09-14,False,5,0
#ubuntu-it,2017-09-14,False,6,0
#ubuntu-it,2017-09-14,False,7,0
#ubuntu-it,2017-09-14,False,8,0
#ubuntu-it,2017-09-14,False,9,0
#ubuntu-it,2017-09-14,False,10,0
#ubuntu-it,2017-09-14,False,11,0
#ubuntu-it,2017-09-14,False,12,0
#ubuntu-it,2017-09-14,False,13,0
#ubuntu-it,2017-09-14,False,14,0
#ubuntu-it,2017-09-14,False,15,0
#ubuntu-it,2017-09-14,False,16,19
#ubuntu-it,2017-09-14,False,17,0
#ubuntu-it,2017-09-14,False,18,3
#ubuntu-it,2017-09-14,False,19,1
#ubuntu-it,2017-09-14,False,20,1
#ubuntu-it,2017-09-14,False,21,0
#ubuntu-it,2017-09-14,False,22,0
#ubuntu-it,2017-09-14,False,23,0
#ubuntu-it,2017-09-21,False,0,0
#ubuntu-it,2017-09-21,False,1,0
#ubuntu-it,2017-09-21,False,2,0
#ubuntu-it,2017-09-21,False,3,0
#ubuntu-it,2017-09-21,False,4,1
#ubuntu-it,2017-09-21,False,5,0
#ubuntu-it,2017-09-21,False,6,0
#ubuntu-it,2017-09-21,False,7,0
#ubuntu-it,2017-09-21,False,8,0
#ubuntu-it,2017-09-21,False,9,0
#ubuntu-it,2017-09-21,False,10,0
#ubuntu-it,2017-09-21,False,11,13
#ubuntu-it,2017-09-21,False,12,31
#ubuntu-it,2017-09-21,False,13,15
#ubuntu-it,2017-09-21,False,14,15
#ubuntu-it,2017-09-21,False,15,14
#ubuntu-it,2017-09-21,False,16,22
#ubuntu-it,2017-09-21,False,17,59
#ubuntu-it,2017-09-21,False,18,146
#ubuntu-it,2017-09-21,False,19,125
#ubuntu-it,2017-09-21,False,20,113
#ubuntu-it,2017-09-21,False,21,22
#ubuntu-it,2017-09-21,False,22,0
#ubuntu-it,2017-09-21,False,23,0
#ubuntu-it,2017-09-28,False,0,0
#ubuntu-it,2017-09-28,False,1,0
#ubuntu-it,2017-09-28,False,2,0
#ubuntu-it,2017-09-28,False,3,0
#ubuntu-it,2017-09-28,False,4,0
#ubuntu-it,2017-09-28,False,5,0
#ubuntu-it,2017-09-28,False,6,0
#ubuntu-it,2017-09-28,False,7,0
#ubuntu-it,2017-09-28,False,8,2
#ubuntu-it,2017-09-28,False,9,3
#ubuntu-it,2017-09-28,False,10,21
#ubuntu-it,2017-09-28,False,11,0
#ubuntu-it,2017-09-28,False,12,9
#ubuntu-it,2017-09-28,False,13,98
#ubuntu-it,2017-09-28,False,14,99
#ubuntu-it,2017-09-28,False,15,0
#ubuntu-it,2017-09-28,False,16,3
#ubuntu-it,2017-09-28,False,17,2
#ubuntu-it,2017-09-28,False,18,1
#ubuntu-it,2017-09-28,False,19,33
#ubuntu-it,2017-09-28,False,20,9
#ubuntu-it,2017-09-28,False,21,0
#ubuntu-it,2017-09-28,False,22,0
#ubuntu-it,2017-09-28,False,23,0
#ubuntu-it,2017-10-05,False,0,0
#ubuntu-it,2017-10-05,False,1,0
#ubuntu-it,2017-10-05,False,2,0
#ubuntu-it,2017-10-05,False,3,0
#ubuntu-it,2017-10-05,False,4,0
#ubuntu-it,2017-10-05,False,5,0
#ubuntu-it,2017-10-05,False,6,0
#ubuntu-it,2017-10-05,False,7,0
#ubuntu-it,2017-10-05,False,8,0
#ubuntu-it,2017-10-05,False,9,0
#ubuntu-it,2017-10-05,False,10,0
#ubuntu-it,2017-10-05,False,11,51
#ubuntu-it,2017-10-05,False,12,23
#ubuntu-it,2017-10-05,False,13,22
#ubuntu-it,2017-10-05,False,14,35
#ubuntu-it,2017-10-05,False,15,20
#ubuntu-it,2017-10-05,False,16,57
#ubuntu-it,2017-10-05,False,17,4
#ubuntu-it,2017-10-05,False,18,0
#ubuntu-it,2017-10-05,False,19,0
#ubuntu-it,2017-10-05,False,20,46
#ubuntu-it,2017-10-05,False,21,0
#ubuntu-it,2017-10-05,False,22,0
#ubuntu-it,2017-10-05,False,23,0
#ubuntu-it,2017-10-12,False,0,0
#ubuntu-it,2017-10-12,False,1,0
#ubuntu-it,2017-10-12,False,2,0
#ubuntu-it,2017-10-12,False,3,0
#ubuntu-it,2017-10-12,False,4,0
#ubuntu-it,2017-10-12,False,5,0
#ubuntu-it,2017-10-12,False,6,0
#ubuntu-it,2017-10-12,False,7,13
#ubuntu-it,2017-10-12,False,8,24
#ubuntu-it,2017-10-12,False,9,32
#ubuntu-it,2017-10-12,False,10,4
#ubuntu-it,2017-10-12,False,11,0
#ubuntu-it,2017-10-12,False,12,0
#ubuntu-it,2017-10-12,False,13,0
#ubuntu-it,2017-10-12,False,14,0
#ubuntu-it,2017-10-12,False,15,6
#ubuntu-it,2017-10-12,False,16,4
#ubuntu-it,2017-10-12,False,17,2
#ubuntu-it,2017-10-12,False,18,18
#ubuntu-it,2017-10-12,False,19,33
#ubuntu-it,2017-10-12,False,20,0
#ubuntu-it,2017-10-12,False,21,0
#ubuntu-it,2017-10-12,False,22,0
#ubuntu-it,2017-10-12,False,23,0
#ubuntu-it,2017-10-19,True,0,0
#ubuntu-it,2017-10-19,True,1,0
#ubuntu-it,2017-10-19,True,2,0
#ubuntu-it,2017-10-19,True,3,0
#ubuntu-it,2017-10-19,True,4,0
#ubuntu-it,2017-10-19,True,5,0
#ubuntu-it,2017-10-19,True,6,2
#ubuntu-it,2017-10-19,True,7,12
#ubuntu-it,2017-10-19,True,8,0
#ubuntu-it,2017-10-19,True,9,0
#ubuntu-it,2017-10-19,True,10,0
#ubuntu-it,2017-10-19,True,11,62
#ubuntu-it,2017-10-19,True,12,66
#ubuntu-it,2017-10-19,True,13,4
#ubuntu-it,2017-10-19,True,14,140
#ubuntu-it,2017-10-19,True,15,29
#ubuntu-it,2017-10-19,True,16,11
#ubuntu-it,2017-10-19,True,17,0
#ubuntu-it,2017-10-19,True,18,0
#ubuntu-it,2017-10-19,True,19,0
#ubuntu-it,2017-10-19,True,20,46
#ubuntu-it,2017-10-19,True,21,3
#ubuntu-it,2017-10-19,True,22,1
#ubuntu-it,2017-10-19,True,23,0
#ubuntu-it,2017-10-26,False,0,0
#ubuntu-it,2017-10-26,False,1,0
#ubuntu-it,2017-10-26,False,2,0
#ubuntu-it,2017-10-26,False,3,0
#ubuntu-it,2017-10-26,False,4,0
#ubuntu-it,2017-10-26,False,5,0
#ubuntu-it,2017-10-26,False,6,0
#ubuntu-it,2017-10-26,False,7,15
#ubuntu-it,2017-10-26,False,8,32
#ubuntu-it,2017-10-26,False,9,4
#ubuntu-it,2017-10-26,False,10,0
#ubuntu-it,2017-10-26,False,11,9
#ubuntu-it,2017-10-26,False,12,5
#ubuntu-it,2017-10-26,False,13,2
#ubuntu-it,2017-10-26,False,14,0
#ubuntu-it,2017-10-26,False,15,0
#ubuntu-it,2017-10-26,False,16,0
#ubuntu-it,2017-10-26,False,17,0
#ubuntu-it,2017-10-26,False,18,0
#ubuntu-it,2017-10-26,False,19,0
#ubuntu-it,2017-10-26,False,20,0
#ubuntu-it,2017-10-26,False,21,0
#ubuntu-it,2017-10-26,False,22,0
#ubuntu-it,2017-10-26,False,23,0
#ubuntu-it,2017-11-02,False,0,2
#ubuntu-it,2017-11-02,False,1,0
#ubuntu-it,2017-11-02,False,2,0
#ubuntu-it,2017-11-02,False,3,0
#ubuntu-it,2017-11-02,False,4,0
#ubuntu-it,2017-11-02,False,5,0
#ubuntu-it,2017-11-02,False,6,0
#ubuntu-it,2017-11-02,False,7,0
#ubuntu-it,2017-11-02,False,8,0
#ubuntu-it,2017-11-02,False,9,20
#ubuntu-it,2017-11-02,False,10,0
#ubuntu-it,2017-11-02,False,11,13
#ubuntu-it,2017-11-02,False,12,31
#ubuntu-it,2017-11-02,False,13,1
#ubuntu-it,2017-11-02,False,14,26
#ubuntu-it,2017-11-02,False,15,14
#ubuntu-it,2017-11-02,False,16,0
#ubuntu-it,2017-11-02,False,17,39
#ubuntu-it,2017-11-02,False,18,1
#ubuntu-it,2017-11-02,False,19,15
#ubuntu-it,2017-11-02,False,20,2
#ubuntu-it,2017-11-02,False,21,3
#ubuntu-it,2017-11-02,False,22,0
#ubuntu-it,2017-11-02,False,23,0
#ubuntu-it,2017-11-09,False,0,0
#ubuntu-it,2017-11-09,False,1,0
#ubuntu-it,2017-11-09,False,2,0
#ubuntu-it,2017-11-09,False,3,0
#ubuntu-it,2017-11-09,False,4,0
#ubuntu-it,2017-11-09,False,5,5
#ubuntu-it,2017-11-09,False,6,3
#ubuntu-it,2017-11-09,False,7,0
#ubuntu-it,2017-11-09,False,8,3
#ubuntu-it,2017-11-09,False,9,17
#ubuntu-it,2017-11-09,False,10,0
#ubuntu-it,2017-11-09,False,11,2
#ubuntu-it,2017-11-09,False,12,17
#ubuntu-it,2017-11-09,False,13,48
#ubuntu-it,2017-11-09,False,14,3
#ubuntu-it,2017-11-09,False,15,26
#ubuntu-it,2017-11-09,False,16,42
#ubuntu-it,2017-11-09,False,17,26
#ubuntu-it,2017-11-09,False,18,63
#ubuntu-it,2017-11-09,False,19,132
#ubuntu-it,2017-11-09,False,20,63
#ubuntu-it,2017-11-09,False,21,0
#ubuntu-it,2017-11-09,False,22,0
#ubuntu-it,2017-11-09,False,23,0
#ubuntu-it,2017-11-16,False,0,0
#ubuntu-it,2017-11-16,False,1,0
#ubuntu-it,2017-11-16,False,2,0
#ubuntu-it,2017-11-16,False,3,0
#ubuntu-it,2017-11-16,False,4,0
#ubuntu-it,2017-11-16,False,5,0
#ubuntu-it,2017-11-16,False,6,0
#ubuntu-it,2017-11-16,False,7,0
#ubuntu-it,2017-11-16,False,8,0
#ubuntu-it,2017-11-16,False,9,11
#ubuntu-it,2017-11-16,False,10,3
#ubuntu-it,2017-11-16,False,11,12
#ubuntu-it,2017-11-16,False,12,19
#ubuntu-it,2017-11-16,False,13,1
#ubuntu-it,2017-11-16,False,14,0
#ubuntu-it,2017-11-16,False,15,23
#ubuntu-it,2017-11-16,False,16,2
#ubuntu-it,2017-11-16,False,17,2
#ubuntu-it,2017-11-16,False,18,6
#ubuntu-it,2017-11-16,False,19,12
#ubuntu-it,2017-11-16,False,20,28
#ubuntu-it,2017-11-16,False,21,0
#ubuntu-it,2017-11-16,False,22,0
#ubuntu-it,2017-11-16,False,23,0
#ubuntu-it,2017-11-23,False,0,0
#ubuntu-it,2017-11-23,False,1,0
#ubuntu-it,2017-11-23,False,2,0
#ubuntu-it,2017-11-23,False,3,0
#ubuntu-it,2017-11-23,False,4,0
#ubuntu-it,2017-11-23,False,5,0
#ubuntu-it,2017-11-23,False,6,0
#ubuntu-it,2017-11-23,False,7,4
#ubuntu-it,2017-11-23,False,8,0
#ubuntu-it,2017-11-23,False,9,0
#ubuntu-it,2017-11-23,False,10,30
#ubuntu-it,2017-11-23,False,11,7
#ubuntu-it,2017-11-23,False,12,2
#ubuntu-it,2017-11-23,False,13,0
#ubuntu-it,2017-11-23,False,14,0
#ubuntu-it,2017-11-23,False,15,8
#ubuntu-it,2017-11-23,False,16,7
#ubuntu-it,2017-11-23,False,17,15
#ubuntu-it,2017-11-23,False,18,3
#ubuntu-it,2017-11-23,False,19,0
#ubuntu-it,2017-11-23,False,20,0
#ubuntu-it,2017-11-23,False,21,0
#ubuntu-it,2017-11-23,False,22,0
#ubuntu-it,2017-11-23,False,23,0
#ubuntu-it,2017-11-30,False,0,0
#ubuntu-it,2017-11-30,False,1,0
#ubuntu-it,2017-11-30,False,2,0
#ubuntu-it,2017-11-30,False,3,0
#ubuntu-it,2017-11-30,False,4,0
#ubuntu-it,2017-11-30,False,5,0
#ubuntu-it,2017-11-30,False,6,0
#ubuntu-it,2017-11-30,False,7,0
#ubuntu-it,2017-11-30,False,8,0
#ubuntu-it,2017-11-30,False,9,0
#ubuntu-it,2017-11-30,False,10,0
#ubuntu-it,2017-11-30,False,11,0
#ubuntu-it,2017-11-30,False,12,0
#ubuntu-it,2017-11-30,False,13,0
#ubuntu-it,2017-11-30,False,14,0
#ubuntu-it,2017-11-30,False,15,29
#ubuntu-it,2017-11-30,False,16,25
#ubuntu-it,2017-11-30,False,17,0
#ubuntu-it,2017-11-30,False,18,4
#ubuntu-it,2017-11-30,False,19,39
#ubuntu-it,2017-11-30,False,20,0
#ubuntu-it,2017-11-30,False,21,0
#ubuntu-it,2017-11-30,False,22,0
#ubuntu-it,2017-11-30,False,23,14
#ubuntu-it,2017-12-07,False,0,0
#ubuntu-it,2017-12-07,False,1,0
#ubuntu-it,2017-12-07,False,2,0
#ubuntu-it,2017-12-07,False,3,0
#ubuntu-it,2017-12-07,False,4,0
#ubuntu-it,2017-12-07,False,5,0
#ubuntu-it,2017-12-07,False,6,0
#ubuntu-it,2017-12-07,False,7,0
#ubuntu-it,2017-12-07,False,8,0
#ubuntu-it,2017-12-07,False,9,0
#ubuntu-it,2017-12-07,False,10,0
#ubuntu-it,2017-12-07,False,11,11
#ubuntu-it,2017-12-07,False,12,85
#ubuntu-it,2017-12-07,False,13,68
#ubuntu-it,2017-12-07,False,14,7
#ubuntu-it,2017-12-07,False,15,60
#ubuntu-it,2017-12-07,False,16,18
#ubuntu-it,2017-12-07,False,17,16
#ubuntu-it,2017-12-07,False,18,8
#ubuntu-it,2017-12-07,False,19,1
#ubuntu-it,2017-12-07,False,20,1
#ubuntu-it,2017-12-07,False,21,7
#ubuntu-it,2017-12-07,False,22,0
#ubuntu-it,2017-12-07,False,23,11
#ubuntu-it,2017-12-14,False,0,0
#ubuntu-it,2017-12-14,False,1,0
#ubuntu-it,2017-12-14,False,2,0
#ubuntu-it,2017-12-14,False,3,0
#ubuntu-it,2017-12-14,False,4,0
#ubuntu-it,2017-12-14,False,5,0
#ubuntu-it,2017-12-14,False,6,0
#ubuntu-it,2017-12-14,False,7,0
#ubuntu-it,2017-12-14,False,8,31
#ubuntu-it,2017-12-14,False,9,97
#ubuntu-it,2017-12-14,False,10,105
#ubuntu-it,2017-12-14,False,11,2
#ubuntu-it,2017-12-14,False,12,0
#ubuntu-it,2017-12-14,False,13,2
#ubuntu-it,2017-12-14,False,14,9
#ubuntu-it,2017-12-14,False,15,52
#ubuntu-it,2017-12-14,False,16,1
#ubuntu-it,2017-12-14,False,17,0
#ubuntu-it,2017-12-14,False,18,0
#ubuntu-it,2017-12-14,False,19,1
#ubuntu-it,2017-12-14,False,20,10
#ubuntu-it,2017-12-14,False,21,14
#ubuntu-it,2017-12-14,False,22,9
#ubuntu-it,2017-12-14,False,23,0
#ubuntu-it,2017-12-21,False,0,0
#ubuntu-it,2017-12-21,False,1,0
#ubuntu-it,2017-12-21,False,2,0
#ubuntu-it,2017-12-21,False,3,0
#ubuntu-it,2017-12-21,False,4,0
#ubuntu-it,2017-12-21,False,5,0
#ubuntu-it,2017-12-21,False,6,0
#ubuntu-it,2017-12-21,False,7,0
#ubuntu-it,2017-12-21,False,8,0
#ubuntu-it,2017-12-21,False,9,1
#ubuntu-it,2017-12-21,False,10,21
#ubuntu-it,2017-12-21,False,11,1
#ubuntu-it,2017-12-21,False,12,19
#ubuntu-it,2017-12-21,False,13,0
#ubuntu-it,2017-12-21,False,14,11
#ubuntu-it,2017-12-21,False,15,19
#ubuntu-it,2017-12-21,False,16,45
#ubuntu-it,2017-12-21,False,17,0
#ubuntu-it,2017-12-21,False,18,2
#ubuntu-it,2017-12-21,False,19,1
#ubuntu-it,2017-12-21,False,20,43
#ubuntu-it,2017-12-21,False,21,6
#ubuntu-it,2017-12-21,False,22,0
#ubuntu-it,2017-12-21,False,23,31
#ubuntu-it,2017-12-28,False,0,0
#ubuntu-it,2017-12-28,False,1,0
#ubuntu-it,2017-12-28,False,2,0
#ubuntu-it,2017-12-28,False,3,0
#ubuntu-it,2017-12-28,False,4,0
#ubuntu-it,2017-12-28,False,5,0
#ubuntu-it,2017-12-28,False,6,0
#ubuntu-it,2017-12-28,False,7,0
#ubuntu-it,2017-12-28,False,8,0
#ubuntu-it,2017-12-28,False,9,0
#ubuntu-it,2017-12-28,False,10,0
#ubuntu-it,2017-12-28,False,11,0
#ubuntu-it,2017-12-28,False,12,0
#ubuntu-it,2017-12-28,False,13,0
#ubuntu-it,2017-12-28,False,14,0
#ubuntu-it,2017-12-28,False,15,0
#ubuntu-it,2017-12-28,False,16,6
#ubuntu-it,2017-12-28,False,17,4
#ubuntu-it,2017-12-28,False,18,1
#ubuntu-it,2017-12-28,False,19,0
#ubuntu-it,2017-12-28,False,20,0
#ubuntu-it,2017-12-28,False,21,0
#ubuntu-it,2017-12-28,False,22,0
#ubuntu-it,2017-12-28,False,23,4
